Keyword,Furious_Frequency,Other_Frequency,Log_Odds
سرخوردگی,19,0,8.0112
کوچی,18,0,7.9572
خرخره,11,0,7.465
زیات,11,0,7.465
احمقان,10,0,7.3698
جدیست,9,0,7.2645
خامشی,9,0,7.2645
لانگ,9,0,7.2645
مسلخ,9,0,7.2645
قمار,9,0,7.2645
اخلی,9,0,7.2645
مپرس,8,0,7.1469
بیز,8,0,7.1469
شول,8,0,7.1469
وخیمه,8,0,7.1469
بدبخته,8,0,7.1469
لشکرشکن,8,0,7.1469
میتازد,7,0,7.0135
نیمرو,7,0,7.0135
وها,7,0,7.0135
فرابگیرد,7,0,7.0135
قهبه,7,0,7.0135
مقصریم,7,0,7.0135
غنمو,7,0,7.0135
لگن,7,0,7.0135
شهرش,7,0,7.0135
چفت,7,0,7.0135
بقران,7,0,7.0135
خند,7,0,7.0135
راشی,6,0,6.8596
رخوت,6,0,6.8596
وغن,6,0,6.8596
سرحد,6,0,6.8596
اسپ,6,0,6.8596
هادس,6,0,6.8596
پرسفونه,6,0,6.8596
مشکلتون,6,0,6.8596
نابخردی,6,0,6.8596
طورکیه,6,0,6.8596
مخامخ,6,0,6.8596
بستین,6,0,6.8596
عوعوسگن,6,0,6.8596
کونفروش,6,0,6.8596
فالوورزو,6,0,6.8596
همدلیست,6,0,6.8596
چلغوز,6,0,6.8596
ساران,6,0,6.8596
درنیاور,6,0,6.8596
میاش,6,0,6.8596
پریشانی,6,0,6.8596
شئونیزم,6,0,6.8596
میا,6,0,6.8596
رمه,6,0,6.8596
راندن,6,0,6.8596
عیاشی,6,0,6.8596
یاوه,6,0,6.8596
مخل,6,0,6.8596
مشکلاته,6,0,6.8596
غوارم,6,0,6.8596
نبضم,6,0,6.8596
بادار,6,0,6.8596
طبابت,5,0,6.6776
حیوونایی,5,0,6.6776
زلیخا,5,0,6.6776
اینچنینها,5,0,6.6776
شیرده,5,0,6.6776
فنگ,5,0,6.6776
بیره,5,0,6.6776
حلقت,5,0,6.6776
بدشانس,5,0,6.6776
دونالد,5,0,6.6776
پانعرب,5,0,6.6776
پنهانت,5,0,6.6776
عوضش,5,0,6.6776
تاکنشان,5,0,6.6776
بیطرفی,5,0,6.6776
کشتیم,5,0,6.6776
لختی,5,0,6.6776
برباد,5,0,6.6776
نسوزد,5,0,6.6776
توپخانه,5,0,6.6776
فت,5,0,6.6776
نومید,5,0,6.6776
بلبشو,5,0,6.6776
عینالی,5,0,6.6776
اختشاش,5,0,6.6776
نونواییا,5,0,6.6776
غنم,5,0,6.6776
میترسی,5,0,6.6776
بیماره,5,0,6.6776
سوسیالیستی,5,0,6.6776
تیریر,5,0,6.6776
سرخورده,5,0,6.6776
حزب,5,0,6.6776
صغیر,5,0,6.6776
نفعش,5,0,6.6776
میرقصیدند,5,0,6.6776
قصبه,5,0,6.6776
دردشون,5,0,6.6776
تخمشه,5,0,6.6776
فازت,5,0,6.6776
ترکهاست,5,0,6.6776
ولنگاری,5,0,6.6776
پینوکیو,5,0,6.6776
دیستنس,5,0,6.6776
نینداخت,5,0,6.6776
کارمنه,5,0,6.6776
ولر,5,0,6.6776
ویرانتر,5,0,6.6776
ریشخند,5,0,6.6776
زلزلی,5,0,6.6776
لرزان,5,0,6.6776
سیز,5,0,6.6776
بیرق,5,0,6.6776
سختیش,5,0,6.6776
نالان,5,0,6.6776
نیافتگی,5,0,6.6776
عصبیم,5,0,6.6776
درهنگام,5,0,6.6776
رباب,5,0,6.6776
غارتگرانه,5,0,6.6776
ماس,5,0,6.6776
پیشگویی,5,0,6.6776
جذام,5,0,6.6776
رشوت,5,0,6.6776
ورباند,5,0,6.6776
فرمایل,5,0,6.6776
سرخک,5,0,6.6776
خساست,5,0,6.6776
شمانیزبگذرد,42,1,4.1891
چرچیل,33,1,3.948
نیزبگذرد,18,1,3.342
وینستون,18,1,3.342
قاپ,16,1,3.2243
خفقان,15,1,3.1598
خلکو,15,1,3.1598
خلک,15,1,3.1598
احمقند,28,2,3.0955
خیلیاشون,13,1,3.0168
ورکه,13,1,3.0168
لوره,13,1,3.0168
زشته,12,1,2.9368
حاکمند,22,2,2.8544
کوس,11,1,2.8499
بحرانیه,11,1,2.8499
ملال,11,1,2.8499
خودفروخته,11,1,2.8499
اتن,11,1,2.8499
وریح,11,1,2.8499
اسفناک,21,2,2.8079
تصنع,10,1,2.7547
فرط,18,2,2.6538
خرفت,9,1,2.6494
چلاق,9,1,2.6494
گردسم,9,1,2.6494
ارابه,9,1,2.6494
تیام,9,1,2.6494
ستمگر,9,1,2.6494
عدیده,9,1,2.6494
دلته,9,1,2.6494
مزخرفه,9,1,2.6494
خیطه,9,1,2.6494
هغه,43,5,2.6111
زدنا,17,2,2.5967
نژادپرستی,17,2,2.5967
فائو,16,2,2.5361
ازطرف,8,1,2.5318
ویزا,8,1,2.5318
مرگشون,8,1,2.5318
میخشکد,8,1,2.5318
بندوباری,8,1,2.5318
ناتو,8,1,2.5318
ورکری,8,1,2.5318
امارت,8,1,2.5318
زبونی,8,1,2.5318
هیواد,8,1,2.5318
فهمش,8,1,2.5318
خینه,8,1,2.5318
رفیقا,8,1,2.5318
افکند,8,1,2.5318
چوغرش,8,1,2.5318
دوزخ,8,1,2.5318
غرش,50,7,2.426
وه,28,4,2.4048
راغل,14,2,2.4027
سینوفارم,7,1,2.3984
مرغدار,7,1,2.3984
زدها,7,1,2.3984
مزخرفی,7,1,2.3984
مسلک,7,1,2.3984
تاریخیش,7,1,2.3984
لکاته,7,1,2.3984
ابنه,7,1,2.3984
زنازاده,7,1,2.3984
دومره,7,1,2.3984
افغانیا,7,1,2.3984
مینالند,7,1,2.3984
خشکسال,7,1,2.3984
باقالی,7,1,2.3984
نوچه,7,1,2.3984
فربه,7,1,2.3984
خوابند,7,1,2.3984
چندصدسال,7,1,2.3984
میمردی,7,1,2.3984
روزیم,7,1,2.3984
ستاسو,13,2,2.3286
افسون,13,2,2.3286
وخیم,38,6,2.3055
ناکسان,19,3,2.3041
میخری,25,4,2.2916
عصبی,24,4,2.2507
ویل,18,3,2.25
وغیره,6,1,2.2445
جانمان,6,1,2.2445
میمردیم,6,1,2.2445
صلی,6,1,2.2445
مکیدن,6,1,2.2445
نامدار,6,1,2.2445
طلبت,6,1,2.2445
گمراهی,6,1,2.2445
بحرانه,6,1,2.2445
جنگیم,6,1,2.2445
تبارم,6,1,2.2445
نمیاورید,6,1,2.2445
عرعر,6,1,2.2445
زئوس,6,1,2.2445
میمردم,6,1,2.2445
سگهاست,6,1,2.2445
اعصابم,6,1,2.2445
لعن,6,1,2.2445
سپارد,6,1,2.2445
منیم,6,1,2.2445
نفاق,6,1,2.2445
زودرس,6,1,2.2445
شصتیها,6,1,2.2445
موهوم,6,1,2.2445
کصکشا,6,1,2.2445
خودمونیم,6,1,2.2445
یکساعت,6,1,2.2445
بگردی,6,1,2.2445
ایرانید,6,1,2.2445
دوهزار,6,1,2.2445
مسکو,6,1,2.2445
عود,6,1,2.2445
فرودست,6,1,2.2445
خواهرت,6,1,2.2445
واقن,6,1,2.2445
پندم,6,1,2.2445
سرنگون,6,1,2.2445
ماشی,6,1,2.2445
اردستان,6,1,2.2445
شهرنش,6,1,2.2445
اخوندست,6,1,2.2445
وبیماری,6,1,2.2445
ویلی,6,1,2.2445
قشون,6,1,2.2445
وفاداری,6,1,2.2445
میشکند,17,3,2.1929
ابتذال,11,2,2.1617
ابلهی,11,2,2.1617
هیخ,11,2,2.1617
بودنم,11,2,2.1617
میزاید,11,2,2.1617
گرین,11,2,2.1617
طهران,11,2,2.1617
عنه,11,2,2.1617
عوعو,43,8,2.1418
کال,16,3,2.1323
نانوا,21,4,2.1173
وین,25,5,2.0689
بدبختم,20,4,2.0685
پلید,15,3,2.0678
فشل,15,3,2.0678
لاسونه,15,3,2.0678
میداشت,10,2,2.0665
گیتار,10,2,2.0665
میافتیم,10,2,2.0665
عربده,10,2,2.0665
دنده,10,2,2.0665
کان,10,2,2.0665
برجهان,10,2,2.0665
تیمارستان,5,1,2.0625
داخلید,5,1,2.0625
غائله,5,1,2.0625
چران,5,1,2.0625
فراست,5,1,2.0625
جهود,5,1,2.0625
یواز,5,1,2.0625
زبونت,5,1,2.0625
اوداسه,5,1,2.0625
میلف,5,1,2.0625
ورودخانه,5,1,2.0625
وامثال,5,1,2.0625
متمدنانه,5,1,2.0625
رشیدی,5,1,2.0625
کچالو,5,1,2.0625
قواد,5,1,2.0625
مرگباری,5,1,2.0625
بیوه,5,1,2.0625
کبد,5,1,2.0625
احمقتر,5,1,2.0625
اندرزگو,5,1,2.0625
مبتذل,5,1,2.0625
گاندی,5,1,2.0625
اسد,5,1,2.0625
انگلی,5,1,2.0625
دورمون,5,1,2.0625
همسایمون,5,1,2.0625
شوراباد,5,1,2.0625
بزرگا,5,1,2.0625
لودگی,5,1,2.0625
سربریدن,5,1,2.0625
جاه,5,1,2.0625
هپاتیت,5,1,2.0625
چندسالی,5,1,2.0625
گیجم,5,1,2.0625
اذیتشون,5,1,2.0625
میجنگیم,5,1,2.0625
دامنگیر,5,1,2.0625
حیفا,5,1,2.0625
روسپی,5,1,2.0625
واک,5,1,2.0625
منحه,5,1,2.0625
مزخرفیه,5,1,2.0625
پدرکشتگی,5,1,2.0625
اینفورمیشن,5,1,2.0625
بیغیرت,5,1,2.0625
یسریا,5,1,2.0625
شوگر,5,1,2.0625
سانچی,5,1,2.0625
سعود,5,1,2.0625
میانسالی,5,1,2.0625
مینفه,5,1,2.0625
فولادمبارکه,5,1,2.0625
نصیر,5,1,2.0625
سیمرغ,5,1,2.0625
بکشت,5,1,2.0625
ترسوندن,5,1,2.0625
کنعانی,5,1,2.0625
حرصم,5,1,2.0625
قساوت,5,1,2.0625
چروک,5,1,2.0625
تماشاچی,5,1,2.0625
طعام,5,1,2.0625
غارتگری,5,1,2.0625
میچرخانند,5,1,2.0625
مشرانو,5,1,2.0625
بیسابق,5,1,2.0625
تلنبار,5,1,2.0625
دهلی,5,1,2.0625
یها,5,1,2.0625
نکاشتن,5,1,2.0625
ناپاک,5,1,2.0625
میفتید,5,1,2.0625
کماب,5,1,2.0625
نسنجیده,5,1,2.0625
تظاهراتی,5,1,2.0625
حقمونه,5,1,2.0625
زلنسکی,5,1,2.0625
وحیوان,5,1,2.0625
خامسی,5,1,2.0625
اورا,5,1,2.0625
کسبه,5,1,2.0625
میخندیم,5,1,2.0625
مغضوب,5,1,2.0625
ذلیل,5,1,2.0625
انحطاط,5,1,2.0625
سات,5,1,2.0625
مش,5,1,2.0625
سازش,5,1,2.0625
روغنه,5,1,2.0625
ساواک,5,1,2.0625
میفروشید,5,1,2.0625
تارگت,5,1,2.0625
کاسکو,5,1,2.0625
گلوبالیستها,19,4,2.0172
جنجال,19,4,2.0172
طبل,14,3,1.9989
خپل,23,5,1.9856
خه,18,4,1.9632
حیا,18,4,1.9632
لوستل,18,4,1.9632
فرغاند,9,2,1.9612
خس,9,2,1.9612
ورطه,9,2,1.9612
دیس,9,2,1.9612
قرعه,9,2,1.9612
سگت,9,2,1.9612
هولودومور,9,2,1.9612
رکود,57,13,1.9386
زهرمار,39,9,1.9266
کوم,13,3,1.9248
مور,13,3,1.9248
ستوه,13,3,1.9248
سگن,60,14,1.9159
تباه,30,7,1.9153
خونریزی,34,8,1.907
فجیع,17,4,1.9061
قحطیه,17,4,1.9061
بیچارگی,21,5,1.8946
نابودشده,79,19,1.8858
ناکارامدی,37,9,1.8739
فحشا,45,11,1.8692
حماقت,122,30,1.8639
رعیت,44,11,1.8467
داسی,20,5,1.8458
الدنگ,16,4,1.8455
وخیمتر,16,4,1.8455
اسفندیار,12,3,1.8448
پناهی,12,3,1.8448
مردار,12,3,1.8448
ترکید,12,3,1.8448
یکدفعه,12,3,1.8448
بدبختن,8,2,1.8436
زدست,8,2,1.8436
عنقلاب,8,2,1.8436
المپیک,8,2,1.8436
رضی,8,2,1.8436
شهرنشین,8,2,1.8436
رام,8,2,1.8436
مبرم,8,2,1.8436
هروز,8,2,1.8436
نمیاد,8,2,1.8436
تاخت,8,2,1.8436
معنویت,8,2,1.8436
زمور,8,2,1.8436
واردکننده,8,2,1.8436
سرشو,8,2,1.8436
بقیشو,8,2,1.8436
وسطی,8,2,1.8436
سردرگمی,8,2,1.8436
اشفتگی,8,2,1.8436
میترسیدم,8,2,1.8436
مرید,8,2,1.8436
ببلعد,8,2,1.8436
چشید,8,2,1.8436
اسفبار,8,2,1.8436
قط,8,2,1.8436
ناتوانی,23,6,1.8036
نابوده,19,5,1.7946
خشن,19,5,1.7946
وسطا,15,4,1.781
شیرخشک,15,4,1.781
لگد,15,4,1.781
شاشید,15,4,1.781
پرخون,15,4,1.781
ماندگی,15,4,1.781
فروپاشی,85,23,1.768
اواره,70,19,1.7648
یمه,11,3,1.7579
هزاردست,11,3,1.7579
نابسامان,11,3,1.7579
کمونیستی,11,3,1.7579
لپاره,11,3,1.7579
بیخی,11,3,1.7579
ماتم,11,3,1.7579
ضعف,73,20,1.7555
ارباب,54,15,1.7416
سست,18,5,1.7405
ویران,93,26,1.7354
جاهل,25,7,1.733
وخت,25,7,1.733
مرج,32,9,1.7288
فلج,39,11,1.7261
طبقات,28,8,1.7129
شپش,21,6,1.7126
طبیب,21,6,1.7126
بلوا,14,4,1.712
کشورت,14,4,1.712
وگران,14,4,1.712
افتضاحه,14,4,1.712
غضب,7,2,1.7102
پاشن,7,2,1.7102
تخمشون,7,2,1.7102
ویرانال,7,2,1.7102
گرافیک,7,2,1.7102
چاپلوس,7,2,1.7102
کصمغز,7,2,1.7102
پستو,7,2,1.7102
پانترکیسم,7,2,1.7102
میلرزد,7,2,1.7102
کساد,7,2,1.7102
ویک,7,2,1.7102
وروسته,7,2,1.7102
واصفه,7,2,1.7102
بدترش,7,2,1.7102
مابه,7,2,1.7102
مشرک,7,2,1.7102
نابجا,7,2,1.7102
سوتغذیه,7,2,1.7102
فاکینگ,7,2,1.7102
حاتمی,7,2,1.7102
دوزاریا,7,2,1.7102
غیرمنطقی,7,2,1.7102
تراوش,7,2,1.7102
ائینه,7,2,1.7102
هزارن,7,2,1.7102
خراج,7,2,1.7102
چوبه,7,2,1.7102
کرل,7,2,1.7102
حالیشه,7,2,1.7102
وعدم,7,2,1.7102
کبیره,7,2,1.7102
میخوابم,7,2,1.7102
سار,7,2,1.7102
میندازین,7,2,1.7102
ساختها,7,2,1.7102
ورشکستگی,38,11,1.7001
کاروان,31,9,1.697
یوزارسیف,24,7,1.6922
هرج,34,10,1.6842
کمونیسم,17,5,1.6834
مدینه,17,5,1.6834
بمباران,20,6,1.6639
خرابتر,10,3,1.6627
استیصال,10,3,1.6627
پوره,10,3,1.6627
میدرند,10,3,1.6627
پررو,10,3,1.6627
کلم,10,3,1.6627
هایده,10,3,1.6627
تروریسم,10,3,1.6627
ترمز,10,3,1.6627
ناراحتن,10,3,1.6627
ناجور,10,3,1.6627
ملیونها,10,3,1.6627
سپ,10,3,1.6627
دردم,10,3,1.6627
افکنی,10,3,1.6627
نونوایی,33,10,1.6543
لهستانی,13,4,1.638
راحی,13,4,1.638
گدار,13,4,1.638
راهزن,13,4,1.638
فرسا,13,4,1.638
درایر,16,5,1.6228
وقیح,16,5,1.6228
گشنه,16,5,1.6228
بیکاری,213,67,1.618
دلا,19,6,1.6126
زوزه,19,6,1.6126
صدتا,22,7,1.6052
عنگلیس,22,7,1.6052
ناامیدی,25,8,1.5996
مردهد,46,15,1.5812
ولش,106,35,1.5691
جنده,75,25,1.5595
ننگ,45,15,1.5593
میمردهد,21,7,1.5587
حکومته,21,7,1.5587
افسارگسیخته,21,7,1.5587
حقارت,18,6,1.5585
نایب,18,6,1.5585
مزاحم,18,6,1.5585
خسیس,15,5,1.5583
خلا,15,5,1.5583
چرندیت,15,5,1.5583
اوس,15,5,1.5583
نامتوازن,12,4,1.558
المانی,12,4,1.558
متعصب,12,4,1.558
بازیچه,12,4,1.558
نوشیده,9,3,1.5574
دولم,9,3,1.5574
توحش,9,3,1.5574
ناممکن,9,3,1.5574
لوس,9,3,1.5574
میدیدند,9,3,1.5574
سرک,9,3,1.5574
عسداد,9,3,1.5574
تقلبی,9,3,1.5574
مردسالری,9,3,1.5574
وسلم,9,3,1.5574
ارگ,9,3,1.5574
خردوغ,9,3,1.5574
ظالمانه,9,3,1.5574
ابلهانه,9,3,1.5574
وطنان,9,3,1.5574
افول,9,3,1.5574
دلگیر,9,3,1.5574
انداختین,9,3,1.5574
بیتکوین,9,3,1.5574
حردان,6,2,1.5563
دکور,6,2,1.5563
عاجز,6,2,1.5563
رنجور,6,2,1.5563
غمخوار,6,2,1.5563
شپه,6,2,1.5563
هوم,6,2,1.5563
ضررش,6,2,1.5563
عیر,6,2,1.5563
نفرم,6,2,1.5563
ناعادلانه,6,2,1.5563
نشینا,6,2,1.5563
ناپذیره,6,2,1.5563
باشنده,6,2,1.5563
تقلا,6,2,1.5563
نوم,6,2,1.5563
گرز,6,2,1.5563
واگیر,6,2,1.5563
گرفتاریم,6,2,1.5563
کشورداری,6,2,1.5563
حلبی,6,2,1.5563
مسافربری,6,2,1.5563
نابودشون,6,2,1.5563
بدت,6,2,1.5563
خصومت,6,2,1.5563
دوان,6,2,1.5563
قوز,6,2,1.5563
پلیدی,6,2,1.5563
هالوین,6,2,1.5563
گازش,6,2,1.5563
مثلی,6,2,1.5563
احمدینژاد,6,2,1.5563
میاندازید,6,2,1.5563
اسگل,6,2,1.5563
ابلیس,6,2,1.5563
تعفن,6,2,1.5563
باروون,6,2,1.5563
کثیفه,6,2,1.5563
مونث,6,2,1.5563
خیانته,6,2,1.5563
قدیمیا,6,2,1.5563
قربون,6,2,1.5563
تکاند,6,2,1.5563
پرسپولیسی,6,2,1.5563
قرمساق,6,2,1.5563
سوت,38,13,1.5332
گرسنه,965,336,1.518
پفیوز,46,16,1.5167
فقدان,23,8,1.5163
بدتره,43,15,1.5138
ورشکست,20,7,1.5099
پیرزن,20,7,1.5099
دمشق,20,7,1.5099
لس,17,6,1.5014
کمونیست,17,6,1.5014
متلاشی,17,6,1.5014
ورشکسته,31,11,1.4966
اعصاب,56,20,1.4904
پنجه,42,15,1.4903
گریبان,28,10,1.49
مرغداری,14,5,1.4894
بقدر,14,5,1.4894
اندی,14,5,1.4894
شکننده,14,5,1.4894
سرزنش,14,5,1.4894
دلال,47,17,1.4777
کوفت,80,29,1.4757
تحقیر,33,12,1.4721
شلوغی,22,8,1.4719
گمش,11,4,1.471
ورته,11,4,1.471
قهقرا,11,4,1.471
گردیم,11,4,1.471
مادرقحبه,11,4,1.471
باطن,11,4,1.471
خل,11,4,1.471
خردسال,11,4,1.471
اعتیاد,30,11,1.4638
خخه,19,7,1.4587
بیداد,122,45,1.4585
وحشتناک,206,77,1.4454
خوک,32,12,1.4414
دهات,16,6,1.4408
جهالت,16,6,1.4408
گشنمه,16,6,1.4408
پلشت,16,6,1.4408
تباهی,16,6,1.4408
میله,8,3,1.4398
ترسیدن,8,3,1.4398
کمرشکن,8,3,1.4398
پتیاره,8,3,1.4398
قجری,8,3,1.4398
ابرتورم,8,3,1.4398
شین,8,3,1.4398
شپرد,8,3,1.4398
شپشو,8,3,1.4398
مسند,8,3,1.4398
فرهنه,8,3,1.4398
بینهایت,8,3,1.4398
نیزه,8,3,1.4398
خمار,8,3,1.4398
خیسه,8,3,1.4398
زیرپا,8,3,1.4398
سودجویی,8,3,1.4398
نوظهور,8,3,1.4398
کودتا,8,3,1.4398
فروم,29,11,1.4299
بدبختا,21,8,1.4254
بدو,21,8,1.4254
افغانی,39,15,1.4162
دجال,26,10,1.416
کشاندن,13,5,1.4153
مضاعف,13,5,1.4153
چماق,13,5,1.4153
دمش,13,5,1.4153
بیم,13,5,1.4153
طاعون,70,27,1.4136
بدبخت,522,202,1.4114
ناراحتی,31,12,1.4096
فقر,801,311,1.4087
درهم,36,14,1.4051
عرضگی,18,7,1.4046
نالایق,18,7,1.4046
عادل,18,7,1.4046
صفتا,18,7,1.4046
کاذب,18,7,1.4046
ادبش,18,7,1.4046
ضعیف,161,63,1.3995
افتضاح,46,18,1.399
سکته,23,9,1.3986
افسرده,28,11,1.3948
فاسد,66,26,1.3925
نادان,81,32,1.3897
نانوایی,40,16,1.377
مینویسد,25,10,1.3767
وقاحت,25,10,1.3767
تعقیر,15,6,1.3763
خودخواه,15,6,1.3763
نزاع,10,4,1.3758
وداد,10,4,1.3758
کورکورانه,10,4,1.3758
بنگ,10,4,1.3758
میندازی,10,4,1.3758
بسکه,10,4,1.3758
تاجزاده,10,4,1.3758
مردمشون,10,4,1.3758
عذر,10,4,1.3758
ناصحیح,10,4,1.3758
وتر,10,4,1.3758
منفعل,10,4,1.3758
تضعیف,10,4,1.3758
کالابرگ,5,2,1.3743
راکت,5,2,1.3743
دربیاریم,5,2,1.3743
زبونشون,5,2,1.3743
انقلابه,5,2,1.3743
سدساز,5,2,1.3743
خیالش,5,2,1.3743
پرغبار,5,2,1.3743
همینن,5,2,1.3743
نگرفتی,5,2,1.3743
هامان,5,2,1.3743
تراخم,5,2,1.3743
مصیبته,5,2,1.3743
خوم,5,2,1.3743
دمام,5,2,1.3743
بیابانگرد,5,2,1.3743
ترکش,5,2,1.3743
خودبخود,5,2,1.3743
هزاربار,5,2,1.3743
دورغ,5,2,1.3743
بودش,5,2,1.3743
خفته,5,2,1.3743
سالخورده,5,2,1.3743
مخروبه,5,2,1.3743
الودهش,5,2,1.3743
میمرد,5,2,1.3743
نمیرید,5,2,1.3743
زیادش,5,2,1.3743
مفعول,5,2,1.3743
چیش,5,2,1.3743
لاف,5,2,1.3743
بازیکنه,5,2,1.3743
میایستند,5,2,1.3743
بچگیش,5,2,1.3743
همدا,5,2,1.3743
قنبر,5,2,1.3743
حسابت,5,2,1.3743
واگن,5,2,1.3743
صبحا,5,2,1.3743
تروریست,5,2,1.3743
بدبو,5,2,1.3743
مشکلش,5,2,1.3743
سردخانه,5,2,1.3743
ضجه,5,2,1.3743
پیاله,5,2,1.3743
وبان,5,2,1.3743
پوپولیست,5,2,1.3743
مداد,5,2,1.3743
ترمینال,5,2,1.3743
پارکی,5,2,1.3743
مادریم,5,2,1.3743
رانتخوار,5,2,1.3743
نادانید,5,2,1.3743
شربش,5,2,1.3743
ریشتر,5,2,1.3743
جنبنده,5,2,1.3743
ناژوون,5,2,1.3743
صاحبخانه,5,2,1.3743
طماع,5,2,1.3743
اجحاف,5,2,1.3743
رافت,5,2,1.3743
گسیخت,5,2,1.3743
سرمایش,5,2,1.3743
اسف,5,2,1.3743
میخندیدند,5,2,1.3743
خوشبینانه,5,2,1.3743
مارب,5,2,1.3743
ارایشگر,5,2,1.3743
سیدعلی,5,2,1.3743
ناپسند,5,2,1.3743
الرحیم,5,2,1.3743
نابکار,5,2,1.3743
دغل,5,2,1.3743
گوهخوری,5,2,1.3743
مدتیه,5,2,1.3743
نوکیسه,5,2,1.3743
وخامت,5,2,1.3743
واپسین,5,2,1.3743
پفیوزی,5,2,1.3743
لیترالی,5,2,1.3743
چانه,5,2,1.3743
هفتگی,5,2,1.3743
بتک,5,2,1.3743
سیرجان,5,2,1.3743
نکش,5,2,1.3743
فرورفتن,5,2,1.3743
فرومیریزد,5,2,1.3743
تاجک,5,2,1.3743
لاعلاج,5,2,1.3743
فاید,5,2,1.3743
میبریدند,5,2,1.3743
میساخت,5,2,1.3743
میشنود,5,2,1.3743
فروشش,5,2,1.3743
فکیر,5,2,1.3743
خودتونید,5,2,1.3743
ورح,5,2,1.3743
برقش,5,2,1.3743
گی,44,18,1.3546
زاده,22,9,1.3542
قحبه,17,7,1.3475
اکراین,46,19,1.345
کافر,29,12,1.343
نکبت,65,27,1.3395
کیرم,24,10,1.3359
تیز,24,10,1.3359
هرکه,12,5,1.3353
رکورددار,12,5,1.3353
قجر,12,5,1.3353
عستاد,12,5,1.3353
سوپری,12,5,1.3353
تقلید,12,5,1.3353
ابدی,12,5,1.3353
دخلت,12,5,1.3353
بچم,12,5,1.3353
هزارتومن,12,5,1.3353
حاد,12,5,1.3353
بیابون,12,5,1.3353
بازکرده,12,5,1.3353
ناامن,19,8,1.3253
خزانه,26,11,1.3207
سونامی,33,14,1.3181
یو,40,17,1.3164
ستیزی,28,12,1.3079
مختل,28,12,1.3079
واصل,21,9,1.3077
سرسام,21,9,1.3077
بیشرفی,14,6,1.3074
خوابدم,14,6,1.3074
خایمال,14,6,1.3074
تیشه,14,6,1.3074
حسادت,14,6,1.3074
گیرش,7,3,1.3064
نبین,7,3,1.3064
مرگه,7,3,1.3064
گوششون,7,3,1.3064
دانیم,7,3,1.3064
کلاهبرداری,7,3,1.3064
متنفرم,7,3,1.3064
تابوت,7,3,1.3064
اینطوره,7,3,1.3064
مدرنیته,7,3,1.3064
رض,7,3,1.3064
درباری,7,3,1.3064
اینکارا,7,3,1.3064
رژه,7,3,1.3064
هابل,7,3,1.3064
درامدند,7,3,1.3064
بارتر,7,3,1.3064
وارو,7,3,1.3064
ابستن,7,3,1.3064
همینجوریش,7,3,1.3064
ناقوس,7,3,1.3064
زندانن,7,3,1.3064
توسر,7,3,1.3064
نزارید,7,3,1.3064
مادرسگ,7,3,1.3064
تپل,7,3,1.3064
بلاهت,7,3,1.3064
اقتصاده,7,3,1.3064
بیشعور,37,16,1.2991
ظالم,37,16,1.2991
طاقت,30,13,1.2969
له,136,59,1.2963
طالب,69,30,1.2939
گدایی,23,10,1.2934
ناامنی,39,17,1.2911
مریضی,71,31,1.2897
لقمه,64,28,1.2876
پیاپی,32,14,1.2873
ناپذیری,16,7,1.2869
پوک,16,7,1.2869
حک,16,7,1.2869
فزاینده,16,7,1.2869
تشنگی,57,25,1.2851
خشم,66,29,1.2833
مادرت,25,11,1.2815
بدنیا,25,11,1.2815
جیغ,25,11,1.2815
شورش,68,30,1.2793
ویرانی,81,36,1.2719
براید,9,4,1.2706
بشکن,9,4,1.2706
مبرک,9,4,1.2706
داغونه,9,4,1.2706
فارسا,9,4,1.2706
گیره,9,4,1.2706
پاشدم,9,4,1.2706
شعاری,9,4,1.2706
تنبل,9,4,1.2706
بحساب,9,4,1.2706
میخوردند,76,34,1.2654
سرطان,125,56,1.2641
مزخرف,71,32,1.2579
استرس,82,37,1.2568
قناعت,33,15,1.2492
پوشیدن,22,10,1.249
بیجا,22,10,1.249
جدیه,22,10,1.249
لار,11,5,1.2484
اهستهتر,11,5,1.2484
فقرتر,11,5,1.2484
لول,11,5,1.2484
دردناکه,11,5,1.2484
هدررفت,11,5,1.2484
تزویر,11,5,1.2484
فطرت,11,5,1.2484
فروکش,11,5,1.2484
بغرنج,11,5,1.2484
اعلا,11,5,1.2484
ستیز,24,11,1.2407
میلیونها,143,66,1.2344
میخوری,52,24,1.2341
ناکارامد,26,12,1.2338
شلوغه,13,6,1.2333
قمری,13,6,1.2333
گرای,13,6,1.2333
باسن,13,6,1.2333
گودرز,13,6,1.2333
میبردند,28,13,1.2279
کندن,28,13,1.2279
فلاکت,142,66,1.2274
زنجیر,15,7,1.2224
ولم,15,7,1.2224
سیری,15,7,1.2224
هرات,15,7,1.2224
مافیایی,15,7,1.2224
ریش,32,15,1.2184
فرسوده,32,15,1.2184
فلک,32,15,1.2184
سره,49,23,1.2172
افسردگی,34,16,1.2145
شاش,17,8,1.2142
واکسم,17,8,1.2142
وضعی,17,8,1.2142
یهودی,17,8,1.2142
میدزدد,19,9,1.2077
منفجر,19,9,1.2077
ذات,40,19,1.2052
کوی,63,30,1.2029
مادرجنده,21,10,1.2025
مزید,21,10,1.2025
شیره,21,10,1.2025
خفه,151,72,1.2018
تاریک,46,22,1.1985
میبلعد,25,12,1.1946
ترامپ,25,12,1.1946
مصیبت,108,52,1.192
ومیر,58,28,1.1892
دروغگو,60,29,1.188
پریشان,62,30,1.1869
شل,33,16,1.1847
گاومیش,35,17,1.1829
میمیریم,43,21,1.1775
نابود,1493,739,1.167
مردک,46,23,1.154
اسراییل,36,18,1.1539
سرش,30,15,1.1539
روا,28,14,1.1538
یقین,18,9,1.1536
مضحک,16,8,1.1536
ضحاک,16,8,1.1536
نژادپرست,18,9,1.1536
سلب,18,9,1.1536
نشن,14,7,1.1535
میمیرم,14,7,1.1535
سیستمی,14,7,1.1535
عیش,14,7,1.1535
میکشتارد,14,7,1.1535
فرسودگی,14,7,1.1535
ترسو,14,7,1.1535
کولبر,12,6,1.1533
سل,12,6,1.1533
ضعیفتر,12,6,1.1533
چشمتون,12,6,1.1533
سوزد,12,6,1.1533
بختی,12,6,1.1533
کلفت,12,6,1.1533
فرده,12,6,1.1533
دراوردید,10,5,1.1532
پرستان,10,5,1.1532
ملیت,10,5,1.1532
بشینن,10,5,1.1532
اخلاقیات,10,5,1.1532
کدامین,10,5,1.1532
گیرت,10,5,1.1532
چپول,10,5,1.1532
دورو,10,5,1.1532
دن,10,5,1.1532
کوشش,10,5,1.1532
میفرماید,10,5,1.1532
تنور,10,5,1.1532
ناچاری,8,4,1.1529
ریاکار,8,4,1.1529
میگاد,8,4,1.1529
سفارت,8,4,1.1529
بلانسبت,8,4,1.1529
موجبات,8,4,1.1529
ندار,8,4,1.1529
امیرالمومنین,8,4,1.1529
سهمگین,8,4,1.1529
تنفر,8,4,1.1529
پفیوزا,8,4,1.1529
نابسامانی,8,4,1.1529
گوری,8,4,1.1529
قیر,8,4,1.1529
دیره,8,4,1.1529
هلمند,8,4,1.1529
کلافه,8,4,1.1529
فشفشه,8,4,1.1529
بدنام,8,4,1.1529
میسوزانند,8,4,1.1529
تپش,8,4,1.1529
پلان,8,4,1.1529
هجمه,8,4,1.1529
برگرفت,8,4,1.1529
میفهمیم,6,3,1.1525
ممکلت,6,3,1.1525
لرزش,6,3,1.1525
میگذراند,6,3,1.1525
چوبش,6,3,1.1525
گایید,6,3,1.1525
شعوری,6,3,1.1525
کردو,6,3,1.1525
میوزد,6,3,1.1525
بخاطر,6,3,1.1525
برده,6,3,1.1525
چاپلوسی,6,3,1.1525
کاپیتالیسم,6,3,1.1525
نبینی,6,3,1.1525
مسخ,6,3,1.1525
تبهکار,6,3,1.1525
دومم,6,3,1.1525
مغرور,6,3,1.1525
تحفه,6,3,1.1525
نها,6,3,1.1525
پررویی,6,3,1.1525
اینقدری,6,3,1.1525
پاشد,6,3,1.1525
بایستیم,6,3,1.1525
ضعیفه,6,3,1.1525
زنه,6,3,1.1525
قصدشون,6,3,1.1525
نمیصرفه,6,3,1.1525
مینداختن,6,3,1.1525
بدهکاری,6,3,1.1525
فرت,6,3,1.1525
هرزگی,6,3,1.1525
روزیکه,6,3,1.1525
احمقه,6,3,1.1525
شرور,6,3,1.1525
پورت,6,3,1.1525
وتو,6,3,1.1525
میزاشتن,6,3,1.1525
سانتیمانتالیسم,6,3,1.1525
اجیر,6,3,1.1525
عنابست,6,3,1.1525
عزادار,6,3,1.1525
رئال,6,3,1.1525
عزیزت,6,3,1.1525
لالمونی,6,3,1.1525
جفتک,6,3,1.1525
افروز,6,3,1.1525
سرمان,6,3,1.1525
میخواب,6,3,1.1525
لرز,6,3,1.1525
فروغ,6,3,1.1525
مردمت,6,3,1.1525
کوچیکه,6,3,1.1525
شوو,6,3,1.1525
دالر,6,3,1.1525
اسب,190,97,1.1336
همو,33,17,1.1241
نکنن,33,17,1.1241
پراکنی,27,14,1.1175
بل,27,14,1.1175
مجبورن,27,14,1.1175
قبیله,52,27,1.1163
نارضایتی,23,12,1.1112
کوین,23,12,1.1112
برهم,23,12,1.1112
اشغالگر,23,12,1.1112
مسموم,21,11,1.1072
اسراف,21,11,1.1072
پلو,21,11,1.1072
بیکار,57,30,1.1028
خودخواهی,19,10,1.1024
بیشرف,74,39,1.1015
بیسواد,74,39,1.1015
شرم,70,37,1.0986
ابترین,17,9,1.0965
خوابدن,17,9,1.0965
کاران,15,8,1.0891
استبداد,15,8,1.0891
دیت,15,8,1.0891
تجزیه,133,71,1.0888
خیانت,118,63,1.0887
غربت,28,15,1.0849
سقط,28,15,1.0849
غصه,95,51,1.0831
تورم,336,181,1.0802
حرص,39,21,1.0799
متوهم,26,14,1.0798
نایاب,26,14,1.0798
تهرانم,13,7,1.0794
تورکیه,13,7,1.0794
غریزه,13,7,1.0794
هفتصد,13,7,1.0794
اپیدمی,13,7,1.0794
حواله,13,7,1.0794
روسی,13,7,1.0794
میخوانی,13,7,1.0794
تیفوس,13,7,1.0794
نذاشتن,13,7,1.0794
وطنفروش,13,7,1.0794
سروصدا,13,7,1.0794
ارد,181,98,1.0748
مسخره,131,71,1.0737
اوار,66,36,1.0671
دوید,22,12,1.0668
ستا,22,12,1.0668
بایدن,22,12,1.0668
بیناموس,22,12,1.0668
دودی,11,6,1.0664
پاسپورت,11,6,1.0664
پوسیده,11,6,1.0664
نکرد,11,6,1.0664
ظلمت,11,6,1.0664
لات,11,6,1.0664
خبیث,11,6,1.0664
استرازنکا,11,6,1.0664
مغان,11,6,1.0664
الانشم,11,6,1.0664
غور,11,6,1.0664
گندش,11,6,1.0664
لطمه,11,6,1.0664
کوهرنگه,11,6,1.0664
غیرممکن,11,6,1.0664
چپاول,42,23,1.0631
کر,93,51,1.0619
سومدیریت,20,11,1.0585
دلهره,20,11,1.0585
پنجشیر,20,11,1.0585
خایه,49,27,1.0569
گران,997,551,1.0557
حرام,76,42,1.0541
حکمرانی,38,21,1.0539
عذاب,94,52,1.0531
رنج,117,65,1.0489
خرافه,27,15,1.0485
سوئمدیریت,27,15,1.0485
حبوبه,18,10,1.0484
لبنیات,18,10,1.0484
اورمو,18,10,1.0484
دهک,9,5,1.0479
قومت,9,5,1.0479
یوحنا,9,5,1.0479
پانفارس,9,5,1.0479
میلنگد,9,5,1.0479
میخوردم,9,5,1.0479
ابمال,9,5,1.0479
یزدیا,9,5,1.0479
عمله,9,5,1.0479
سرمازدگی,9,5,1.0479
خوره,9,5,1.0479
خشمگین,9,5,1.0479
میکشاند,9,5,1.0479
وهمه,9,5,1.0479
هدی,9,5,1.0479
خندیدن,9,5,1.0479
شلاق,9,5,1.0479
اژیر,9,5,1.0479
شهسوار,9,5,1.0479
جدل,9,5,1.0479
میمیرد,43,24,1.044
اشوب,41,23,1.039
داغون,57,32,1.0383
کور,121,68,1.0374
کاخ,32,18,1.0362
تریاک,16,9,1.0359
زمستانی,16,9,1.0359
بربری,16,9,1.0359
فانتزی,16,9,1.0359
مرتضی,16,9,1.0359
ستم,39,22,1.0334
جیره,62,35,1.0328
فاجعه,405,229,1.0318
وهم,23,13,1.0313
نادانی,23,13,1.0313
شکنجه,30,17,1.0288
خراب,335,190,1.0287
پاندم,44,25,1.0262
اوج,107,61,1.0231
افغان,70,40,1.0206
ازربایجان,35,20,1.0205
اروپاییها,28,16,1.0204
عزا,21,12,1.0203
نمیشدند,14,8,1.0201
بیر,14,8,1.0201
مشکی,14,8,1.0201
چوخ,14,8,1.0201
قمی,14,8,1.0201
بمیر,14,8,1.0201
چشت,14,8,1.0201
فهمیده,14,8,1.0201
بنظرتون,14,8,1.0201
تگرگ,14,8,1.0201
چخ,14,8,1.0201
میافت,7,4,1.0196
مدیریته,7,4,1.0196
دوقلو,7,4,1.0196
بیخبر,7,4,1.0196
ژوند,7,4,1.0196
چیره,7,4,1.0196
نمیشناسند,7,4,1.0196
ناشکری,7,4,1.0196
معاویه,7,4,1.0196
خیلییی,7,4,1.0196
پانترکا,7,4,1.0196
دمکراسی,7,4,1.0196
میترسیم,7,4,1.0196
میخندد,7,4,1.0196
نابودش,7,4,1.0196
میکشیدم,7,4,1.0196
شهوت,7,4,1.0196
بابل,7,4,1.0196
خشکاندید,7,4,1.0196
زیرکشت,7,4,1.0196
ئه,7,4,1.0196
فردیه,7,4,1.0196
لشگر,7,4,1.0196
ندانی,7,4,1.0196
میشناسیم,7,4,1.0196
کارگزار,7,4,1.0196
اختلاط,7,4,1.0196
لجاجت,7,4,1.0196
وضعشه,7,4,1.0196
کصخول,7,4,1.0196
ازادی,7,4,1.0196
گستر,7,4,1.0196
فرونشت,7,4,1.0196
حقشان,7,4,1.0196
تشدید,101,58,1.0158
تحمیل,40,23,1.0143
درید,33,19,1.0129
دستوری,26,15,1.0108
اختلال,19,11,1.0072
غارتگر,19,11,1.0072
دوران,19,11,1.0072
یابو,19,11,1.0072
فجیعه,31,18,1.0044
قومیتی,31,18,1.0044
ترس,249,145,1.0021
بشریت,36,21,0.9999
متنفر,24,14,0.9997
هارا,24,14,0.9997
وحشتناکه,24,14,0.9997
دوسوم,12,7,0.9994
پک,12,7,0.9994
انزوا,12,7,0.9994
گپ,12,7,0.9994
نگرانم,12,7,0.9994
مفتخور,12,7,0.9994
شهرشون,12,7,0.9994
میسوزاند,12,7,0.9994
پشتون,12,7,0.9994
ظلم,176,103,0.997
صف,164,96,0.9968
لامصب,41,24,0.9964
استخوان,46,27,0.9937
زجر,34,20,0.9915
صدسال,17,10,0.9913
ذلت,17,10,0.9913
مهیب,17,10,0.9913
نفهم,56,33,0.9898
اضطراب,22,13,0.9868
کوپنی,22,13,0.9868
جنگ,1781,1058,0.9848
سوسک,27,16,0.984
میکشم,27,16,0.984
لشکر,42,25,0.9797
راهه,89,53,0.9794
مرض,55,33,0.9718
مسبب,40,24,0.9717
زنا,30,18,0.9717
کشته,25,15,0.9716
ناموسا,20,12,0.9715
بحرانی,15,9,0.9714
سرپوش,10,6,0.9712
میمیری,10,6,0.9712
چیشد,10,6,0.9712
فروریختن,10,6,0.9712
بوق,10,6,0.9712
عدس,10,6,0.9712
افاضه,10,6,0.9712
فرامیگیرد,10,6,0.9712
میشدید,10,6,0.9712
انفاق,10,6,0.9712
کتلت,10,6,0.9712
میاندازند,10,6,0.9712
فضل,10,6,0.9712
گیج,10,6,0.9712
حسود,10,6,0.9712
عاخه,10,6,0.9712
مفلوک,10,6,0.9712
تاش,10,6,0.9712
خستم,5,3,0.9705
خارکسه,5,3,0.9705
ضربت,5,3,0.9705
سهله,5,3,0.9705
مغزشون,5,3,0.9705
خودساخته,5,3,0.9705
رذل,5,3,0.9705
گرانا,5,3,0.9705
فوش,5,3,0.9705
صلیبی,5,3,0.9705
دشنه,5,3,0.9705
پرته,5,3,0.9705
ناشتا,5,3,0.9705
مسلمونا,5,3,0.9705
شدیده,5,3,0.9705
کولی,5,3,0.9705
راجبش,5,3,0.9705
اختر,5,3,0.9705
باورمون,5,3,0.9705
نتیجتا,5,3,0.9705
زوری,5,3,0.9705
وهله,5,3,0.9705
الودس,5,3,0.9705
پوله,5,3,0.9705
نق,5,3,0.9705
تازنده,5,3,0.9705
چونان,5,3,0.9705
خنجر,5,3,0.9705
بازید,5,3,0.9705
خورا,5,3,0.9705
ایندفعه,5,3,0.9705
بگاید,5,3,0.9705
سرنگ,5,3,0.9705
عوارضی,5,3,0.9705
تفتیده,5,3,0.9705
وایسادن,5,3,0.9705
مودب,5,3,0.9705
میدزددند,5,3,0.9705
وقیحانه,5,3,0.9705
بدنی,5,3,0.9705
پدرا,5,3,0.9705
ایدئولوژیک,5,3,0.9705
درخطر,5,3,0.9705
زما,5,3,0.9705
شوربختانه,5,3,0.9705
دیکتاتور,5,3,0.9705
سوختند,5,3,0.9705
نواده,5,3,0.9705
پستان,5,3,0.9705
فاشیستی,5,3,0.9705
کوبیدن,5,3,0.9705
خاکسپاری,5,3,0.9705
فرزنداوری,5,3,0.9705
تپنده,5,3,0.9705
صادرکننده,5,3,0.9705
انتحاری,5,3,0.9705
بعثت,5,3,0.9705
تخمش,5,3,0.9705
سپتامبر,5,3,0.9705
محک,5,3,0.9705
خفا,5,3,0.9705
میرحسین,5,3,0.9705
منافعشون,5,3,0.9705
تدابر,5,3,0.9705
میکندند,5,3,0.9705
ازسال,5,3,0.9705
قاصدان,5,3,0.9705
FreedoMessenger,5,3,0.9705
تالب,5,3,0.9705
نزدند,5,3,0.9705
پریدن,5,3,0.9705
هزارجور,5,3,0.9705
هاهم,5,3,0.9705
تاوقت,5,3,0.9705
عوضیا,5,3,0.9705
جزا,5,3,0.9705
مطلقه,5,3,0.9705
مایا,5,3,0.9705
نگاش,5,3,0.9705
جماران,5,3,0.9705
تمرکزگرایی,5,3,0.9705
فاشیسم,5,3,0.9705
مطبوعات,5,3,0.9705
هلاکت,5,3,0.9705
هوشیار,5,3,0.9705
اجراس,5,3,0.9705
میشنوی,5,3,0.9705
ماهش,5,3,0.9705
محنت,5,3,0.9705
لین,5,3,0.9705
اینن,5,3,0.9705
روزدرحال,5,3,0.9705
رودبه,5,3,0.9705
میومدی,5,3,0.9705
واو,5,3,0.9705
سوسیالیست,5,3,0.9705
انسولین,5,3,0.9705
حاکم,207,125,0.9657
پرست,43,26,0.964
استالین,43,26,0.964
نان,771,468,0.9615
غیراصولی,61,37,0.961
دروغه,23,14,0.9572
گذراند,23,14,0.9572
دروغین,18,11,0.9532
سیاستمدار,18,11,0.9532
سیستماتیک,18,11,0.9532
اذیت,85,52,0.9525
ملخ,49,30,0.9516
مافیا,194,119,0.95
کمبود,637,392,0.9475
لوبیا,13,8,0.9461
دق,13,8,0.9461
مردیم,13,8,0.9461
زیادن,13,8,0.9461
اذری,13,8,0.9461
ساختمون,13,8,0.9461
مسلمون,13,8,0.9461
ولد,68,42,0.9429
رزق,34,21,0.9427
احتکار,89,55,0.9424
توهم,76,47,0.9416
مصادره,21,13,0.9403
نااگاه,21,13,0.9403
اتم,29,18,0.9378
زور,103,64,0.937
شکست,170,106,0.9336
قاجار,109,68,0.933
رگ,32,20,0.9309
کسکش,40,25,0.9309
اوباش,24,15,0.9308
رواج,24,15,0.9308
هراس,16,10,0.9307
ندیدن,16,10,0.9307
سانسور,16,10,0.9307
خونین,16,10,0.9307
مینویسند,16,10,0.9307
سیستانی,16,10,0.9307
محتکر,16,10,0.9307
جاکشا,8,5,0.9303
خاین,8,5,0.9303
ژانویه,8,5,0.9303
کمربند,8,5,0.9303
یکه,8,5,0.9303
نایس,8,5,0.9303
زامبیها,8,5,0.9303
تخمم,8,5,0.9303
اهم,8,5,0.9303
کدخدا,8,5,0.9303
اندام,8,5,0.9303
الانه,8,5,0.9303
نبردن,8,5,0.9303
ابزاری,8,5,0.9303
لنین,8,5,0.9303
مزمن,8,5,0.9303
برمیخورد,8,5,0.9303
دادش,8,5,0.9303
نبست,8,5,0.9303
اعلان,8,5,0.9303
وضعمون,8,5,0.9303
شته,8,5,0.9303
نطفه,8,5,0.9303
مصیبتی,8,5,0.9303
کارما,8,5,0.9303
درمملکت,8,5,0.9303
قیافش,8,5,0.9303
اقتصاددان,8,5,0.9303
الوقوع,8,5,0.9303
کادر,8,5,0.9303
کفن,8,5,0.9303
حصبه,8,5,0.9303
اروپا,337,212,0.925
ماکارونی,108,68,0.9237
وجدان,54,34,0.9236
تیره,27,17,0.9235
قحطیها,46,29,0.9223
پانترک,65,41,0.9218
بیهوده,19,12,0.9203
لرزه,19,12,0.9203
جوگیر,19,12,0.9203
خفت,19,12,0.9203
هجوم,110,70,0.9131
مریض,66,42,0.913
طلبی,44,28,0.9129
تهی,22,14,0.9128
طلاق,22,14,0.9128
میگفتیم,11,7,0.9125
انجامید,11,7,0.9125
ایش,11,7,0.9125
بفهم,11,7,0.9125
یاداور,11,7,0.9125
داغدار,11,7,0.9125
ضربه,69,44,0.911
فرونشست,36,23,0.9089
ضرر,100,64,0.9074
قهر,25,16,0.9071
پانزده,25,16,0.9071
کتک,39,25,0.9056
پریود,14,9,0.9025
مشروب,14,9,0.9025
کاسبی,14,9,0.9025
عصبانیت,14,9,0.9025
بدتری,14,9,0.9025
پلاسکو,14,9,0.9025
اژه,14,9,0.9025
حرومزاده,62,40,0.8993
پسته,34,22,0.8962
سوپرمارکت,17,11,0.896
بسمت,17,11,0.896
ناپذیر,37,24,0.8938
تاراج,60,39,0.8918
نمیداد,20,13,0.8916
لری,20,13,0.8916
اختلاس,69,45,0.8885
نداشتن,124,81,0.887
پیر,75,49,0.8867
بلا,315,206,0.8862
وپا,26,17,0.8857
واق,26,17,0.8857
وحشیانه,26,17,0.8857
کابوس,26,17,0.8857
وبا,87,57,0.8839
گدا,29,19,0.8837
کشتارد,29,19,0.8837
زخم,64,42,0.8822
پاچه,64,42,0.8822
مارا,32,21,0.8821
ملکه,44,29,0.8779
بگا,62,41,0.8746
میلیونی,62,41,0.8746
دامن,62,41,0.8746
نمیتوان,68,45,0.8739
فساد,163,108,0.8728
بیچاره,158,105,0.8699
میخورید,42,28,0.8664
غر,30,20,0.8664
جوانی,36,24,0.8664
میکشید,39,26,0.8664
تخمی,39,26,0.8664
چشمگیر,21,14,0.8663
گرفتاری,24,16,0.8663
عصبانی,27,18,0.8663
ونه,21,14,0.8663
خاموشی,24,16,0.8663
فراموشی,24,16,0.8663
بزرگم,24,16,0.8663
شرمنده,27,18,0.8663
زنیکه,15,10,0.8662
برند,18,12,0.8662
ناراحتم,15,10,0.8662
نقدینگی,18,12,0.8662
جنون,15,10,0.8662
حالتون,15,10,0.8662
بیفتن,15,10,0.8662
لیگ,18,12,0.8662
دومینو,15,10,0.8662
تازی,12,8,0.8661
اتشفشان,12,8,0.8661
جنین,12,8,0.8661
شریان,12,8,0.8661
حکومت,12,8,0.8661
مستعمره,12,8,0.8661
گلم,12,8,0.8661
پیس,12,8,0.8661
کشتزار,12,8,0.8661
بسیج,12,8,0.8661
زه,12,8,0.8661
نمیتوانست,12,8,0.8661
میدیدی,12,8,0.8661
درنتیجه,9,6,0.8659
یوقت,9,6,0.8659
ژنتیک,9,6,0.8659
چاقال,9,6,0.8659
نخوری,9,6,0.8659
نوا,9,6,0.8659
تنباکو,9,6,0.8659
سرنگونی,9,6,0.8659
گنگ,9,6,0.8659
هلوکاست,9,6,0.8659
ایدز,9,6,0.8659
بیشترشون,9,6,0.8659
ایستادگی,9,6,0.8659
مشنگ,9,6,0.8659
عاطفی,9,6,0.8659
چیپ,9,6,0.8659
بیزار,9,6,0.8659
لاستیک,6,4,0.8657
اززاینده,6,4,0.8657
گوزی,6,4,0.8657
نابودست,6,4,0.8657
کرسی,6,4,0.8657
پسفردا,6,4,0.8657
دخترک,6,4,0.8657
کریسمس,6,4,0.8657
ناراحتیم,6,4,0.8657
لرزید,6,4,0.8657
بازش,6,4,0.8657
میفتاد,6,4,0.8657
زنت,6,4,0.8657
نشانگر,6,4,0.8657
گریبانگیر,6,4,0.8657
پفک,6,4,0.8657
صفی,6,4,0.8657
بلغور,6,4,0.8657
عشر,6,4,0.8657
افسار,6,4,0.8657
شمالغرب,6,4,0.8657
مدیریتشون,6,4,0.8657
چرنده,6,4,0.8657
نریده,6,4,0.8657
زری,6,4,0.8657
کشا,6,4,0.8657
میبندید,6,4,0.8657
اتنیک,6,4,0.8657
ایرانن,6,4,0.8657
سختگیری,6,4,0.8657
غلطیه,6,4,0.8657
شروعش,6,4,0.8657
صداسیما,6,4,0.8657
ایرانمون,6,4,0.8657
میگردید,6,4,0.8657
اکسوال,6,4,0.8657
مصی,6,4,0.8657
پولم,6,4,0.8657
بخیل,6,4,0.8657
صدبرابر,6,4,0.8657
بالاشهر,6,4,0.8657
المثل,6,4,0.8657
مذهبیها,6,4,0.8657
سوئاستفاده,6,4,0.8657
پیچیدگی,6,4,0.8657
اعتراضا,6,4,0.8657
میزده,6,4,0.8657
فکنم,6,4,0.8657
اجیل,6,4,0.8657
بدردنخور,6,4,0.8657
حاضری,6,4,0.8657
عمره,6,4,0.8657
ناف,6,4,0.8657
واهی,6,4,0.8657
پارچ,6,4,0.8657
کصشعر,6,4,0.8657
خشخاش,6,4,0.8657
چراگاه,6,4,0.8657
قانونمند,6,4,0.8657
جایز,6,4,0.8657
ریشتری,6,4,0.8657
جوونا,6,4,0.8657
غله,67,45,0.8591
بغض,49,33,0.8563
جوجه,43,29,0.8549
بیخ,40,27,0.854
عزت,31,21,0.8504
بیماری,508,346,0.8458
دوزاری,44,30,0.844
اخرالزمان,44,30,0.844
نوکر,22,15,0.8438
نظم,73,50,0.8395
هاشونو,16,11,0.8354
گنده,16,11,0.8354
یحتمل,16,11,0.8354
زره,16,11,0.8354
عروسک,16,11,0.8354
جوونی,16,11,0.8354
نمیفهمند,29,20,0.8325
درد,404,279,0.8318
محاصره,42,29,0.8313
مرتیکه,26,18,0.8286
رحمانه,13,9,0.8284
درمیاید,13,9,0.8284
سوئتغذیه,13,9,0.8284
خفگی,13,9,0.8284
ارتش,36,25,0.8256
دارو,118,82,0.8251
قحط,23,16,0.8238
ناراحت,125,87,0.8236
دراورده,30,21,0.8176
دوا,20,14,0.8175
هزارسال,10,7,0.8173
طبع,10,7,0.8173
دزددند,10,7,0.8173
قومگرایی,10,7,0.8173
سیف,10,7,0.8173
سوق,10,7,0.8173
مخربی,10,7,0.8173
حاضرن,10,7,0.8173
اجنبی,10,7,0.8173
کا,10,7,0.8173
میفتن,10,7,0.8173
چندصد,10,7,0.8173
اکس,10,7,0.8173
ابکی,10,7,0.8173
ندارین,27,19,0.8123
سردرد,27,19,0.8123
حرامزاده,34,24,0.8092
ناله,34,24,0.8092
نژادی,17,12,0.8091
قیمه,17,12,0.8091
ومیل,17,12,0.8091
ابرقدرت,17,12,0.8091
مولانا,17,12,0.8091
صهیونیست,24,17,0.8057
ارمان,24,17,0.8057
سلیطه,24,17,0.8057
هرروز,45,32,0.8019
درمی,91,65,0.7976
اوره,28,20,0.7974
فیل,28,20,0.7974
هیاهو,21,15,0.7973
بم,21,15,0.7973
گرفتین,14,10,0.7972
اخراج,14,10,0.7972
هلاک,14,10,0.7972
جانش,14,10,0.7972
کصکش,14,10,0.7972
اشبع,7,5,0.7969
متحده,7,5,0.7969
جوون,7,5,0.7969
دوده,7,5,0.7969
ازدحام,7,5,0.7969
انفجاری,7,5,0.7969
همجا,7,5,0.7969
گریخت,7,5,0.7969
شکوفایی,7,5,0.7969
اتو,7,5,0.7969
غیرفرد,7,5,0.7969
کویرنشین,7,5,0.7969
اومده,7,5,0.7969
گوهررود,7,5,0.7969
خانوادت,7,5,0.7969
ستیزان,7,5,0.7969
سرپا,7,5,0.7969
درگیرد,7,5,0.7969
هنگامه,7,5,0.7969
جبر,7,5,0.7969
میفروخت,7,5,0.7969
دیوثا,7,5,0.7969
جایش,7,5,0.7969
خودزنی,7,5,0.7969
قندهار,7,5,0.7969
بفروشید,7,5,0.7969
مملکتمون,7,5,0.7969
فیلسوف,7,5,0.7969
کوبی,7,5,0.7969
برابرش,7,5,0.7969
قطح,7,5,0.7969
گچ,7,5,0.7969
اجل,7,5,0.7969
ازینکه,7,5,0.7969
باگ,7,5,0.7969
جفا,7,5,0.7969
پینه,7,5,0.7969
قحطی,9206,6674,0.7961
اذان,46,33,0.7931
ساکت,39,28,0.7923
میبینیم,75,54,0.7896
زیان,36,26,0.7864
ترش,18,13,0.7862
لاشخور,18,13,0.7862
شدیدتر,18,13,0.7862
کودن,18,13,0.7862
عام,101,73,0.7858
میترسم,58,42,0.7838
ره,29,21,0.7837
زیادشدن,51,37,0.7819
اعظم,124,90,0.7816
فروشگاه,124,90,0.7816
قاره,33,24,0.7794
درنده,22,16,0.7793
میخ,11,8,0.7791
پادشاه,11,8,0.7791
پیکان,11,8,0.7791
دویدن,11,8,0.7791
عر,11,8,0.7791
تحمیلی,11,8,0.7791
ارزانی,11,8,0.7791
باغبان,11,8,0.7791
بزور,11,8,0.7791
تاس,11,8,0.7791
مت,11,8,0.7791
غارت,236,172,0.7777
هزارتا,37,27,0.776
خیابانها,63,46,0.7755
بیدار,101,74,0.7722
اندر,30,22,0.7711
ادبی,15,11,0.7709
نبات,15,11,0.7709
یهود,15,11,0.7709
مرده,267,196,0.7705
مرگ,730,537,0.7691
دی,201,148,0.7674
فلانی,19,14,0.7662
اندوه,19,14,0.7662
شهره,19,14,0.7662
بعدم,61,45,0.7652
خودکشی,42,31,0.7647
روانه,23,17,0.7632
سو,189,140,0.7614
خطرناکه,27,20,0.761
میزد,66,49,0.7589
ظهور,70,52,0.7583
میدید,63,47,0.754
فشار,204,153,0.749
طولانی,112,84,0.7488
مزدور,68,51,0.7487
برسر,44,33,0.7487
خشونت,52,39,0.7487
عقده,48,36,0.7487
پیری,20,15,0.7486
انحراف,28,21,0.7486
مست,20,15,0.7486
برهوت,36,27,0.7486
غوغا,28,21,0.7486
بازنشسته,20,15,0.7486
نجس,24,18,0.7486
محرم,32,24,0.7486
معیشتی,28,21,0.7486
مولد,16,12,0.7485
خزان,16,12,0.7485
بردگی,16,12,0.7485
دوسه,12,9,0.7484
بامیان,12,9,0.7484
روزمرگی,12,9,0.7484
تورمی,12,9,0.7484
تنگدستی,12,9,0.7484
سونگون,12,9,0.7484
نازی,12,9,0.7484
میفروختند,12,9,0.7484
شایع,12,9,0.7484
لامصبا,12,9,0.7484
تفت,12,9,0.7484
گزاف,8,6,0.7483
میبلعند,8,6,0.7483
تابستون,8,6,0.7483
یعقوب,8,6,0.7483
اپادانا,8,6,0.7483
تایمز,8,6,0.7483
تیرباران,8,6,0.7483
منکه,8,6,0.7483
عج,8,6,0.7483
هاله,8,6,0.7483
گوشتی,8,6,0.7483
روغنی,8,6,0.7483
شرت,8,6,0.7483
چیزیم,8,6,0.7483
غیرکارشناسی,8,6,0.7483
لواش,8,6,0.7483
ناجوانمردانه,8,6,0.7483
بریند,8,6,0.7483
خاتون,8,6,0.7483
جرقه,8,6,0.7483
کوته,8,6,0.7483
میگردیم,8,6,0.7483
معلما,8,6,0.7483
دلالی,8,6,0.7483
میسوزند,8,6,0.7483
بدونن,8,6,0.7483
پود,8,6,0.7483
چپها,8,6,0.7483
کمدی,8,6,0.7483
باخدا,8,6,0.7483
شمایید,8,6,0.7483
میکشت,8,6,0.7483
استانتون,8,6,0.7483
میشنا,8,6,0.7483
میمیرند,73,55,0.7442
میخرند,45,34,0.7413
غلط,254,192,0.7412
خور,70,53,0.7393
وار,33,25,0.7386
دزددن,33,25,0.7386
مملکت,638,484,0.7381
زلزله,295,224,0.7367
میترسند,25,19,0.7354
چوپان,25,19,0.7354
المان,146,111,0.7353
غیرت,46,35,0.7343
شرف,105,80,0.7331
ریا,21,16,0.7328
برنم,21,16,0.7328
بلبل,21,16,0.7328
جهل,34,26,0.7292
همینکه,17,13,0.7291
شیطانی,17,13,0.7291
امان,17,13,0.7291
اشغال,180,138,0.7269
روغن,296,227,0.7268
افراطی,30,23,0.7267
سرمون,52,40,0.7234
انهم,26,20,0.7233
توطئه,26,20,0.7233
نمیخورم,13,10,0.7232
فلسطین,13,10,0.7232
سردی,13,10,0.7232
پارازیت,13,10,0.7232
رودو,13,10,0.7232
میدانستی,13,10,0.7232
طرفداری,13,10,0.7232
دروغگویی,13,10,0.7232
خر,153,118,0.7209
هیشکی,31,24,0.7169
نت,31,24,0.7169
کمر,67,52,0.7145
گوسال,45,35,0.7123
ترور,27,21,0.7123
نهاده,18,14,0.7122
خوزستانیا,18,14,0.7122
بریدن,18,14,0.7122
جنگه,18,14,0.7122
سالد,9,7,0.712
گشتن,9,7,0.712
سوری,9,7,0.712
انهدام,9,7,0.712
تاسی,9,7,0.712
تدریس,9,7,0.712
منحوس,9,7,0.712
منفور,9,7,0.712
اترک,9,7,0.712
پاشون,9,7,0.712
بلوغ,9,7,0.712
همسری,9,7,0.712
ترا,9,7,0.712
عضله,9,7,0.712
اشتها,9,7,0.712
اسکول,9,7,0.712
ایناس,9,7,0.712
کرکس,9,7,0.712
اوت,9,7,0.712
اشتراکی,9,7,0.712
اله,9,7,0.712
برعکسش,9,7,0.712
کثیف,122,95,0.7113
بحران,967,755,0.7098
خطرناک,238,186,0.7078
سهمیه,46,36,0.7061
ناموس,46,36,0.7061
والله,37,29,0.7046
ازار,65,51,0.7036
سپری,14,11,0.702
زشت,14,11,0.702
برش,14,11,0.702
ایل,14,11,0.702
زاری,14,11,0.702
ازون,14,11,0.702
ازدواج,108,85,0.7006
فروچاله,38,30,0.6974
پدرسگ,19,15,0.6973
شمس,19,15,0.6973
خروس,19,15,0.6973
تولیدکننده,19,15,0.6973
کصخل,19,15,0.6973
خرگوش,19,15,0.6973
کشوره,29,23,0.6928
نسل,315,250,0.6925
کشاند,39,31,0.6906
نخور,55,44,0.6842
خواننده,25,20,0.6841
سلاخی,30,24,0.6841
بسر,20,16,0.6841
کام,30,24,0.6841
مغزی,25,20,0.6841
نمیبینیم,15,12,0.684
والی,15,12,0.684
گمونم,15,12,0.684
زدن,15,12,0.684
نمیفهمد,15,12,0.684
سوختگی,10,8,0.6839
کویره,10,8,0.6839
ندونه,10,8,0.6839
عجله,10,8,0.6839
ساندیس,10,8,0.6839
صهیونیسم,10,8,0.6839
ابفروش,10,8,0.6839
چرخید,10,8,0.6839
پوپولیستی,10,8,0.6839
رادار,10,8,0.6839
قایم,10,8,0.6839
راندیدم,10,8,0.6839
میخندند,10,8,0.6839
ندانم,10,8,0.6839
نمیرسید,10,8,0.6839
اخرت,10,8,0.6839
طویل,10,8,0.6839
مای,10,8,0.6839
گولاگ,5,4,0.6837
معطوف,5,4,0.6837
سردم,5,4,0.6837
دمادم,5,4,0.6837
سربازا,5,4,0.6837
سرکوه,5,4,0.6837
بدبین,5,4,0.6837
ابمان,5,4,0.6837
حتمیه,5,4,0.6837
پایکوبی,5,4,0.6837
پاین,5,4,0.6837
گزینشی,5,4,0.6837
دلو,5,4,0.6837
وتوک,5,4,0.6837
بیراهه,5,4,0.6837
وارونگی,5,4,0.6837
غیرعلم,5,4,0.6837
غیرمستقیم,5,4,0.6837
مزاح,5,4,0.6837
شهرمان,5,4,0.6837
تموم,5,4,0.6837
شونم,5,4,0.6837
دوردست,5,4,0.6837
سیگنال,5,4,0.6837
جاش,5,4,0.6837
مقتدر,5,4,0.6837
سرسخت,5,4,0.6837
مومنی,5,4,0.6837
دارخوین,5,4,0.6837
اوریل,5,4,0.6837
اسپرم,5,4,0.6837
سوسیالیسم,5,4,0.6837
غذادادن,5,4,0.6837
شیروانی,5,4,0.6837
فجازی,5,4,0.6837
الکرسی,5,4,0.6837
دزدا,5,4,0.6837
حسنی,5,4,0.6837
گس,5,4,0.6837
ریگان,5,4,0.6837
کشتین,5,4,0.6837
تلخه,5,4,0.6837
لوکس,5,4,0.6837
هودی,5,4,0.6837
دربیارن,5,4,0.6837
خشکبار,5,4,0.6837
بایسته,5,4,0.6837
نمردیم,5,4,0.6837
تری,5,4,0.6837
کوهسار,5,4,0.6837
گوسفندا,5,4,0.6837
هجرت,5,4,0.6837
زندگ,5,4,0.6837
عذابه,5,4,0.6837
حنجره,5,4,0.6837
جفنگ,5,4,0.6837
پولشان,5,4,0.6837
نقابدار,5,4,0.6837
بازجویی,5,4,0.6837
پاهام,5,4,0.6837
کیل,5,4,0.6837
اغا,5,4,0.6837
استعاره,5,4,0.6837
انفولانزا,5,4,0.6837
دونی,5,4,0.6837
رفراندوم,5,4,0.6837
منشی,5,4,0.6837
اسکر,5,4,0.6837
نفرو,5,4,0.6837
اثارش,5,4,0.6837
استایل,5,4,0.6837
تیرخورده,5,4,0.6837
پار,5,4,0.6837
ساقط,5,4,0.6837
پشتی,5,4,0.6837
اجابت,5,4,0.6837
تورنتو,5,4,0.6837
طولانیتر,5,4,0.6837
بته,5,4,0.6837
تاز,5,4,0.6837
ابربحران,5,4,0.6837
وبیده,5,4,0.6837
هزارمیلیارد,5,4,0.6837
کشمکش,5,4,0.6837
استریم,5,4,0.6837
اتشفشانها,5,4,0.6837
لقء,5,4,0.6837
سرکشیده,5,4,0.6837
خارش,5,4,0.6837
خردمند,5,4,0.6837
اقبال,5,4,0.6837
نیازشون,5,4,0.6837
دردت,5,4,0.6837
تتمه,5,4,0.6837
ککشون,5,4,0.6837
الرجال,5,4,0.6837
برتن,5,4,0.6837
مندی,5,4,0.6837
توافقی,5,4,0.6837
میخوایی,5,4,0.6837
طلب,121,97,0.6822
گرفتار,91,73,0.6815
گم,76,61,0.6809
میدانیم,46,37,0.6787
سراسری,41,33,0.6781
باتلاق,31,25,0.6761
تلخ,88,71,0.6758
نیشابور,57,46,0.6754
بوجود,94,76,0.6737
متروپل,47,38,0.6736
زبون,68,55,0.6732
گرفتگی,21,17,0.6722
شکم,80,65,0.6687
مرگبار,16,13,0.6685
وهوا,16,13,0.6685
میلیاردها,27,22,0.6658
فضیلت,27,22,0.6658
اکبر,33,27,0.6617
صداشون,22,18,0.6616
شکستن,22,18,0.6616
ملکت,22,18,0.6616
ازدست,11,9,0.6615
ترحم,11,9,0.6615
سلطه,11,9,0.6615
مائو,11,9,0.6615
اوردین,11,9,0.6615
چرک,11,9,0.6615
خوشگذر,11,9,0.6615
ولگردی,11,9,0.6615
دزدد,11,9,0.6615
مدیرت,11,9,0.6615
باشدت,11,9,0.6615
انباشته,11,9,0.6615
مبل,11,9,0.6615
هیولا,11,9,0.6615
یکباره,11,9,0.6615
صدها,111,91,0.6598
گریز,28,23,0.6577
اذربایجانی,28,23,0.6577
بمیرند,45,37,0.6568
سم,136,112,0.6553
تنگی,17,14,0.6551
نوه,17,14,0.6551
هرکجا,17,14,0.6551
همسایه,159,131,0.6549
خیلیا,57,47,0.6539
سیلی,23,19,0.652
برنجکاری,23,19,0.652
تراکم,23,19,0.652
مذاکره,52,43,0.6511
زعفران,35,29,0.649
مار,41,34,0.6482
گوز,41,34,0.6482
حکایت,47,39,0.6476
حسرت,36,30,0.6433
میشدم,24,20,0.6433
انبوه,24,20,0.6433
لاش,24,20,0.6433
بدرد,30,25,0.6433
میومدم,12,10,0.6432
معیوب,12,10,0.6432
تعطیله,12,10,0.6432
نخریدن,18,15,0.6432
نرسیدن,12,10,0.6432
پری,12,10,0.6432
اسباب,18,15,0.6432
مقصر,12,10,0.6432
نمیشیم,12,10,0.6432
گسل,12,10,0.6432
فاشیست,18,15,0.6432
سرگردان,18,15,0.6432
معکوس,12,10,0.6432
ثمره,12,10,0.6432
ولع,12,10,0.6432
هول,18,15,0.6432
بردین,6,5,0.643
دایکند,6,5,0.643
کپسول,6,5,0.643
سانحه,6,5,0.643
سفیدرود,6,5,0.643
حسابه,6,5,0.643
بودنه,6,5,0.643
مری,6,5,0.643
کالباس,6,5,0.643
سلف,6,5,0.643
اخرشم,6,5,0.643
ازمردم,6,5,0.643
فرح,6,5,0.643
خاتمه,6,5,0.643
درایند,6,5,0.643
قاطعیت,6,5,0.643
التحصیل,6,5,0.643
پگاه,6,5,0.643
خلافت,6,5,0.643
دلمه,6,5,0.643
تافت,6,5,0.643
جلوت,6,5,0.643
داستانه,6,5,0.643
پرسیدند,6,5,0.643
پرداختن,6,5,0.643
سرطانی,6,5,0.643
بترسد,6,5,0.643
چاهی,6,5,0.643
دررود,6,5,0.643
یارا,6,5,0.643
روزافزون,6,5,0.643
کسا,6,5,0.643
شریعت,6,5,0.643
فریم,6,5,0.643
نگهبانی,6,5,0.643
کنتور,6,5,0.643
یخی,6,5,0.643
میریند,6,5,0.643
چیدن,6,5,0.643
تنبلی,6,5,0.643
جمال,6,5,0.643
مستی,6,5,0.643
یچی,6,5,0.643
تفاله,6,5,0.643
لق,6,5,0.643
درشهر,6,5,0.643
تداعی,6,5,0.643
فسق,6,5,0.643
گازگرفته,6,5,0.643
میخریدیم,6,5,0.643
ورزق,6,5,0.643
درگاه,6,5,0.643
مانتال,6,5,0.643
طاهر,6,5,0.643
ریالی,6,5,0.643
کلک,6,5,0.643
فروختند,6,5,0.643
حقا,6,5,0.643
مخرب,55,46,0.6397
شوروی,49,41,0.6393
میکردی,43,36,0.6387
میزدم,37,31,0.6379
توپ,31,26,0.6369
مرزی,31,26,0.6369
گور,56,47,0.6362
خواب,262,220,0.636
انتخابات,25,21,0.6353
نگین,25,21,0.6353
تیغ,25,21,0.6353
ازبین,44,37,0.6343
سوادی,19,16,0.6328
باغدار,19,16,0.6328
قشر,70,59,0.632
معیشت,64,54,0.631
عاطفه,32,27,0.6309
روباه,58,49,0.6297
دراز,65,55,0.6281
میندازن,39,33,0.6281
چارتا,26,22,0.628
ویرانگر,26,22,0.628
ویرانه,26,22,0.628
ریسک,26,22,0.628
کارد,13,11,0.6279
هعی,13,11,0.6279
تق,13,11,0.6279
میکشیدند,13,11,0.6279
عامدانه,13,11,0.6279
فرود,13,11,0.6279
تلقی,13,11,0.6279
مملو,13,11,0.6279
ماییم,13,11,0.6279
ریوی,13,11,0.6279
برق,342,290,0.6264
ساچمه,33,28,0.6253
عقیده,33,28,0.6253
سیر,113,96,0.6242
سمی,60,51,0.6236
رونق,60,51,0.6236
شهرمون,20,17,0.6235
حیوون,20,17,0.6235
پیرمرد,40,34,0.6235
تحریف,20,17,0.6235
یقه,40,34,0.6235
نخورده,20,17,0.6235
اخرالزمانی,20,17,0.6235
کشتار,389,331,0.6229
نفرت,54,46,0.6214
عقل,129,110,0.6205
تشنه,95,81,0.6205
یخچال,34,29,0.6201
مغز,143,122,0.62
اذوقه,41,35,0.6192
سکونت,69,59,0.6176
ارز,97,83,0.617
دزد,266,228,0.6155
تدبیر,77,66,0.6152
توفان,35,30,0.6152
فحاشی,21,18,0.6151
هیتلر,14,12,0.6151
صدبار,14,12,0.6151
مخ,21,18,0.6151
هک,14,12,0.6151
فرافکنی,7,6,0.6149
بیطرف,7,6,0.6149
ریزه,7,6,0.6149
گرانش,7,6,0.6149
دردش,7,6,0.6149
احتضار,7,6,0.6149
پرکرده,7,6,0.6149
مموت,7,6,0.6149
رک,7,6,0.6149
پرباران,7,6,0.6149
زیرین,7,6,0.6149
نوشته,7,6,0.6149
ولوله,7,6,0.6149
تش,7,6,0.6149
میکارد,7,6,0.6149
هرم,7,6,0.6149
ازادراه,7,6,0.6149
حقمون,7,6,0.6149
متابولیسم,7,6,0.6149
کاشتند,7,6,0.6149
طوریکه,7,6,0.6149
ناکجااباد,7,6,0.6149
طلسم,7,6,0.6149
پولا,7,6,0.6149
تهوع,7,6,0.6149
القا,7,6,0.6149
سرخود,7,6,0.6149
سیار,7,6,0.6149
نمیشوم,7,6,0.6149
طعنه,7,6,0.6149
خاست,7,6,0.6149
رگها,7,6,0.6149
جعل,7,6,0.6149
مکاشفه,7,6,0.6149
خمپاره,7,6,0.6149
مردمن,7,6,0.6149
رهگذر,7,6,0.6149
مشکلت,7,6,0.6149
وضعشون,7,6,0.6149
جنگلبانی,7,6,0.6149
فضوله,7,6,0.6149
برانداز,7,6,0.6149
دیک,7,6,0.6149
وارونه,7,6,0.6149
طب,7,6,0.6149
اااااااطفال,7,6,0.6149
بیشمار,7,6,0.6149
بدنشون,7,6,0.6149
بور,7,6,0.6149
تهدید,206,177,0.613
قوم,202,174,0.6105
حتا,29,25,0.6094
کالا,153,132,0.6088
درو,22,19,0.6076
کوپن,22,19,0.6076
کول,22,19,0.6076
شغال,30,26,0.6041
جهانه,30,26,0.6041
واز,15,13,0.604
مرتبه,15,13,0.604
ساعتها,15,13,0.604
گشود,15,13,0.604
مجمع,15,13,0.604
حتمی,15,13,0.604
تخم,136,118,0.6031
جماعت,138,120,0.6009
سرهم,23,20,0.6007
عالمه,23,20,0.6007
میزدند,62,54,0.5992
تفرقه,39,34,0.5982
حمله,512,448,0.5951
قبر,48,42,0.5946
تلفات,64,56,0.5946
ندادن,64,56,0.5946
حقش,16,14,0.5945
لنگ,24,21,0.5945
پوچ,16,14,0.5945
بدل,24,21,0.5945
قبله,16,14,0.5945
کفاف,16,14,0.5945
عیار,16,14,0.5945
همدردی,16,14,0.5945
صاحاب,16,14,0.5945
ترن,16,14,0.5945
تدارک,8,7,0.5944
بینانه,8,7,0.5944
واگیردار,8,7,0.5944
درمیاورید,8,7,0.5944
خروار,8,7,0.5944
گرداند,8,7,0.5944
مترسک,8,7,0.5944
رسوایی,8,7,0.5944
اویز,8,7,0.5944
مهاجرا,8,7,0.5944
رقصید,8,7,0.5944
مهریه,8,7,0.5944
ناموسی,8,7,0.5944
بیرونی,8,7,0.5944
اشامیدن,8,7,0.5944
هولوکاست,8,7,0.5944
کتمان,8,7,0.5944
نخریم,8,7,0.5944
هما,8,7,0.5944
امبولانس,8,7,0.5944
زرجوب,8,7,0.5944
افریده,8,7,0.5944
شاهی,8,7,0.5944
لابه,8,7,0.5944
میدانستم,8,7,0.5944
تجویز,8,7,0.5944
خزعبل,8,7,0.5944
گند,113,99,0.5934
نفرین,33,29,0.5902
لاب,25,22,0.5888
عمه,25,22,0.5888
اشکار,25,22,0.5888
میشویم,25,22,0.5888
حرمت,25,22,0.5888
روحیه,17,15,0.5861
کشنده,17,15,0.5861
تهمت,17,15,0.5861
بیشعوری,17,15,0.5861
ناپایدار,17,15,0.5861
بیل,43,38,0.5846
سگه,26,23,0.5836
انگشت,26,23,0.5836
فنا,61,54,0.5829
طمع,35,31,0.5824
قرن,149,132,0.5823
شلوغ,53,47,0.5812
ریدم,62,55,0.5809
گردن,179,159,0.5797
فریب,45,40,0.5788
سفت,27,24,0.5788
خشکسالیه,27,24,0.5788
سوسیس,9,8,0.5787
تمسخر,9,8,0.5787
پرسه,9,8,0.5787
چرکین,9,8,0.5787
کوله,9,8,0.5787
شمشیر,9,8,0.5787
براورده,9,8,0.5787
گاییده,18,16,0.5787
معتاد,18,16,0.5787
بخود,9,8,0.5787
نمیخواهید,18,16,0.5787
محرمانه,9,8,0.5787
رقمی,9,8,0.5787
اراز,9,8,0.5787
نمیخواست,9,8,0.5787
پژمرده,9,8,0.5787
ربا,9,8,0.5787
زبانه,9,8,0.5787
کوری,18,16,0.5787
هوار,9,8,0.5787
زننده,9,8,0.5787
اینطرف,9,8,0.5787
صدم,9,8,0.5787
نحس,18,16,0.5787
معصیت,9,8,0.5787
اوقاف,9,8,0.5787
سس,9,8,0.5787
میگذاشتی,9,8,0.5787
کسشعر,18,16,0.5787
طرز,46,41,0.5761
یسری,28,25,0.5743
دردسر,19,17,0.5722
سرشون,38,34,0.5722
کفر,19,17,0.5722
کارگری,19,17,0.5722
فرونشستها,19,17,0.5722
گرما,239,214,0.5718
غریب,58,52,0.5703
پرید,29,26,0.5702
رحم,129,116,0.5674
اکوسیستم,220,198,0.5666
چاق,50,45,0.5664
فامیل,50,45,0.5664
ابرو,40,36,0.5664
بازنشستگی,10,9,0.5663
نبیند,10,9,0.5663
یورش,10,9,0.5663
تطبیق,10,9,0.5663
گاییدم,10,9,0.5663
میمون,20,18,0.5663
نذاشت,10,9,0.5663
پشتش,10,9,0.5663
پدرسوخته,10,9,0.5663
گرگاس,10,9,0.5663
ارپدرن,10,9,0.5663
ندا,10,9,0.5663
هرشب,10,9,0.5663
ارضا,10,9,0.5663
تابستانی,10,9,0.5663
تقلب,10,9,0.5663
سوره,10,9,0.5663
دبیرستان,10,9,0.5663
وال,10,9,0.5663
برمیگردند,10,9,0.5663
ممه,10,9,0.5663
سعودی,10,9,0.5663
خشکاند,20,18,0.5663
خجالت,61,55,0.5646
عطار,31,28,0.5628
تاریکی,31,28,0.5628
سکوت,136,123,0.5616
سقوط,84,76,0.5612
پیکر,21,19,0.5611
نتوانستن,21,19,0.5611
خانمان,21,19,0.5611
احمقانه,53,48,0.5601
زار,65,59,0.5579
استانه,77,70,0.5564
خار,33,30,0.5563
جک,22,20,0.5563
استعمار,22,20,0.5563
ازدیاد,44,40,0.5563
گشاده,11,10,0.5562
سازمانی,11,10,0.5562
لور,11,10,0.5562
فراری,34,31,0.5534
یتیم,23,21,0.552
نمیکردم,23,21,0.552
پایینتر,23,21,0.552
فرار,163,149,0.551
مواجه,187,171,0.5507
لجن,48,44,0.5481
حیرت,12,11,0.548
شنیدید,12,11,0.548
مجاهد,12,11,0.548
محتاج,24,22,0.548
معامله,24,22,0.548
مقدمه,12,11,0.548
میچرخد,12,11,0.548
برفرض,12,11,0.548
عمرا,12,11,0.548
اقتصاد,603,555,0.5446
نمیروند,25,23,0.5444
غمگین,25,23,0.5444
استارت,25,23,0.5444
نبارد,25,23,0.5444
کرونا,340,313,0.5441
بنزین,104,96,0.5412
دگر,13,12,0.541
میخرید,13,12,0.541
بینوا,13,12,0.541
میگیرید,26,24,0.541
اتلاف,13,12,0.541
الخصوص,13,12,0.541
ماهیت,13,12,0.541
سلمان,26,24,0.541
موهام,13,12,0.541
کلن,13,12,0.541
مشخصا,13,12,0.541
غیراستاندارد,13,12,0.541
میبیند,79,73,0.5401
جهنم,53,49,0.5395
اینترنت,93,86,0.5394
سن,81,75,0.538
پاییزه,27,25,0.538
شبها,55,51,0.5366
راند,14,13,0.5351
یونجه,14,13,0.5351
اطرافیان,14,13,0.5351
پانصد,14,13,0.5351
تضاد,14,13,0.5351
میریخت,14,13,0.5351
الاغ,43,40,0.5334
ساختگی,102,95,0.5322
قطعی,103,96,0.5315
مفت,89,83,0.5309
شوک,15,14,0.53
رسول,15,14,0.53
خرابکاری,15,14,0.53
کچل,15,14,0.53
واجب,15,14,0.53
کوره,15,14,0.53
زدگی,31,29,0.5277
گاو,125,117,0.5273
ترافیک,98,92,0.5243
مو,131,123,0.5242
نمایان,17,16,0.5216
مایحتاج,17,16,0.5216
رسوا,17,16,0.5216
پناه,69,65,0.5208
هرسال,104,98,0.5205
گرده,18,17,0.5182
امثالهم,18,17,0.5182
تاسف,36,34,0.5182
قید,18,17,0.5182
مذهب,19,18,0.5151
حیون,19,18,0.5151
تبعیض,38,36,0.5151
تراکتور,19,18,0.5151
ناز,19,18,0.5151
روضه,19,18,0.5151
میاوردند,19,18,0.5151
ترسناکه,19,18,0.5151
سرفه,19,18,0.5151
گندم,371,352,0.514
خریدن,39,37,0.5137
سینه,59,56,0.5132
خوراک,80,76,0.5124
خوان,20,19,0.5123
سکنه,40,38,0.5123
روسری,20,19,0.5123
معلول,20,19,0.5123
دشمن,386,367,0.5119
ابد,21,20,0.5098
جعلی,21,20,0.5098
نصفه,21,20,0.5098
بفروشند,21,20,0.5098
گوشت,298,284,0.5094
نصف,259,247,0.5087
خداوکیلی,22,21,0.5075
تقلیل,22,21,0.5075
فروشنده,22,21,0.5075
گراز,22,21,0.5075
مزرعه,91,87,0.506
چهارتا,46,44,0.5055
هرجا,23,22,0.5055
معاش,24,23,0.5036
زر,48,46,0.5036
روانی,48,46,0.5036
بلعید,25,24,0.5018
قطار,25,24,0.5018
سنگینی,26,25,0.5002
بمب,83,80,0.4979
بخورن,28,27,0.4974
تقاضا,59,57,0.4955
صداش,30,29,0.4949
درضمن,30,29,0.4949
سرما,100,97,0.4916
انبار,105,102,0.4901
ویروس,72,70,0.4892
مترو,36,35,0.4892
خوری,37,36,0.4884
ملت,656,639,0.4879
باعث,1070,1043,0.4877
مربوطه,38,37,0.4877
شعور,76,74,0.4877
قاچاق,126,123,0.4852
حاکمیت,85,83,0.4849
کفت,44,43,0.484
قیمت,618,605,0.4829
تورک,48,47,0.4821
تبعات,48,47,0.4821
نگران,347,340,0.4817
جنگی,56,55,0.4791
هرک,64,63,0.4768
گله,140,138,0.4755
عادت,98,97,0.4714
تحمل,103,102,0.4709
غذا,1263,1253,0.4702
دهان,155,154,0.4676
زبان,182,181,0.4667
دنیا,879,878,0.463
مجبور,203,203,0.4612
ریشه,162,162,0.4612
عظیم,92,92,0.4611
تجاوز,82,82,0.4611
کباب,51,51,0.4611
مسول,49,49,0.4611
محکوم,47,47,0.4611
خوراکی,54,54,0.4611
بهمان,10,10,0.461
بگردید,9,9,0.461
دلخوشی,10,10,0.461
بچش,9,9,0.461
استیک,10,10,0.461
اسکی,6,6,0.461
انکار,29,29,0.461
یکروز,7,7,0.461
میگشتم,32,32,0.461
خرد,42,42,0.461
زانو,15,15,0.461
ملیه,7,7,0.461
عنکبوت,9,9,0.461
جانمایی,11,11,0.461
خالیست,5,5,0.461
فست,6,6,0.461
بهادری,7,7,0.461
بختیاریه,5,5,0.461
حامله,10,10,0.461
ندم,6,6,0.461
پررنگ,14,14,0.461
جهرمی,6,6,0.461
مامانم,15,15,0.461
غذاش,8,8,0.461
میخند,6,6,0.461
رخت,12,12,0.461
برملا,5,5,0.461
سیصد,20,20,0.461
زالو,12,12,0.461
فخر,5,5,0.461
وتاب,5,5,0.461
سنگر,5,5,0.461
ناحق,13,13,0.461
ضریب,9,9,0.461
قواره,5,5,0.461
بیرویه,6,6,0.461
مانده,8,8,0.461
قهرمانی,11,11,0.461
قل,5,5,0.461
خونخوار,7,7,0.461
ژن,19,19,0.461
ضرب,35,35,0.461
نمیگویید,10,10,0.461
ملتهب,5,5,0.461
مبادله,6,6,0.461
خاکه,12,12,0.461
سوپ,5,5,0.461
ضدانقلاب,5,5,0.461
جنایت,38,38,0.461
دوزار,5,5,0.461
نیازش,5,5,0.461
رمق,11,11,0.461
لاقل,5,5,0.461
سزا,6,6,0.461
مغول,38,38,0.461
انقلاب,5,5,0.461
نمیشید,10,10,0.461
همایون,6,6,0.461
ادما,5,5,0.461
رحمانی,6,6,0.461
ایرانشهر,10,10,0.461
دوهفته,7,7,0.461
بخرن,11,11,0.461
لبریز,9,9,0.461
پسش,5,5,0.461
حلوا,5,5,0.461
مینداخت,9,9,0.461
منکر,26,26,0.461
لال,17,17,0.461
شمانیز,5,5,0.461
مخارج,7,7,0.461
بمن,5,5,0.461
چید,7,7,0.461
حراج,13,13,0.461
حلقوم,5,5,0.461
اجبار,20,20,0.461
مشروعیت,8,8,0.461
زین,15,15,0.461
نمکزار,11,11,0.461
اسکندر,6,6,0.461
وجودی,9,9,0.461
جویبار,7,7,0.461
هجری,10,10,0.461
لندن,31,31,0.461
منهل,5,5,0.461
غریبه,18,18,0.461
نگیریم,11,11,0.461
چندنفر,5,5,0.461
خوابم,7,7,0.461
گوینده,6,6,0.461
غصب,14,14,0.461
بدا,7,7,0.461
پماد,9,9,0.461
پدید,23,23,0.461
انچناند,10,10,0.461
کوچیکتر,6,6,0.461
سپیدرود,5,5,0.461
میبندد,12,12,0.461
زمانه,34,34,0.461
هولناک,10,10,0.461
بدش,5,5,0.461
موبایل,12,12,0.461
حبیب,13,13,0.461
زنها,25,25,0.461
معناش,10,10,0.461
قرنطینه,12,12,0.461
اع,5,5,0.461
دکمه,15,15,0.461
پرهزینه,5,5,0.461
لبت,6,6,0.461
صفت,28,28,0.461
ملاقات,5,5,0.461
عزاداری,13,13,0.461
چندهزار,7,7,0.461
مکانیزم,6,6,0.461
بیولوژیک,6,6,0.461
فاحشه,11,11,0.461
میترسید,5,5,0.461
دمپایی,7,7,0.461
ایینه,12,12,0.461
رقصیدن,5,5,0.461
مضرت,6,6,0.461
ایستادن,11,11,0.461
لخت,21,21,0.461
اهمال,9,9,0.461
میداده,12,12,0.461
شیپ,5,5,0.461
نمیخواهم,22,22,0.461
مرکب,11,11,0.461
کشک,21,21,0.461
وابستگی,18,18,0.461
بشردوستانه,10,10,0.461
متحمل,9,9,0.461
اهوازیا,7,7,0.461
مشرق,5,5,0.461
مشکله,7,7,0.461
دانایی,7,7,0.461
خاکم,5,5,0.461
چلاو,6,6,0.461
اسارت,20,20,0.461
محوری,5,5,0.461
اپارتمان,21,21,0.461
امسالم,5,5,0.461
خودمم,5,5,0.461
خزنده,10,10,0.461
پیشانی,7,7,0.461
دمشون,7,7,0.461
خم,14,14,0.461
وجدانی,7,7,0.461
کشاورزیه,9,9,0.461
اولشه,6,6,0.461
فروغی,9,9,0.461
میکش,15,15,0.461
بیوفتن,5,5,0.461
نمیگویی,13,13,0.461
دامشهر,10,10,0.461
وحشیه,5,5,0.461
تومن,25,25,0.461
نخواستیم,5,5,0.461
دوساعت,9,9,0.461
قلع,11,11,0.461
قمع,9,9,0.461
فسیل,7,7,0.461
حومه,20,20,0.461
تامام,5,5,0.461
ارمغان,15,15,0.461
مسافرا,7,7,0.461
برنمیگردد,5,5,0.461
توایم,6,6,0.461
کابنه,8,8,0.461
پاشیدن,8,8,0.461
نمیزدند,5,5,0.461
ابمیوه,5,5,0.461
گندیده,6,6,0.461
شام,36,36,0.461
سیم,16,16,0.461
ضایع,16,16,0.461
چمن,26,26,0.461
ماکار,15,15,0.461
مهمانی,5,5,0.461
پیمانه,5,5,0.461
کوزه,11,11,0.461
حشمت,5,5,0.461
بوسیدنت,5,5,0.461
پسرا,8,8,0.461
گمشده,7,7,0.461
نیستین,9,9,0.461
جانباز,5,5,0.461
تاشون,5,5,0.461
شوکه,5,5,0.461
نادیده,41,41,0.461
کمیاب,39,39,0.461
سالری,10,10,0.461
شمرد,7,7,0.461
ناکافی,7,7,0.461
خیالشون,6,6,0.461
نمیگزد,8,8,0.461
تهاجم,11,11,0.461
بذا,5,5,0.461
بستس,8,8,0.461
فرونشستن,5,5,0.461
بزرگسالن,5,5,0.461
دراورد,25,25,0.461
کک,6,6,0.461
شدنشون,10,10,0.461
انگ,12,12,0.461
بنی,15,15,0.461
نمیدانست,6,6,0.461
ترکم,7,7,0.461
میلیونه,8,8,0.461
دربند,5,5,0.461
گن,6,6,0.461
تبار,11,11,0.461
نمیشناسد,11,11,0.461
اغراق,11,11,0.461
تابستانها,6,6,0.461
اوزون,9,9,0.461
ادوار,6,6,0.461
تل,34,34,0.461
فوبیا,10,10,0.461
تبلیغاتی,12,12,0.461
زمانش,7,7,0.461
گلایه,14,14,0.461
اقامت,5,5,0.461
عزیزمان,5,5,0.461
شمع,10,10,0.461
تهمتها,6,6,0.461
الرحمن,5,5,0.461
چنگ,14,14,0.461
ونک,10,10,0.461
زهره,9,9,0.461
داس,8,8,0.461
خوابه,6,6,0.461
اخته,7,7,0.461
بها,36,36,0.461
دوروز,8,8,0.461
بنظرت,12,12,0.461
پنیر,29,29,0.461
خائن,34,34,0.461
ایرانم,18,18,0.461
حوضچه,13,13,0.461
نگهدار,10,10,0.461
خیلیییی,8,8,0.461
متمرکز,8,8,0.461
ساختاری,11,11,0.461
نابرابری,9,9,0.461
وجو,8,8,0.461
بیگ,5,5,0.461
لنس,8,8,0.461
شدین,24,24,0.461
جمجمه,6,6,0.461
گوشزد,5,5,0.461
کردنی,6,6,0.461
بایدم,7,7,0.461
العمل,5,5,0.461
میفتم,8,8,0.461
بغلی,6,6,0.461
بحر,5,5,0.461
میدادید,6,6,0.461
پایبند,7,7,0.461
سیه,6,6,0.461
نتونن,8,8,0.461
عقلی,11,11,0.461
میدزدند,14,14,0.461
سین,10,10,0.461
طفلک,13,13,0.461
منجلاب,5,5,0.461
نمیدوند,5,5,0.461
شایعه,30,30,0.461
چارمحال,20,20,0.461
پیشش,7,7,0.461
نمیپذیرد,7,7,0.461
نمیزند,6,6,0.461
دزدده,21,21,0.461
بری,6,6,0.461
نمیگذرد,5,5,0.461
دلتنگ,11,11,0.461
ناخوداگاه,15,15,0.461
مشکل,1609,1625,0.4527
خوار,203,205,0.4514
دعوا,92,93,0.4503
مهاجر,321,325,0.4489
فلات,77,78,0.4482
جمعیت,675,685,0.4469
تنش,65,66,0.4458
داخلی,128,130,0.4456
همینطوری,63,64,0.4453
کارا,61,62,0.4448
دامدار,56,57,0.4434
بازار,213,217,0.4426
میبارد,49,50,0.4409
افت,93,95,0.4398
پیشه,46,47,0.4395
نمیکنیم,40,41,0.4364
سواد,80,82,0.4364
ذوب,120,123,0.4364
تجارت,39,40,0.4357
میل,35,36,0.4329
پرچم,34,35,0.4321
کفایت,30,31,0.4283
مادری,30,31,0.4283
محدود,88,91,0.4276
نشینی,28,29,0.426
انگاری,28,29,0.426
کابل,28,29,0.426
گریه,138,143,0.4255
خرابه,53,55,0.424
بهانه,209,217,0.4236
بورس,25,26,0.4218
ایراد,49,51,0.4211
یارانه,72,75,0.4203
قصه,48,50,0.4202
پیاز,24,25,0.4202
پراید,24,25,0.4202
تکنولوژی,47,49,0.4194
نادرست,46,48,0.4185
میرسند,23,24,0.4185
تلف,134,140,0.4173
میدیدم,22,23,0.4166
لمس,22,23,0.4166
سکه,22,23,0.4166
درنمیاید,22,23,0.4166
وضعیت,789,826,0.4159
شهریور,43,45,0.4156
غیرقابل,106,111,0.415
دورش,21,22,0.4145
کاه,21,22,0.4145
یکجا,21,22,0.4145
حلقه,41,43,0.4134
جاندار,20,21,0.4123
چرت,59,62,0.4115
عالم,77,81,0.4104
خندید,19,20,0.4098
میشدیم,38,40,0.4098
خواستگار,19,20,0.4098
سالی,19,20,0.4098
اف,19,20,0.4098
قاضی,38,40,0.4098
نذری,19,20,0.4098
ارم,19,20,0.4098
دچار,445,469,0.4089
دلار,222,234,0.4086
شیوع,37,39,0.4084
نمیتوانند,74,78,0.4084
سرد,92,97,0.4082
تفکر,91,96,0.4076
گرگ,90,95,0.407
معده,18,19,0.407
پشمام,18,19,0.407
گوسفند,120,127,0.4044
میمان,17,18,0.4039
خواهرم,17,18,0.4039
خون,314,333,0.4025
نوین,33,35,0.4022
بلوچ,33,35,0.4022
ماشائالله,16,17,0.4004
ارایش,16,17,0.4004
جانم,16,17,0.4004
کره,159,169,0.4002
احساس,205,218,0.3997
کرم,47,50,0.3992
ایران,4067,4342,0.3991
ماله,61,65,0.3976
جهان,1419,1515,0.3968
اجتماع,15,16,0.3965
پیشرو,15,16,0.3965
عاقل,30,32,0.3965
تلفن,15,16,0.3965
زامبی,15,16,0.3965
میدانستند,15,16,0.3965
خاکستری,15,16,0.3965
نگفتن,15,16,0.3965
حلق,15,16,0.3965
الاحواز,15,16,0.3965
نخوردن,15,16,0.3965
تعرض,15,16,0.3965
چرخه,104,111,0.396
پیچیده,44,47,0.3951
معضل,146,156,0.3949
دین,102,109,0.3947
زندگی,989,1058,0.3944
میزدیم,14,15,0.3921
نرفتن,14,15,0.3921
رکورد,28,30,0.3921
گیتس,14,15,0.3921
گرانتر,28,30,0.3921
دراوردن,28,30,0.3921
بفهمن,14,15,0.3921
نمیفهمید,14,15,0.3921
پرتاب,14,15,0.3921
کش,251,269,0.392
منقرض,69,74,0.3911
تربیت,41,44,0.3904
شاعر,40,43,0.3887
جنگید,13,14,0.387
حقشون,13,14,0.387
جنایتکار,13,14,0.387
ریس,13,14,0.387
میاندازد,13,14,0.387
چرخ,39,42,0.387
غلام,13,14,0.387
شن,117,126,0.387
مشروطه,13,14,0.387
وحت,13,14,0.387
مظلومیت,13,14,0.387
کورد,13,14,0.387
اصیل,13,14,0.387
تعالی,13,14,0.387
شصت,26,28,0.3869
دردناک,26,28,0.3869
ثبات,26,28,0.3869
میفرستند,26,28,0.3869
قطع,305,329,0.3855
میرساند,25,27,0.3841
دیوث,25,27,0.3841
دینی,25,27,0.3841
طوفان,291,315,0.382
فرستادن,24,26,0.381
روت,12,13,0.381
مفسد,12,13,0.381
پندار,12,13,0.381
وضعش,12,13,0.381
گرانه,12,13,0.381
غرور,12,13,0.381
افسانه,24,26,0.381
نخود,12,13,0.381
باسیل,12,13,0.381
سرتون,24,26,0.381
فامیلی,12,13,0.381
ترک,238,258,0.3805
نیومده,142,154,0.38
بخدا,105,114,0.3789
رمضان,35,38,0.3788
نمیشم,23,25,0.3777
بدر,23,25,0.3777
روزگار,92,100,0.3777
نود,46,50,0.3777
هدر,80,87,0.3772
پرستار,11,12,0.3741
سربازی,11,12,0.3741
کشتارگاه,11,12,0.3741
بمونی,11,12,0.3741
ابزی,22,24,0.3741
بت,22,24,0.3741
طلبکار,22,24,0.3741
زان,11,12,0.3741
هرزه,11,12,0.3741
درایت,11,12,0.3741
انفعال,11,12,0.3741
دونه,11,12,0.3741
غرض,11,12,0.3741
باج,11,12,0.3741
درمانده,11,12,0.3741
حقه,11,12,0.3741
پتو,11,12,0.3741
ندادی,11,12,0.3741
ماسه,33,36,0.374
نمیکرد,33,36,0.374
مرغ,249,272,0.3729
هلو,54,59,0.3725
لیاقت,43,47,0.3721
اصرار,43,47,0.3721
پول,571,625,0.3711
خاکستر,21,23,0.3701
ارزان,42,46,0.3701
جازموری,21,23,0.3701
میش,21,23,0.3701
پتانسیل,31,34,0.3687
نازل,31,34,0.3687
مبتلا,31,34,0.3687
بیگانه,41,45,0.368
رفیق,71,78,0.367
بیابان,201,221,0.3663
تخریب,389,428,0.3658
موجودیت,10,11,0.3658
ولشون,10,11,0.3658
زید,10,11,0.3658
پازل,10,11,0.3658
بغداد,10,11,0.3658
بلده,10,11,0.3658
اسیدی,10,11,0.3658
بنگاه,10,11,0.3658
والد,10,11,0.3658
قومگرا,10,11,0.3658
میترسد,10,11,0.3658
هرماه,10,11,0.3658
مبهم,10,11,0.3658
نزار,10,11,0.3658
تمامیت,10,11,0.3658
مام,20,22,0.3658
ولگرده,10,11,0.3658
نمونش,10,11,0.3658
اجر,10,11,0.3658
کینه,29,32,0.3626
هربار,29,32,0.3626
خرید,528,583,0.3623
تقصیر,152,168,0.3611
توام,19,21,0.361
قرنها,19,21,0.361
دماغ,19,21,0.361
کالیفرنیا,19,21,0.361
ریزگرد,235,260,0.3601
فرمان,28,31,0.3593
هرلحظه,28,31,0.3593
مغازه,65,72,0.3588
رقم,74,82,0.3584
میزنیم,55,61,0.3575
شنی,9,10,0.3558
شیر,216,240,0.3558
حیواناته,9,10,0.3558
یزرع,9,10,0.3558
کنج,9,10,0.3558
برمیاید,9,10,0.3558
نظامی,9,10,0.3558
اویزون,9,10,0.3558
روزم,9,10,0.3558
صعب,9,10,0.3558
مزاحمت,9,10,0.3558
نزدیکان,9,10,0.3558
حفرشده,9,10,0.3558
امنه,9,10,0.3558
همهگیری,9,10,0.3558
شهرم,9,10,0.3558
ایر,9,10,0.3558
شاهد,198,220,0.3558
سواستفاده,18,20,0.3557
ار,18,20,0.3557
خواهر,63,70,0.3557
اتمی,53,59,0.3538
خالی,299,333,0.3535
تار,35,39,0.3529
خوابد,35,39,0.3529
دخالت,69,77,0.3514
رب,17,19,0.3499
عرب,85,95,0.3499
خیمه,17,19,0.3499
بلایا,34,38,0.3498
دروازه,25,28,0.3477
چندسال,58,65,0.3471
زمستان,164,184,0.3461
فکری,122,137,0.3452
قلم,65,73,0.345
گرمایش,97,109,0.3445
زنگ,129,145,0.3442
بازنده,8,9,0.3434
خداحافظی,8,9,0.3434
پایمال,8,9,0.3434
مختار,8,9,0.3434
روانشناسی,8,9,0.3434
میکروب,8,9,0.3434
توشون,8,9,0.3434
نمیشوید,8,9,0.3434
لت,8,9,0.3434
ماسال,8,9,0.3434
کارگردان,8,9,0.3434
فیروزه,8,9,0.3434
صیف,8,9,0.3434
قورت,8,9,0.3434
کسیه,8,9,0.3434
نهار,8,9,0.3434
تصاعد,8,9,0.3434
مسئولانه,8,9,0.3434
چخبر,8,9,0.3434
اسهال,8,9,0.3434
هرچیز,8,9,0.3434
هارو,8,9,0.3434
کاروانسرا,8,9,0.3434
ترفند,8,9,0.3434
درجا,8,9,0.3434
ورد,8,9,0.3434
تورا,8,9,0.3434
نعل,8,9,0.3434
گزند,8,9,0.3434
پدرج,8,9,0.3434
کرایه,8,9,0.3434
چهارمحاله,8,9,0.3434
اونچه,8,9,0.3434
ریحانه,8,9,0.3434
بیگناه,24,27,0.3433
گریست,16,18,0.3433
نحو,16,18,0.3433
لیس,16,18,0.3433
موز,16,18,0.3433
تانک,16,18,0.3433
همینجا,24,27,0.3433
یزید,16,18,0.3433
جگر,16,18,0.3433
مین,16,18,0.3433
کله,80,90,0.3433
هار,198,223,0.3423
اجاره,39,44,0.3404
برقی,31,35,0.3397
فرشته,31,35,0.3397
پنجاه,54,61,0.3392
فراوان,77,87,0.339
نشین,77,87,0.339
نوزاد,23,26,0.3385
درک,167,189,0.3374
جورا,15,17,0.3359
لحن,15,17,0.3359
تمایل,15,17,0.3359
پائین,15,17,0.3359
شدنه,15,17,0.3359
سرپناه,15,17,0.3359
هلال,15,17,0.3359
راجیف,15,17,0.3359
نمیروم,15,17,0.3359
شراب,15,17,0.3359
رایج,15,17,0.3359
نیومد,30,34,0.3359
توکار,15,17,0.3359
ریت,30,34,0.3359
مگس,15,17,0.3359
سیل,766,869,0.3354
میهن,37,42,0.3343
بدنبال,22,25,0.3332
نمیدانیم,22,25,0.3332
ادمیزاد,22,25,0.3332
بن,100,114,0.3301
طبقه,57,65,0.3297
کوچه,135,154,0.3294
بشر,148,169,0.3284
دهنتو,7,8,0.3277
پانتورک,7,8,0.3277
خامه,7,8,0.3277
ذبح,7,8,0.3277
باروت,7,8,0.3277
دریک,7,8,0.3277
کووید,7,8,0.3277
گاییدن,7,8,0.3277
تعلیم,7,8,0.3277
نگهش,7,8,0.3277
بناشده,7,8,0.3277
پاپ,7,8,0.3277
گوگولی,7,8,0.3277
خانومه,7,8,0.3277
معشوق,7,8,0.3277
انشائالله,7,8,0.3277
طیور,7,8,0.3277
الفرج,7,8,0.3277
مزد,7,8,0.3277
چشمشون,7,8,0.3277
نمیگیرید,7,8,0.3277
پارتنر,7,8,0.3277
ارازل,7,8,0.3277
مشاع,7,8,0.3277
موذی,7,8,0.3277
میزدید,7,8,0.3277
دهکده,7,8,0.3277
دیگم,7,8,0.3277
نشخوار,7,8,0.3277
سینگل,7,8,0.3277
طویله,7,8,0.3277
اسایش,21,24,0.3276
سرگرمی,14,16,0.3276
روشنفکر,14,16,0.3276
عکاسی,14,16,0.3276
هخامنشی,14,16,0.3276
افق,14,16,0.3276
دوز,28,32,0.3275
دروغ,473,542,0.3252
دوسال,41,47,0.3245
ممنوعه,20,23,0.3213
ادا,46,53,0.3194
ارشاد,39,45,0.318
میرسی,13,15,0.318
ظاهری,13,15,0.318
دکل,13,15,0.318
امروزم,13,15,0.318
دوگانه,13,15,0.318
کانون,78,90,0.318
شروع,428,495,0.3159
لر,51,59,0.3154
تدریجی,19,22,0.3145
هایمان,19,22,0.3145
ادمه,19,22,0.3145
تجهیزات,25,29,0.3127
رستم,25,29,0.3127
دستت,25,29,0.3127
جامعه,305,354,0.3122
مردمه,31,36,0.3115
شیرینی,31,36,0.3115
میرفتند,31,36,0.3115
اروپایی,37,43,0.3108
دامداری,37,43,0.3108
تصور,86,100,0.3103
عمدی,92,107,0.31
سنگین,92,107,0.31
بغل,49,57,0.3098
صدا,397,462,0.3097
اس,55,64,0.3095
گوش,189,220,0.3093
جنسیتی,6,7,0.3071
هنگ,6,7,0.3071
سیاستگذاری,6,7,0.3071
جه,6,7,0.3071
چخبره,6,7,0.3071
تخمیه,6,7,0.3071
پیکره,6,7,0.3071
کامبک,6,7,0.3071
چهارپا,6,7,0.3071
منتظرن,6,7,0.3071
فود,6,7,0.3071
اینترنتی,6,7,0.3071
گردون,6,7,0.3071
زیباکلام,6,7,0.3071
خلیفه,6,7,0.3071
قر,6,7,0.3071
بگرد,6,7,0.3071
سکسی,6,7,0.3071
سپیده,6,7,0.3071
انبان,6,7,0.3071
جون,6,7,0.3071
دراید,6,7,0.3071
بوران,6,7,0.3071
نونی,6,7,0.3071
خبرنگاری,6,7,0.3071
ناوگان,6,7,0.3071
جلم,6,7,0.3071
تسلط,6,7,0.3071
اغتشاش,6,7,0.3071
حوادث,6,7,0.3071
زارت,6,7,0.3071
قاجاریه,6,7,0.3071
میخوردیم,12,14,0.307
غلیظ,12,14,0.307
موازی,12,14,0.307
هدفشون,12,14,0.307
تعارف,12,14,0.307
تئوری,12,14,0.307
ببار,12,14,0.307
رعد,12,14,0.307
ماشالا,12,14,0.307
میفرستد,12,14,0.307
چرند,12,14,0.307
محال,18,21,0.3069
حافظه,18,21,0.3069
داروخانه,18,21,0.3069
برگشتن,18,21,0.3069
فتح,18,21,0.3069
کالری,18,21,0.3069
میبود,18,21,0.3069
وفور,24,28,0.3069
مخلوق,24,28,0.3069
نبودن,90,105,0.3069
نمیرسد,72,84,0.3069
گرایی,24,28,0.3069
ریدن,36,42,0.3069
گردانی,24,28,0.3069
گرم,226,264,0.3058
مظلوم,83,97,0.3052
خانواده,237,277,0.3052
دهها,88,103,0.3037
واردات,76,89,0.3032
نصیب,29,34,0.302
ابتکار,23,27,0.3007
خوندم,23,27,0.3007
خان,46,54,0.3007
منجر,103,121,0.3
پدربزرگ,40,47,0.2998
هاشو,17,20,0.2986
عروس,17,20,0.2986
گول,34,40,0.2986
نمیتوانیم,34,40,0.2986
محصول,279,329,0.2964
کشت,741,874,0.2964
یارو,67,79,0.2963
قیامت,11,13,0.2941
دولتمرد,11,13,0.2941
زینب,11,13,0.2941
ورزید,11,13,0.2941
چهارمین,11,13,0.2941
بخواب,11,13,0.2941
اقاج,11,13,0.2941
جوک,11,13,0.2941
جلال,11,13,0.2941
قائم,11,13,0.2941
اشرف,22,26,0.294
تلویزیون,44,52,0.294
ترکی,22,26,0.294
بیخود,22,26,0.294
تاریخ,373,441,0.2938
دیوار,93,110,0.2932
دوری,27,32,0.2912
یزدی,27,32,0.2912
فراگیر,27,32,0.2912
شدنی,16,19,0.2893
کمین,16,19,0.2893
زدین,16,19,0.2893
یاس,16,19,0.2893
پایانه,16,19,0.2893
دولته,16,19,0.2893
یجا,16,19,0.2893
بارگزاری,32,38,0.2892
قران,32,38,0.2892
میبندند,21,25,0.2867
پرشده,21,25,0.2867
ریده,21,25,0.2867
چاقو,21,25,0.2867
رها,131,156,0.2864
کشور,2672,3190,0.2856
حبس,26,31,0.2852
میلیاردی,26,31,0.2852
عرضه,83,99,0.2848
سیب,114,136,0.2846
کراش,31,37,0.2841
میشوید,31,37,0.2841
چاپ,31,37,0.2841
خرما,31,37,0.2841
پرده,31,37,0.2841
صدمه,36,43,0.2834
نمیتوانم,36,43,0.2834
فاضلی,5,6,0.279
اعتباری,5,6,0.279
سگم,5,6,0.279
اقیانوسی,5,6,0.279
هالیوودی,5,6,0.279
تنگنا,5,6,0.279
منوال,5,6,0.279
باگت,5,6,0.279
بازدارنده,5,6,0.279
سالیه,5,6,0.279
عقد,5,6,0.279
توخالی,5,6,0.279
اکادم,5,6,0.279
دیوس,5,6,0.279
باخبر,5,6,0.279
فیلترشکن,5,6,0.279
پلمپ,5,6,0.279
استخوانی,5,6,0.279
گولم,5,6,0.279
بازدهی,5,6,0.279
الت,5,6,0.279
زردالو,5,6,0.279
فاند,5,6,0.279
صریح,5,6,0.279
معبد,5,6,0.279
شبنم,5,6,0.279
صبحگاهی,5,6,0.279
خشت,5,6,0.279
شرایطش,5,6,0.279
جمعش,5,6,0.279
روشه,5,6,0.279
انشعاب,5,6,0.279
شدنش,5,6,0.279
شنها,5,6,0.279
خردی,5,6,0.279
زهر,5,6,0.279
گلوبالیست,5,6,0.279
دوپا,5,6,0.279
طومار,5,6,0.279
میچرخند,5,6,0.279
باسیاست,5,6,0.279
پاست,5,6,0.279
چتونه,5,6,0.279
توانستید,5,6,0.279
دربارش,5,6,0.279
انحصاری,5,6,0.279
فریبی,5,6,0.279
موتورسیکلت,5,6,0.279
تراس,5,6,0.279
صدت,5,6,0.279
هف,5,6,0.279
نگفتیم,5,6,0.279
کمپانی,5,6,0.279
درحد,5,6,0.279
پالم,5,6,0.279
درصدش,5,6,0.279
کثافتکاری,5,6,0.279
میانجامد,5,6,0.279
هوشیاری,5,6,0.279
محرک,5,6,0.279
درکه,5,6,0.279
کاریه,5,6,0.279
اوله,5,6,0.279
خیارشور,5,6,0.279
دمار,5,6,0.279
استفراغ,5,6,0.279
ویروسی,5,6,0.279
منجیل,5,6,0.279
سازمانها,5,6,0.279
پایت,5,6,0.279
پاشنه,5,6,0.279
مسواک,5,6,0.279
شاهنامه,5,6,0.279
توز,5,6,0.279
ادام,5,6,0.279
اصا,5,6,0.279
مقدم,10,12,0.2789
علاج,10,12,0.2789
استثمار,10,12,0.2789
منجی,10,12,0.2789
سوییس,10,12,0.2789
هویج,10,12,0.2789
معذرت,10,12,0.2789
اخی,10,12,0.2789
چمدان,10,12,0.2789
نمودن,10,12,0.2789
کصشر,10,12,0.2789
خوردنی,10,12,0.2789
افرود,10,12,0.2789
شجاعت,10,12,0.2789
بزرگتری,10,12,0.2789
تکه,140,168,0.2788
بازیگر,30,36,0.2788
میفروشد,15,18,0.2788
نوک,20,24,0.2788
میدارند,15,18,0.2788
ژنتیکی,15,18,0.2788
باور,186,224,0.2752
حالم,44,53,0.275
اردوغان,34,41,0.2739
سیستم,131,158,0.2737
جان,796,962,0.2721
شب,422,510,0.2719
نمیامد,24,29,0.2719
انصاف,24,29,0.2719
تاکسی,24,29,0.2719
طبیعت,567,686,0.2708
نخل,62,75,0.2707
مرداب,19,23,0.2701
بدهی,19,23,0.2701
خداییش,19,23,0.2701
همجوار,19,23,0.2701
فروختن,19,23,0.2701
نم,38,46,0.27
داغ,71,86,0.2694
خطره,14,17,0.267
صبر,70,85,0.2669
ازر,28,34,0.2669
قدرت,191,232,0.2667
شهردار,51,62,0.2658
کارت,74,90,0.2653
دندان,37,45,0.2653
اساسی,106,129,0.2647
خلوت,23,28,0.2644
خاورمیانه,96,117,0.2633
شرجی,32,39,0.2633
خارجی,127,155,0.2619
تکرار,95,116,0.2614
ماده,384,469,0.2613
بدند,9,11,0.2605
پاسخگویی,9,11,0.2605
عددی,9,11,0.2605
وفادار,9,11,0.2605
میشورد,9,11,0.2605
عیان,9,11,0.2605
طوطی,9,11,0.2605
کوردستان,9,11,0.2605
دلقک,9,11,0.2605
چیزیش,9,11,0.2605
مشهود,9,11,0.2605
هرز,9,11,0.2605
بمونم,9,11,0.2605
اعتقادی,9,11,0.2605
کردواند,9,11,0.2605
یلدا,9,11,0.2605
نمیتوانستند,9,11,0.2605
بوسیله,9,11,0.2605
میریزید,9,11,0.2605
اشپزی,9,11,0.2605
تاپ,9,11,0.2605
دوستمون,9,11,0.2605
زائر,9,11,0.2605
میدادم,18,22,0.2604
ضابطه,18,22,0.2604
متعدد,45,55,0.2604
نیا,27,33,0.2604
ادبیات,27,33,0.2604
پام,18,22,0.2604
اشغالی,18,22,0.2604
میگرفتند,27,33,0.2604
افراط,18,22,0.2604
شکر,125,153,0.259
باخت,40,49,0.2581
سرزمین,275,337,0.2579
میرفتم,31,38,0.2575
سرنوشت,62,76,0.2575
رساند,62,76,0.2575
سکس,31,38,0.2575
لاغر,31,38,0.2575
لکه,22,27,0.2563
نامناسب,22,27,0.2563
زندگیشون,22,27,0.2563
زنجیره,44,54,0.2563
جدایی,13,16,0.2535
بمونیم,13,16,0.2535
دهقان,13,16,0.2535
کبوتر,13,16,0.2535
سرسبزی,13,16,0.2535
اقیانوسها,13,16,0.2535
چشمام,13,16,0.2535
وفا,13,16,0.2535
سالش,13,16,0.2535
محو,26,32,0.2535
دوش,39,48,0.2534
گر,43,53,0.252
غم,163,201,0.2516
گوشه,60,74,0.2514
سرم,30,37,0.2514
موش,77,95,0.251
عهد,17,21,0.2498
میگردد,34,42,0.2498
اخلاق,34,42,0.2498
راهش,17,21,0.2498
گلو,34,42,0.2498
کارخانه,215,266,0.2483
کارمند,42,52,0.2475
دان,21,26,0.2475
درامد,188,233,0.2465
بخشش,25,31,0.246
فریاد,83,103,0.2452
دغدغه,123,153,0.2428
فوت,49,61,0.242
لباس,113,141,0.2397
عطش,8,10,0.2381
مداخله,8,10,0.2381
ارضی,8,10,0.2381
عادیه,8,10,0.2381
قمارباز,8,10,0.2381
ارزشی,8,10,0.2381
ببندید,8,10,0.2381
یخورده,8,10,0.2381
زایش,8,10,0.2381
حلیم,8,10,0.2381
بلک,8,10,0.2381
تربت,8,10,0.2381
سینا,8,10,0.2381
رودم,8,10,0.2381
یغما,8,10,0.2381
نباشن,8,10,0.2381
قرمه,8,10,0.2381
اندیشید,8,10,0.2381
پوشاند,8,10,0.2381
خوشبخت,8,10,0.2381
اباده,8,10,0.2381
نشد,8,10,0.2381
اغتشاشگر,8,10,0.2381
استوار,8,10,0.2381
ابز,8,10,0.2381
درنیامد,8,10,0.2381
شاغل,8,10,0.2381
رمان,8,10,0.2381
موزیک,20,25,0.238
میافتند,16,20,0.238
نامرد,24,30,0.238
عمد,20,25,0.238
فرضا,12,15,0.238
اینجام,12,15,0.238
نمیبینی,24,30,0.238
دیوان,12,15,0.238
متمدن,16,20,0.238
روشنفکری,24,30,0.238
چندبار,12,15,0.238
خوابده,12,15,0.238
سرامیک,20,25,0.238
سراب,28,35,0.238
مزه,24,30,0.238
پوشیده,16,20,0.238
سرتاسر,12,15,0.238
عبرت,12,15,0.238
کوبید,12,15,0.238
بخرم,32,40,0.2379
تابستان,186,233,0.2358
قلب,142,178,0.2351
سایه,67,84,0.235
مرز,126,158,0.2348
نمیدهد,118,148,0.2346
مسکن,86,108,0.2333
دود,78,98,0.2328
شوره,35,44,0.2322
رویه,186,234,0.2315
کیک,27,34,0.2306
اعتصاب,23,29,0.2293
مشتری,23,29,0.2293
هشتاد,23,29,0.2293
تحریک,23,29,0.2293
باطل,23,29,0.2293
تب,23,29,0.2293
امن,38,48,0.2275
نجف,19,24,0.2275
ربطش,19,24,0.2275
قربانی,102,129,0.2262
فولاد,287,363,0.2262
مهاجم,49,62,0.2258
ایضا,15,19,0.2248
برمیدارد,15,19,0.2248
حلش,15,19,0.2248
هو,15,19,0.2248
پخت,15,19,0.2248
فاطمه,15,19,0.2248
سفارش,30,38,0.2247
ماهه,45,57,0.2247
بو,198,251,0.2239
کمه,41,52,0.2234
فسیلی,26,33,0.2227
جات,26,33,0.2227
اینبار,26,33,0.2227
برنج,318,404,0.2218
پرت,70,89,0.2209
خادم,11,14,0.22
حرامی,11,14,0.22
احمر,11,14,0.22
بساط,22,28,0.22
جبهه,22,28,0.22
ختم,22,28,0.22
واین,11,14,0.22
ساندویچ,11,14,0.22
نیفته,11,14,0.22
سوپر,11,14,0.22
سوا,11,14,0.22
نفهمید,11,14,0.22
پشیمان,11,14,0.22
تخمین,11,14,0.22
بودنشون,11,14,0.22
سیستان,164,209,0.2186
سرازیر,29,37,0.2175
وسیع,47,60,0.2169
میاورند,18,23,0.216
پارت,18,23,0.216
رگبار,18,23,0.216
طلا,79,101,0.2154
بادی,25,32,0.2142
روح,75,96,0.2142
پنجره,57,73,0.2137
سرخ,89,114,0.2135
لعنتی,39,50,0.2126
گره,39,50,0.2126
کمترن,39,50,0.2126
نمست,60,77,0.2116
حساب,295,379,0.2106
بشار,7,9,0.21
ایرج,7,9,0.21
کسخلی,7,9,0.21
خیابونها,7,9,0.21
ماتحت,7,9,0.21
غریزی,7,9,0.21
بیهوش,7,9,0.21
بفرستن,7,9,0.21
افشا,7,9,0.21
استین,7,9,0.21
وادار,7,9,0.21
ابخور,7,9,0.21
جن,7,9,0.21
تلسکوپ,7,9,0.21
شهامت,7,9,0.21
رست,7,9,0.21
میدیدیم,7,9,0.21
پادگان,7,9,0.21
فالوور,7,9,0.21
سریا,7,9,0.21
غبارالود,7,9,0.21
حصر,7,9,0.21
رپ,7,9,0.21
اونورتر,7,9,0.21
مسیحی,7,9,0.21
تراریخته,7,9,0.21
بمولا,7,9,0.21
ناگوار,7,9,0.21
فوتی,7,9,0.21
پدرت,7,9,0.21
مسن,7,9,0.21
مشهور,14,18,0.2099
نمایندها,14,18,0.2099
شنوا,14,18,0.2099
کنسل,14,18,0.2099
رفتین,14,18,0.2099
نبی,14,18,0.2099
غیور,14,18,0.2099
وزنده,21,27,0.2098
سامان,42,54,0.2098
بانی,42,54,0.2098
نکردن,115,148,0.2088
پا,317,408,0.2088
اینکار,66,85,0.2081
بانمک,59,76,0.2079
اهن,142,183,0.2074
خرج,131,169,0.2064
میانه,24,31,0.2052
منفی,58,75,0.204
جانب,17,22,0.2033
ایالت,17,22,0.2033
وبه,17,22,0.2033
نگویم,17,22,0.2033
نشانه,85,110,0.2032
میداند,27,35,0.2016
هسته,117,152,0.1994
اونیکه,10,13,0.1989
زادگاه,10,13,0.1989
نسلشون,10,13,0.1989
زیردست,10,13,0.1989
افتها,10,13,0.1989
معنوی,10,13,0.1989
فلفل,10,13,0.1989
بولد,10,13,0.1989
دانا,10,13,0.1989
میگردم,10,13,0.1989
نمیرفت,10,13,0.1989
خانوادگی,20,26,0.1988
طفل,20,26,0.1988
ترسناک,40,52,0.1987
خاموش,80,104,0.1987
زیرساخت,46,60,0.1954
مس,36,47,0.1945
جنسی,36,47,0.1945
وله,13,17,0.1929
اصلش,13,17,0.1929
میفهمند,13,17,0.1929
بجاش,13,17,0.1929
صیغه,13,17,0.1929
خانوار,13,17,0.1929
ناپدید,13,17,0.1929
ذهنی,13,17,0.1929
نیشابوری,13,17,0.1929
سفره,159,208,0.1925
سراو,29,38,0.1908
مادربزرگ,29,38,0.1908
تفاوت,29,38,0.1908
متروکه,16,21,0.1892
درش,16,21,0.1892
هه,16,21,0.1892
سرریز,16,21,0.1892
ازاینکه,48,63,0.1891
چاه,375,493,0.1876
لباشدا,19,25,0.1867
توریسم,19,25,0.1867
جیب,76,100,0.1866
تایم,41,54,0.1857
ملک,82,108,0.1857
لیست,41,54,0.1857
میکردیم,63,83,0.1854
غرق,107,141,0.1851
بهروز,22,29,0.1849
دویست,22,29,0.1849
پشم,22,29,0.1849
کوتاهی,22,29,0.1849
عدالت,66,87,0.1848
گاوخونی,185,244,0.1843
عروسی,25,33,0.1835
نمیگذارند,25,33,0.1835
احتیاج,25,33,0.1835
منحرف,25,33,0.1835
تبدیل,367,485,0.1824
واکسن,171,226,0.1822
وحشی,179,237,0.1804
الود,37,49,0.1802
یزد,502,665,0.18
نمیکنم,77,102,0.1799
توافق,40,53,0.1797
پدری,43,57,0.1792
قیام,43,57,0.1792
ایرانی,606,804,0.1786
مال,315,418,0.1782
برگ,61,81,0.1775
عمر,131,174,0.1772
پاییز,94,125,0.1761
سال,4196,5592,0.1756
لودر,6,8,0.1737
نخر,6,8,0.1737
هالیوود,6,8,0.1737
هییچ,6,8,0.1737
مسله,6,8,0.1737
نکشیده,6,8,0.1737
مولو,6,8,0.1737
سفسطه,6,8,0.1737
نرین,6,8,0.1737
حی,6,8,0.1737
تویتر,6,8,0.1737
منهدم,6,8,0.1737
تهاجمی,6,8,0.1737
درسی,6,8,0.1737
متعفن,6,8,0.1737
پیشبرد,6,8,0.1737
تشویش,6,8,0.1737
رضائیه,6,8,0.1737
تعدیل,6,8,0.1737
نیوفتاده,6,8,0.1737
محسوس,6,8,0.1737
سانتیمانتال,6,8,0.1737
شیله,6,8,0.1737
ستار,6,8,0.1737
سخاوت,6,8,0.1737
اقناع,6,8,0.1737
العبور,6,8,0.1737
دغه,6,8,0.1737
فرامی,6,8,0.1737
تعلل,6,8,0.1737
برقراری,6,8,0.1737
سوزان,6,8,0.1737
شرع,6,8,0.1737
یال,6,8,0.1737
اتکا,6,8,0.1737
اسما,6,8,0.1737
نگیرن,6,8,0.1737
ماندگاری,6,8,0.1737
میشنویم,6,8,0.1737
گاری,6,8,0.1737
نشاند,9,12,0.1736
سان,9,12,0.1736
برجا,9,12,0.1736
شاهنشاهی,9,12,0.1736
ابدا,9,12,0.1736
دورریز,9,12,0.1736
عقرب,9,12,0.1736
ارسبار,9,12,0.1736
بدنت,9,12,0.1736
وحدت,9,12,0.1736
پودر,9,12,0.1736
چار,9,12,0.1736
توازن,9,12,0.1736
وسه,9,12,0.1736
نظاره,9,12,0.1736
میروید,9,12,0.1736
الملل,9,12,0.1736
میتوانستیم,9,12,0.1736
استعمارگر,9,12,0.1736
نمیدادند,15,20,0.1735
اهسته,21,28,0.1735
شخم,21,28,0.1735
کنکور,18,24,0.1735
میخریدند,12,16,0.1735
پره,21,28,0.1735
ونیم,12,16,0.1735
روال,18,24,0.1735
شتر,21,28,0.1735
مضر,21,28,0.1735
وقتشه,18,24,0.1735
فرقه,12,16,0.1735
اقازاده,15,20,0.1735
سخن,63,84,0.1734
حساسیت,30,40,0.1734
یهویی,24,32,0.1734
نو,63,84,0.1734
صفر,72,96,0.1734
تحصیل,30,40,0.1734
زنجان,33,44,0.1734
گرمه,24,32,0.1734
یوم,30,40,0.1734
سوخت,185,247,0.1721
منو,162,217,0.1688
ماندن,53,71,0.1687
حیات,253,339,0.1685
گربه,308,413,0.1678
سرکار,41,55,0.1673
نظرت,38,51,0.1669
مسئول,526,706,0.1669
لعنت,114,153,0.1668
قهوه,73,98,0.1666
بازیکن,32,43,0.1656
محروم,55,74,0.1643
سنگ,159,214,0.164
فتنه,26,35,0.1639
ایه,23,31,0.1626
تمدن,89,120,0.1622
رفتار,143,193,0.1612
خشکاندند,20,27,0.161
ارث,20,27,0.161
مصنوعی,237,320,0.1609
حس,194,262,0.1606
دولت,794,1073,0.1602
معلوم,148,200,0.16
ناقص,17,23,0.1589
رفاه,68,92,0.1588
ازحد,68,92,0.1588
کلاس,68,92,0.1588
فردیت,62,84,0.1574
جزئی,14,19,0.1558
میافتاد,14,19,0.1558
گفتین,14,19,0.1558
پذیرش,14,19,0.1558
بمون,14,19,0.1558
شخصیت,42,57,0.1557
تبریز,182,247,0.1557
سوراخ,39,53,0.1544
فارغ,25,34,0.1536
باغ,319,434,0.1533
عادی,111,151,0.1533
کیلویی,36,49,0.1528
سود,108,147,0.1528
رسیدن,69,94,0.1519
چونکه,11,15,0.1511
غفلت,11,15,0.1511
جعفر,11,15,0.1511
منافق,11,15,0.1511
شقایق,11,15,0.1511
فرمایش,11,15,0.1511
جاریه,11,15,0.1511
وصله,11,15,0.1511
مرفه,11,15,0.1511
هیزم,11,15,0.1511
میمانند,22,30,0.151
سبزه,22,30,0.151
بادام,55,75,0.1509
شعار,101,138,0.1489
اشامیدنی,60,82,0.1487
بدست,49,67,0.1482
خشکاندن,106,145,0.1478
عیب,19,26,0.1475
همینقدر,19,26,0.1475
بدهکار,19,26,0.1475
قفسه,19,26,0.1475
انگور,19,26,0.1475
صدر,19,26,0.1475
قومیت,19,26,0.1475
اصفهانه,38,52,0.1474
روان,65,89,0.1468
خلق,46,63,0.1466
انتقام,27,37,0.146
برم,54,74,0.146
استقلال,35,48,0.1452
خانه,888,1220,0.1437
توکل,8,11,0.1429
بپرسی,8,11,0.1429
شهرت,8,11,0.1429
برانگیز,8,11,0.1429
تراژدی,8,11,0.1429
حباب,8,11,0.1429
سلسله,8,11,0.1429
فینسک,8,11,0.1429
لیبرال,8,11,0.1429
البوم,8,11,0.1429
افزایشی,8,11,0.1429
اخوی,8,11,0.1429
تظاهر,8,11,0.1429
شاگرد,8,11,0.1429
زندگیمون,8,11,0.1429
جوسازی,8,11,0.1429
رس,8,11,0.1429
حکمت,8,11,0.1429
نمرده,8,11,0.1429
بلاگر,8,11,0.1429
گشاد,8,11,0.1429
توت,8,11,0.1429
فتوا,8,11,0.1429
نوشتن,32,44,0.1427
چس,16,22,0.1427
دریابد,16,22,0.1427
بال,24,33,0.1427
اضافی,16,22,0.1427
کوچ,32,44,0.1427
پت,16,22,0.1427
بودین,16,22,0.1427
نیل,16,22,0.1427
میدوند,40,55,0.1426
سگ,3489,4808,0.1416
نقل,61,84,0.1411
گا,37,51,0.1402
فرهنگ,272,375,0.14
کج,29,40,0.1395
بشو,29,40,0.1395
الله,158,218,0.1392
تصادف,50,69,0.139
نوبت,92,127,0.1387
میگیریم,21,29,0.1384
جنازه,21,29,0.1384
لوت,21,29,0.1384
خاصیت,21,29,0.1384
یار,63,87,0.1383
تنوع,55,76,0.1377
سرباز,47,65,0.1368
تبریزی,13,18,0.1358
کاریش,13,18,0.1358
گیسو,13,18,0.1358
شعاع,13,18,0.1358
زندگیت,13,18,0.1358
تمساح,13,18,0.1358
موند,39,54,0.1357
سرت,52,72,0.1357
حشره,39,54,0.1357
رقابت,26,36,0.1357
وا,57,79,0.1347
دام,137,190,0.134
مستقیم,85,118,0.133
عوضی,18,25,0.1327
غلطه,18,25,0.1327
صندلی,18,25,0.1327
اصطلاح,36,50,0.1326
استراتژیک,36,50,0.1326
تفریح,36,50,0.1326
سنتی,54,75,0.1326
نمیتوانی,36,50,0.1326
کار,1991,2768,0.1322
هامون,141,196,0.1317
شکاف,41,57,0.1316
کلام,23,32,0.1309
اتوبوس,38,53,0.1284
وصل,38,53,0.1284
فهم,43,60,0.1279
ارزشتر,5,7,0.1251
پوش,5,7,0.1251
کلاسیک,5,7,0.1251
نمیمیرد,5,7,0.1251
اخلال,5,7,0.1251
نصفش,5,7,0.1251
کادو,5,7,0.1251
ماحصل,5,7,0.1251
حنا,5,7,0.1251
فنس,5,7,0.1251
عنی,5,7,0.1251
دستم,5,7,0.1251
پاشم,5,7,0.1251
ارادکوه,5,7,0.1251
میر,5,7,0.1251
هویدا,5,7,0.1251
دهاتی,5,7,0.1251
امامعلی,5,7,0.1251
میگرفته,5,7,0.1251
دکان,5,7,0.1251
متعادل,5,7,0.1251
میفرستیم,5,7,0.1251
خنثی,5,7,0.1251
یونیسف,5,7,0.1251
تنبیه,5,7,0.1251
نمیکشند,5,7,0.1251
وریا,5,7,0.1251
منهم,5,7,0.1251
کشاوز,5,7,0.1251
سنجید,5,7,0.1251
عرش,5,7,0.1251
چندروز,5,7,0.1251
طراح,5,7,0.1251
لیک,5,7,0.1251
میساختند,5,7,0.1251
نخواند,5,7,0.1251
شرفت,5,7,0.1251
فیسبوک,5,7,0.1251
زیرساختی,5,7,0.1251
برامده,5,7,0.1251
رامین,5,7,0.1251
عرازشه,5,7,0.1251
خال,5,7,0.1251
شمر,5,7,0.1251
فلر,5,7,0.1251
پیغمبر,5,7,0.1251
دادخواهی,5,7,0.1251
بینشون,5,7,0.1251
ورم,5,7,0.1251
دربیار,5,7,0.1251
رذالت,5,7,0.1251
روتین,5,7,0.1251
تاجر,5,7,0.1251
کنندس,5,7,0.1251
رگباری,5,7,0.1251
میگ,5,7,0.1251
ترسیم,5,7,0.1251
پلن,10,14,0.1248
دوبرابر,10,14,0.1248
کبک,10,14,0.1248
درسال,10,14,0.1248
شفا,10,14,0.1248
مسلط,10,14,0.1248
دفترچه,10,14,0.1248
الکل,10,14,0.1248
دامان,10,14,0.1248
برهه,10,14,0.1248
شعبه,20,28,0.1247
حدیث,20,28,0.1247
کارتون,20,28,0.1247
عرق,25,35,0.1247
نمیدانند,40,56,0.1246
تعصب,30,42,0.1246
خورشید,70,98,0.1246
هموطن,112,157,0.1233
ول,97,136,0.1231
سوار,77,108,0.1227
شرایط,501,703,0.1224
اشک,94,132,0.1216
داران,32,45,0.1202
کاره,32,45,0.1202
اتاق,64,90,0.1201
پوست,91,128,0.1199
هیرمند,27,38,0.1194
پیشروی,27,38,0.1194
واقعه,27,38,0.1194
ال,27,38,0.1194
جانور,120,169,0.1187
فروش,225,317,0.1183
تف,44,62,0.1181
جوان,168,237,0.117
مسجد,75,106,0.1151
تانکر,29,41,0.1148
اعتقاد,41,58,0.1142
نقاشی,12,17,0.1129
باتوم,12,17,0.1129
تنم,12,17,0.1129
نقص,12,17,0.1129
نخ,12,17,0.1129
اتی,12,17,0.1129
ترم,12,17,0.1129
خوشبختی,12,17,0.1129
گواه,12,17,0.1129
افرین,48,68,0.1128
گردوخاک,36,51,0.1128
یکسان,24,34,0.1128
تولید,535,758,0.1127
سرمایه,205,291,0.1108
میخرد,19,27,0.1098
پاسارگاد,19,27,0.1098
نفره,19,27,0.1098
دپو,19,27,0.1098
تولد,57,81,0.1097
وعده,76,108,0.1097
بلد,90,128,0.1088
هوس,26,37,0.1083
چاره,73,104,0.1071
توهین,73,104,0.1071
نرخ,68,97,0.1059
چپ,68,97,0.1059
نفرمایید,7,10,0.1048
پدرشون,7,10,0.1048
حشم,7,10,0.1048
جدیتر,7,10,0.1048
خوشحالن,7,10,0.1048
نمیدانستند,7,10,0.1048
سفرنامه,7,10,0.1048
معادله,7,10,0.1048
سپید,7,10,0.1048
پیمانکاری,7,10,0.1048
لولیک,7,10,0.1048
پارسی,7,10,0.1048
پرتو,7,10,0.1048
ارشیو,7,10,0.1048
جنگیدن,7,10,0.1048
تویوتا,7,10,0.1048
شوهره,7,10,0.1048
بالاس,7,10,0.1048
کدوم,7,10,0.1048
دال,7,10,0.1048
گیلانی,7,10,0.1048
مونده,7,10,0.1048
رویم,7,10,0.1048
زیستن,7,10,0.1048
قمه,7,10,0.1048
شیرازی,7,10,0.1048
نزدیکه,14,20,0.1046
لم,14,20,0.1046
ترسم,14,20,0.1046
قند,21,30,0.1045
مومن,21,30,0.1045
بعدشم,21,30,0.1045
غالب,28,40,0.1044
اخلاقی,28,40,0.1044
توقع,49,70,0.1044
خوند,42,60,0.1044
حیاتی,28,40,0.1044
قسم,42,60,0.1044
پمپ,42,60,0.1044
رخ,140,200,0.1044
جرم,58,83,0.1027
میدهید,44,63,0.1021
منتظر,125,179,0.102
کویر,339,486,0.1009
شانه,23,33,0.1001
معترض,108,155,0.0998
جفتگیری,16,23,0.0983
میفهمید,16,23,0.0983
یادگار,16,23,0.0983
گونی,16,23,0.0983
سرو,16,23,0.0983
زابل,16,23,0.0983
اصفهان,3047,4383,0.0982
تن,210,302,0.0978
شمال,299,430,0.0977
ساختمان,123,177,0.0971
دشت,189,272,0.097
صنعت,746,1075,0.0958
امیز,34,49,0.0956
پولش,34,49,0.0956
برادر,129,186,0.0951
نفس,181,261,0.095
ایرانه,61,88,0.0946
بلند,176,254,0.0942
داماد,9,13,0.0936
درکل,9,13,0.0936
مجلسی,9,13,0.0936
هایتان,9,13,0.0936
چتر,9,13,0.0936
اسکل,9,13,0.0936
گوشتخوار,9,13,0.0936
پرس,9,13,0.0936
کیهان,9,13,0.0936
اینی,18,26,0.0935
محمود,18,26,0.0935
جی,18,26,0.0935
مشکوک,18,26,0.0935
کلاه,27,39,0.0934
حاصل,117,169,0.0933
دهه,217,314,0.0916
فوتبال,38,55,0.0914
تیتر,20,29,0.0896
نیشکر,31,45,0.0884
درگیر,197,286,0.0883
بیخیال,42,61,0.0879
فارس,313,455,0.087
لیتری,11,16,0.0866
پوشید,11,16,0.0866
باروری,11,16,0.0866
شوینده,11,16,0.0866
اراذل,11,16,0.0866
هوایش,22,32,0.0865
فاک,22,32,0.0865
جلگه,55,80,0.0864
تبلیغ,55,80,0.0864
خشک,2650,3857,0.0863
فراموش,101,147,0.0857
پیداکرده,46,67,0.085
ماها,35,51,0.0846
ذوق,24,35,0.0838
هفتاد,24,35,0.0838
چالش,48,70,0.0838
صلح,24,35,0.0838
قبول,157,229,0.0836
ترسالی,109,159,0.0835
جوار,13,19,0.0818
رشوه,13,19,0.0818
نمیرویم,13,19,0.0818
شهاب,13,19,0.0818
کارتن,13,19,0.0818
میلی,26,38,0.0816
تاسیس,52,76,0.0816
محیطی,199,291,0.081
موج,108,158,0.0806
نفع,54,79,0.0806
وب,28,41,0.0798
کاشی,28,41,0.0798
هرکسی,28,41,0.0798
نمیاورد,15,22,0.0782
پاسخگو,30,44,0.0781
پیشرفت,77,113,0.0775
پست,79,116,0.0769
امار,168,247,0.0756
ورزشگاه,17,25,0.0755
شغلی,17,25,0.0755
اسید,17,25,0.0755
یورو,17,25,0.0755
لاک,17,25,0.0755
سحر,17,25,0.0755
خیار,17,25,0.0755
هوشمند,17,25,0.0755
وزن,34,50,0.0754
نمیکند,87,128,0.0749
قادر,19,28,0.0734
برقرار,19,28,0.0734
تسلیت,19,28,0.0734
جفت,21,31,0.0717
سوختن,21,31,0.0717
فال,21,31,0.0717
مرکزی,132,195,0.0709
بقا,44,65,0.0709
قرمز,92,136,0.0702
SOS,27,40,0.0681
میفهم,29,43,0.0672
خطر,356,528,0.0669
شوری,35,52,0.0652
میکردید,35,52,0.0652
مدیریتی,37,55,0.0647
حذف,127,189,0.0635
فرو,1387,2068,0.0618
گتوند,59,88,0.0613
بخت,141,211,0.058
صادر,175,262,0.0575
اسمان,195,292,0.0573
ارج,6,9,0.0561
برعهده,6,9,0.0561
یادگرفتن,6,9,0.0561
لی,6,9,0.0561
اق,6,9,0.0561
یادش,6,9,0.0561
هضم,6,9,0.0561
ابجو,6,9,0.0561
سایپا,6,9,0.0561
ناجی,6,9,0.0561
اهر,6,9,0.0561
نگریست,6,9,0.0561
بایت,6,9,0.0561
ولایی,6,9,0.0561
محیطبانا,6,9,0.0561
ارژن,6,9,0.0561
مزدوری,6,9,0.0561
لوح,6,9,0.0561
باسواد,6,9,0.0561
اکیپ,6,9,0.0561
شقیقه,6,9,0.0561
دودش,6,9,0.0561
شتم,6,9,0.0561
ملعون,6,9,0.0561
امیدیه,6,9,0.0561
تفریط,6,9,0.0561
بشقاب,6,9,0.0561
گرتا,6,9,0.0561
امامی,6,9,0.0561
گمنام,6,9,0.0561
لابلا,6,9,0.0561
مچ,6,9,0.0561
خبرش,6,9,0.0561
جلاد,6,9,0.0561
جونم,6,9,0.0561
همانگونه,6,9,0.0561
پهنا,6,9,0.0561
کدر,6,9,0.0561
باعثش,6,9,0.0561
عریان,6,9,0.0561
تاریخش,6,9,0.0561
میبردیم,6,9,0.0561
سویا,6,9,0.0561
معقول,6,9,0.0561
درونی,6,9,0.0561
روشنایی,8,12,0.056
چیپس,8,12,0.056
کمان,8,12,0.056
شماهم,8,12,0.056
خریدیم,8,12,0.056
بمیرن,8,12,0.056
اکولوژیک,8,12,0.056
مکتب,8,12,0.056
دانستی,8,12,0.056
کافیست,8,12,0.056
رویی,8,12,0.056
وطن,8,12,0.056
باکو,8,12,0.056
التهاب,8,12,0.056
درنم,8,12,0.056
نظارتی,8,12,0.056
عارف,8,12,0.056
چسباند,8,12,0.056
بنفش,8,12,0.056
خدابامرز,8,12,0.056
خطه,10,15,0.0559
فراورده,10,15,0.0559
علنی,10,15,0.0559
اموز,10,15,0.0559
اندیش,10,15,0.0559
نریم,10,15,0.0559
روزا,10,15,0.0559
موندیم,10,15,0.0559
نمیش,10,15,0.0559
تله,10,15,0.0559
پهناور,12,18,0.0558
نگرفتن,12,18,0.0558
احواز,14,21,0.0558
اتشی,12,18,0.0558
رادیو,16,24,0.0558
بقول,14,21,0.0558
زمینش,16,24,0.0558
منوت,14,21,0.0558
هردو,16,24,0.0558
طلبان,16,24,0.0558
طبیعته,12,18,0.0558
شالیزار,14,21,0.0558
سدی,12,18,0.0558
یاسوج,12,18,0.0558
لفظ,12,18,0.0558
لک,20,30,0.0557
بلاک,24,36,0.0557
هات,30,45,0.0557
بریزن,22,33,0.0557
گرا,18,27,0.0557
اداری,22,33,0.0557
قیافه,24,36,0.0557
بچگی,20,30,0.0557
غذارس,28,42,0.0557
شایدم,26,39,0.0557
دردشت,18,27,0.0557
جنبش,22,33,0.0557
فراهم,50,75,0.0556
نور,86,129,0.0556
بز,36,54,0.0556
مازوت,40,60,0.0556
هشدار,173,260,0.0537
اثار,119,179,0.0528
بنا,95,143,0.0521
ابر,239,360,0.0514
خیابان,310,467,0.0513
فرسایش,67,101,0.0506
سیگار,55,83,0.0496
دانی,49,74,0.0488
حواس,43,65,0.0479
قطب,39,59,0.0471
طغیان,31,47,0.045
معتقد,29,44,0.0442
شعله,25,38,0.0424
تجربه,150,228,0.0423
تومان,228,347,0.0411
عمیق,86,131,0.0402
هور,40,61,0.0391
ارزون,19,29,0.0383
یادت,19,29,0.0383
شاخ,19,29,0.0383
نکنین,19,29,0.0383
کیس,17,26,0.0363
مسدود,17,26,0.0363
میگذارید,17,26,0.0363
متوالی,17,26,0.0363
طنز,17,26,0.0363
ماه,453,693,0.0359
گوجه,32,49,0.035
دانشمند,32,49,0.035
وحش,167,256,0.0339
هایشان,15,23,0.0338
شایسته,15,23,0.0338
ازمایشگاه,15,23,0.0338
بهاری,15,23,0.0338
دانشگاهی,15,23,0.0338
بگن,45,69,0.0336
نیمه,90,138,0.0336
ارس,45,69,0.0336
زحمت,60,92,0.0336
تصمیم,161,247,0.0331
سرا,28,43,0.0321
میگیری,28,43,0.0321
برج,41,63,0.0315
احترام,67,103,0.031
نزدیکتر,13,20,0.0305
دستمزد,13,20,0.0305
شکلات,13,20,0.0305
امیر,26,40,0.0304
کشاورزی,867,1334,0.0302
اماده,115,177,0.0298
دلسوزی,24,37,0.0283
اگاه,24,37,0.0283
وری,24,37,0.0283
ستون,24,37,0.0283
بهداد,35,54,0.0275
کسخل,35,54,0.0275
بلعیدن,11,17,0.026
روبروی,11,17,0.026
منه,11,17,0.026
برنمیاید,11,17,0.026
چندی,11,17,0.026
عثمانی,11,17,0.026
زمین,1823,2817,0.0259
برمیگردد,33,51,0.0258
جو,137,212,0.0244
خشکسالی,3847,5957,0.024
کشاورز,611,946,0.0239
جلوه,20,31,0.0229
قرص,20,31,0.0229
خریت,20,31,0.0229
توالت,29,45,0.0218
دوره,500,776,0.0215
رشد,139,216,0.0202
درجه,101,157,0.0199
دلبر,9,14,0.0196
پوشاک,9,14,0.0196
بوس,9,14,0.0196
دلفین,9,14,0.0196
همینها,9,14,0.0196
سازندگی,9,14,0.0196
فولادی,9,14,0.0196
ازسو,9,14,0.0196
تابع,9,14,0.0196
کیف,18,28,0.0194
نقره,18,28,0.0194
تزریق,27,42,0.0193
بروجن,63,98,0.0192
پخش,113,176,0.0179
بیمار,68,106,0.0171
علف,91,142,0.0161
تذکر,16,25,0.0149
مییابد,16,25,0.0149
فرمون,16,25,0.0149
رسانه,165,258,0.014
یا,23,36,0.0131
کوچولو,23,36,0.0131
حرکت,115,180,0.013
هوایی,106,166,0.0125
نشدن,60,94,0.0121
اولیه,67,105,0.0118
تفنگ,44,69,0.0112
مشهد,88,138,0.0111
واقعیت,102,160,0.0108
انتظار,167,262,0.0107
بانه,7,11,0.0095
جرئت,7,11,0.0095
پدیدار,7,11,0.0095
مسولیت,7,11,0.0095
غیربوم,7,11,0.0095
تایپ,7,11,0.0095
تراش,7,11,0.0095
بودا,7,11,0.0095
عزل,7,11,0.0095
بهر,7,11,0.0095
نیش,7,11,0.0095
مر,7,11,0.0095
جهادکشاورزی,7,11,0.0095
میتوانستم,7,11,0.0095
اشپزخانه,7,11,0.0095
کاری,7,11,0.0095
خرسان,7,11,0.0095
کثیر,7,11,0.0095
واکنشی,7,11,0.0095
تسهیل,7,11,0.0095
بسازن,7,11,0.0095
موعود,7,11,0.0095
طشک,7,11,0.0095
پدریی,7,11,0.0095
اصالت,7,11,0.0095
جونش,7,11,0.0095
ندید,7,11,0.0095
مجله,14,22,0.0093
مهمون,14,22,0.0093
نگر,14,22,0.0093
بدن,303,476,0.0093
دمت,14,22,0.0093
مقیاس,14,22,0.0093
ذرت,14,22,0.0093
سیلو,21,33,0.0092
انگل,21,33,0.0092
هاتون,35,55,0.0091
هزینه,259,407,0.009
خاک,901,1416,0.0089
هویت,47,74,0.0072
ذخیره,247,389,0.0068
خوزستانی,73,115,0.0066
الوده,1446,2278,0.0065
برابری,33,52,0.0064
چراغ,33,52,0.0064
موتور,26,41,0.0057
فکرش,26,41,0.0057
پذیرفت,26,41,0.0057
اسیر,26,41,0.0057
نمیشد,78,123,0.0056
کارشناسی,45,71,0.0051
مربی,19,30,0.0044
کوتاه,81,128,0.0035
خیال,62,98,0.0032
ثابت,74,117,0.0029
اردلان,12,19,0.0018
زرت,12,19,0.0018
لایق,12,19,0.0018
یحیی,12,19,0.0018
تسلیم,12,19,0.0018
هرکدوم,12,19,0.0018
پارس,36,57,0.0016
حاصلخیز,24,38,0.0016
واکسیناسیون,24,38,0.0016
اختلاف,48,76,0.0016
گوشی,29,46,-0.0002
اذربایجان,232,368,-0.0003
کلمه,87,138,-0.0003
جوب,17,27,-0.0014
سوزاندن,17,27,-0.0014
شلوار,17,27,-0.0014
مقدس,17,27,-0.0014
العظیم,17,27,-0.0014
مایع,17,27,-0.0014
دلیلش,34,54,-0.0015
دوستی,56,89,-0.0022
اوک,39,62,-0.0025
دوبار,22,35,-0.0031
حوصله,22,35,-0.0031
فعلی,76,121,-0.004
خراسان,54,86,-0.0043
توسعه,246,393,-0.0075
کپک,5,8,-0.0082
جرح,5,8,-0.0082
شبش,5,8,-0.0082
فمینیست,5,8,-0.0082
رونده,5,8,-0.0082
فریدونکنار,5,8,-0.0082
باشرف,5,8,-0.0082
هشتگرد,5,8,-0.0082
شهرام,5,8,-0.0082
یکهو,5,8,-0.0082
دلاره,5,8,-0.0082
دریدن,5,8,-0.0082
موت,5,8,-0.0082
هاو,5,8,-0.0082
شیطون,5,8,-0.0082
اینتل,5,8,-0.0082
پذیرا,5,8,-0.0082
مطبوع,5,8,-0.0082
قوچ,5,8,-0.0082
منصوری,5,8,-0.0082
گنجی,5,8,-0.0082
قارون,5,8,-0.0082
تم,5,8,-0.0082
راهم,5,8,-0.0082
ازانجاکه,5,8,-0.0082
زورش,5,8,-0.0082
ناخن,5,8,-0.0082
نمیخواند,5,8,-0.0082
تحصیلکرده,5,8,-0.0082
مکانها,5,8,-0.0082
سینک,5,8,-0.0082
فدرال,5,8,-0.0082
ساوه,5,8,-0.0082
ارزاوری,5,8,-0.0082
راوی,5,8,-0.0082
بصری,5,8,-0.0082
امپراطوری,5,8,-0.0082
ربود,5,8,-0.0082
بیخودی,5,8,-0.0082
فکرم,5,8,-0.0082
ایز,5,8,-0.0082
درنهایت,5,8,-0.0082
جوشان,5,8,-0.0082
حقوق,5,8,-0.0082
پلتفرم,5,8,-0.0082
میراب,5,8,-0.0082
کشاورزش,5,8,-0.0082
هجده,5,8,-0.0082
ایمیل,5,8,-0.0082
اعتمادی,5,8,-0.0082
میناب,5,8,-0.0082
سوله,5,8,-0.0082
مصنوعیه,5,8,-0.0082
میشناسد,5,8,-0.0082
کائنات,5,8,-0.0082
خوندیم,5,8,-0.0082
نقض,10,16,-0.0086
دبه,10,16,-0.0086
بریز,10,16,-0.0086
ولو,10,16,-0.0086
اسطوره,10,16,-0.0086
فشرده,10,16,-0.0086
ریل,10,16,-0.0086
قورباغه,10,16,-0.0086
خش,10,16,-0.0086
صبحانه,10,16,-0.0086
داشتین,10,16,-0.0086
کارخانها,15,24,-0.0087
دیار,20,32,-0.0088
نمیگذارد,30,48,-0.0089
خنده,55,88,-0.0089
درصدی,63,101,-0.0109
جر,23,37,-0.0143
دانه,92,148,-0.0144
بهشهر,64,103,-0.0148
شریک,18,29,-0.0157
التماس,18,29,-0.0157
تنفس,31,50,-0.0169
راس,31,50,-0.0169
کاشت,171,276,-0.0177
شهرستانها,13,21,-0.0183
تصاحب,13,21,-0.0183
خاور,13,21,-0.0183
نزدن,13,21,-0.0183
معرفت,13,21,-0.0183
خودکفا,13,21,-0.0183
شخصه,13,21,-0.0183
لاین,13,21,-0.0183
اتحادیه,26,42,-0.0184
گلخانه,34,55,-0.0199
شرق,223,361,-0.0207
تیر,126,204,-0.0208
خشکی,292,473,-0.0213
سابقه,108,175,-0.0216
ماشین,201,326,-0.0226
شیراز,98,159,-0.0229
ارامش,61,99,-0.0232
افتاب,77,125,-0.0235
همدلی,8,13,-0.024
قوطی,8,13,-0.024
غذاشون,8,13,-0.024
بهشتی,8,13,-0.024
روزش,8,13,-0.024
پوزش,8,13,-0.024
تنت,8,13,-0.024
میبارید,8,13,-0.024
داور,8,13,-0.024
گانه,8,13,-0.024
فرعی,8,13,-0.024
ریاضی,8,13,-0.024
هراز,8,13,-0.024
بارم,8,13,-0.024
چیا,8,13,-0.024
مگا,8,13,-0.024
ببندن,8,13,-0.024
طایفه,8,13,-0.024
خیالی,16,26,-0.0243
غافل,16,26,-0.0243
نمیبینم,16,26,-0.0243
ناچیز,16,26,-0.0243
ترجمه,16,26,-0.0243
وانت,16,26,-0.0243
رانش,16,26,-0.0243
حرم,16,26,-0.0243
روده,32,52,-0.0244
فارسی,56,91,-0.0244
میز,32,52,-0.0244
خانم,224,364,-0.0245
اه,51,83,-0.0259
بافتن,35,57,-0.0266
قم,124,202,-0.027
میسازند,27,44,-0.0272
یوسف,27,44,-0.0272
میخواستند,27,44,-0.0272
صداوسیما,19,31,-0.0283
ولگرد,1952,3184,-0.0284
میشید,38,62,-0.0284
استوری,49,80,-0.0291
خلاص,30,49,-0.0295
عقیم,172,281,-0.0298
نخبه,41,67,-0.03
نمیداند,41,67,-0.03
رای,52,85,-0.0303
نظرم,107,175,-0.0309
خودروسازی,11,18,-0.0311
محراب,11,18,-0.0311
جاده,173,283,-0.0311
قویتر,11,18,-0.0311
میگذاری,11,18,-0.0311
مغزت,11,18,-0.0311
زمزمه,11,18,-0.0311
تکراری,11,18,-0.0311
اکونومیست,11,18,-0.0311
باریک,11,18,-0.0311
فرش,22,36,-0.0313
کلیپ,33,54,-0.0314
مقاومت,39,64,-0.0342
دفتر,39,64,-0.0342
نفری,39,64,-0.0342
بند,106,174,-0.0346
نمیزنند,14,23,-0.0352
ضروری,28,46,-0.0353
هرمزگان,28,46,-0.0353
وارد,404,664,-0.0359
فدا,45,74,-0.0363
زخمی,45,74,-0.0363
نی,45,74,-0.0363
نشست,332,546,-0.0365
هنوزم,31,51,-0.0367
کاسه,31,51,-0.0367
نمیشود,172,283,-0.0369
قضا,17,28,-0.0378
کارش,34,56,-0.0379
شهر,1410,2322,-0.038
غرب,429,707,-0.0386
درمان,94,155,-0.0391
میزنم,57,94,-0.0392
عدد,97,160,-0.0394
محبوب,20,33,-0.0396
نمیگویم,20,33,-0.0396
دلاری,20,33,-0.0396
طعمه,23,38,-0.0409
نمیکنید,46,76,-0.041
هوا,1403,2318,-0.0412
میکرده,29,48,-0.0428
پایتخت,67,111,-0.0438
صبح,251,416,-0.0442
جغرافیا,47,78,-0.0455
دقیقه,83,138,-0.0474
عضو,107,178,-0.0479
رامسر,6,10,-0.0492
تولدت,6,10,-0.0492
یانه,6,10,-0.0492
سالروز,6,10,-0.0492
ذهنیت,6,10,-0.0492
دلتا,6,10,-0.0492
تایی,6,10,-0.0492
لکن,6,10,-0.0492
هدفمند,6,10,-0.0492
جونده,6,10,-0.0492
میهمان,6,10,-0.0492
بلال,6,10,-0.0492
ادمخوار,6,10,-0.0492
پیچید,6,10,-0.0492
موتوری,6,10,-0.0492
همزیست,6,10,-0.0492
کنش,6,10,-0.0492
تالش,6,10,-0.0492
شارلات,6,10,-0.0492
برگشتی,6,10,-0.0492
نفهمد,6,10,-0.0492
چجوریه,6,10,-0.0492
فرقش,6,10,-0.0492
مایل,6,10,-0.0492
متین,6,10,-0.0492
گیلک,6,10,-0.0492
تسخیر,6,10,-0.0492
مصاف,6,10,-0.0492
اصولگرا,6,10,-0.0492
نمیبارد,6,10,-0.0492
بارور,9,15,-0.0494
ذاتی,9,15,-0.0494
صابون,9,15,-0.0494
باورت,9,15,-0.0494
سختیه,9,15,-0.0494
انداختی,9,15,-0.0494
نهم,9,15,-0.0494
پد,9,15,-0.0494
مخدر,9,15,-0.0494
رسمیت,9,15,-0.0494
رایت,9,15,-0.0494
شورت,9,15,-0.0494
رجوی,9,15,-0.0494
باریدن,9,15,-0.0494
طناب,9,15,-0.0494
میگذاریم,12,20,-0.0495
قلاب,12,20,-0.0495
کیو,12,20,-0.0495
قاسم,12,20,-0.0495
نمیفهمی,12,20,-0.0495
حامل,12,20,-0.0495
هزاره,15,25,-0.0496
سالگی,21,35,-0.0496
معصوم,18,30,-0.0496
دادا,15,25,-0.0496
المال,18,30,-0.0496
بینا,18,30,-0.0496
شنیدن,24,40,-0.0497
تخت,48,80,-0.0497
خیس,33,55,-0.0497
ساختار,27,45,-0.0497
دستمال,42,70,-0.0497
همسر,24,40,-0.0497
مایه,45,75,-0.0497
راضی,54,90,-0.0498
ذهن,93,155,-0.0498
اعتراض,634,1061,-0.054
نگه,105,176,-0.0555
هوش,25,42,-0.0576
منطق,50,84,-0.0577
عامل,325,546,-0.0578
نمیکردند,22,37,-0.0587
کاسپین,19,32,-0.0601
همیشگی,19,32,-0.0601
نمیفهمم,19,32,-0.0601
متوسط,57,96,-0.0602
شمام,16,27,-0.062
قفس,16,27,-0.062
مسافرت,16,27,-0.062
جارو,32,54,-0.0621
پزشک,32,54,-0.0621
سفید,90,152,-0.063
سقف,29,49,-0.0634
میخرم,13,22,-0.0648
برفی,13,22,-0.0648
صفویه,13,22,-0.0648
اسنپ,13,22,-0.0648
هلیکوپتر,13,22,-0.0648
نزول,13,22,-0.0648
مغزم,13,22,-0.0648
مسافر,26,44,-0.0649
مدیریت,700,1185,-0.0655
هایش,36,61,-0.0662
رسانی,76,129,-0.068
اصلاح,113,192,-0.0691
میگفتید,10,17,-0.0692
همونه,10,17,-0.0692
امت,10,17,-0.0692
ایناست,10,17,-0.0692
هنری,10,17,-0.0692
وقتش,10,17,-0.0692
قارچ,10,17,-0.0692
دوغ,10,17,-0.0692
چیزش,10,17,-0.0692
نجاست,10,17,-0.0692
ابا,10,17,-0.0692
سموم,20,34,-0.0694
عمو,20,34,-0.0694
سیزده,20,34,-0.0694
ایت,30,51,-0.0695
شورا,110,187,-0.0696
بنام,37,63,-0.0711
زراعت,27,46,-0.0716
کوهستان,27,46,-0.0716
زاد,129,220,-0.0728
قوت,17,29,-0.0728
تقسیم,51,87,-0.073
قنات,62,106,-0.0752
شهری,202,346,-0.0772
متجاوز,7,12,-0.0774
کورش,7,12,-0.0774
شناسان,7,12,-0.0774
طبیعیش,7,12,-0.0774
بیداری,7,12,-0.0774
علیزاده,7,12,-0.0774
گرو,7,12,-0.0774
انتن,7,12,-0.0774
رسان,7,12,-0.0774
میشوی,7,12,-0.0774
دراوردند,7,12,-0.0774
اسپیس,7,12,-0.0774
میریزم,7,12,-0.0774
صحرایی,7,12,-0.0774
واروند,7,12,-0.0774
انحصار,14,24,-0.0777
نیویورک,14,24,-0.0777
کاست,14,24,-0.0777
چیزیه,21,36,-0.0778
کنسرت,28,48,-0.0778
حمام,35,60,-0.0779
مدرن,42,72,-0.0779
کارگر,102,175,-0.0788
امر,78,134,-0.0801
اشتباه,234,402,-0.0802
نمک,234,402,-0.0802
قزوین,32,55,-0.0805
پلاستیک,25,43,-0.0812
میکار,18,31,-0.0824
تولیدی,18,31,-0.0824
توریستی,18,31,-0.0824
عشیره,18,31,-0.0824
اواز,18,31,-0.0824
نشستن,36,62,-0.0825
ادامه,351,605,-0.0835
سیما,40,69,-0.0841
دکترا,11,19,-0.0852
غیب,11,19,-0.0852
میور,11,19,-0.0852
غلامی,11,19,-0.0852
کلاغ,11,19,-0.0852
جلد,11,19,-0.0852
تنشها,11,19,-0.0852
امادگی,11,19,-0.0852
شمسی,11,19,-0.0852
نخلست,11,19,-0.0852
دفاعی,11,19,-0.0852
خوابگاه,11,19,-0.0852
توصیف,22,38,-0.0853
سیمان,22,38,-0.0853
سبزی,44,76,-0.0855
کفش,26,45,-0.0874
بتونن,26,45,-0.0874
سبد,15,26,-0.0888
قله,15,26,-0.0888
ودر,15,26,-0.0888
میفهمد,15,26,-0.0888
تمرکز,15,26,-0.0888
جهش,15,26,-0.0888
حلال,15,26,-0.0888
حاج,30,52,-0.0889
مصاحبه,38,66,-0.091
خوزستان,916,1595,-0.0938
حفر,74,129,-0.0947
کوه,281,490,-0.0951
شر,51,89,-0.0957
شکوفه,8,14,-0.0981
حرفش,8,14,-0.0981
قلبت,8,14,-0.0981
اوناست,8,14,-0.0981
میریزیم,8,14,-0.0981
فریزر,8,14,-0.0981
مانتو,8,14,-0.0981
سکانس,8,14,-0.0981
سک,8,14,-0.0981
درنظر,8,14,-0.0981
کیا,8,14,-0.0981
منبر,8,14,-0.0981
دریاب,8,14,-0.0981
مرتفع,8,14,-0.0981
راهنما,8,14,-0.0981
حقیر,12,21,-0.0983
همینجور,12,21,-0.0983
تز,12,21,-0.0983
ممکنه,16,28,-0.0983
ابو,12,21,-0.0983
سوزاند,20,35,-0.0984
تازمان,20,35,-0.0984
حالش,20,35,-0.0984
کلان,44,77,-0.0985
مسلح,32,56,-0.0985
بنظر,40,70,-0.0985
کامیون,28,49,-0.0985
نظری,28,49,-0.0985
افتتاح,28,49,-0.0985
رخداد,32,56,-0.0985
خاکی,61,107,-0.1009
تنهایی,53,93,-0.1012
زنده,342,600,-0.1012
ازد,106,186,-0.1013
بهار,90,158,-0.1018
ظرفیت,82,144,-0.1021
سرویس,37,65,-0.1024
ون,37,65,-0.1024
کاغذ,33,58,-0.1028
خواندن,29,51,-0.1034
اهل,146,257,-0.1045
ویلا,71,125,-0.1046
بلوچستان,92,162,-0.1048
ری,21,37,-0.1052
ناسا,21,37,-0.1052
اب,7173,12616,-0.1057
شرافت,17,30,-0.1067
کنسرو,17,30,-0.1067
کوروش,34,60,-0.1069
جواب,206,364,-0.1083
مفصل,13,23,-0.1092
اجتماعی,134,237,-0.1092
زاکان,13,23,-0.1092
مهارلو,13,23,-0.1092
هدایت,39,69,-0.1094
خطاب,22,39,-0.1113
معمول,22,39,-0.1113
نمیدانید,22,39,-0.1113
خبره,44,78,-0.1114
گردو,31,55,-0.1122
جلوش,31,55,-0.1122
تنگ,67,119,-0.1134
میخوابد,9,16,-0.1139
معاند,9,16,-0.1139
قی,9,16,-0.1139
خوبن,9,16,-0.1139
قبلنا,9,16,-0.1139
ازل,9,16,-0.1139
ایرانشهری,9,16,-0.1139
بزرگراه,9,16,-0.1139
فوقش,9,16,-0.1139
سوأل,9,16,-0.1139
الانش,9,16,-0.1139
نواز,9,16,-0.1139
ایها,9,16,-0.1139
نگرش,9,16,-0.1139
شخصی,73,130,-0.116
نژاد,101,180,-0.1168
فرض,65,116,-0.1181
دستشویی,14,25,-0.1185
دوازده,14,25,-0.1185
ویلاسازی,14,25,-0.1185
عفونی,14,25,-0.1185
تضمینی,14,25,-0.1185
اسا,14,25,-0.1185
جشن,42,75,-0.1187
نمیماند,42,75,-0.1187
کلانشهر,28,50,-0.1187
تامین,308,550,-0.1189
سیاوش,19,34,-0.1207
احمد,19,34,-0.1207
حیوانی,38,68,-0.1208
امنیت,196,351,-0.1217
حیف,91,163,-0.1219
عامه,24,43,-0.122
نادر,24,43,-0.122
پرنده,154,276,-0.1225
تحویل,58,104,-0.1229
قاطی,34,61,-0.1234
بخور,44,79,-0.1242
کف,153,275,-0.1254
الومینیوم,5,9,-0.1259
میگذاشتند,5,9,-0.1259
ارت,5,9,-0.1259
اشکم,5,9,-0.1259
رومون,5,9,-0.1259
بنیادی,5,9,-0.1259
هفده,5,9,-0.1259
کیان,5,9,-0.1259
مستندی,5,9,-0.1259
ریونجرز,5,9,-0.1259
رایشه,5,9,-0.1259
وقته,5,9,-0.1259
زاغ,5,9,-0.1259
یکصد,5,9,-0.1259
بازرگانی,5,9,-0.1259
نمیگنجد,5,9,-0.1259
شمارش,5,9,-0.1259
اعلم,5,9,-0.1259
ساقی,5,9,-0.1259
لجبازی,5,9,-0.1259
اکانتم,5,9,-0.1259
متناوب,5,9,-0.1259
سلماس,5,9,-0.1259
گنجایش,5,9,-0.1259
درصورتیکه,5,9,-0.1259
ویس,5,9,-0.1259
یکماه,5,9,-0.1259
شاهرود,5,9,-0.1259
اکتبر,5,9,-0.1259
انطرف,5,9,-0.1259
وبیر,5,9,-0.1259
تناول,5,9,-0.1259
ایرا,5,9,-0.1259
ولنتاین,5,9,-0.1259
فرهادی,5,9,-0.1259
مزار,5,9,-0.1259
خجسته,5,9,-0.1259
نامساعد,5,9,-0.1259
بیستم,5,9,-0.1259
اقایون,5,9,-0.1259
گیرمون,5,9,-0.1259
لحاف,5,9,-0.1259
عاشورا,10,18,-0.1263
میایند,10,18,-0.1263
قبلتر,10,18,-0.1263
بیهوشی,10,18,-0.1263
لاس,10,18,-0.1263
شاکی,10,18,-0.1263
معاصر,10,18,-0.1263
عطر,15,27,-0.1265
رسم,15,27,-0.1265
نشو,15,27,-0.1265
هماهنگ,15,27,-0.1265
مقصد,25,45,-0.1266
میلیمتر,20,36,-0.1266
فقره,20,36,-0.1266
نسخه,20,36,-0.1266
مراقب,30,54,-0.1266
نمیرود,50,90,-0.1267
میدانم,45,81,-0.1267
مبارکه,50,90,-0.1267
صحنه,60,108,-0.1267
بودجه,150,270,-0.1268
کیسه,41,74,-0.1294
لیتر,31,56,-0.1302
نمیگوید,21,38,-0.1319
میبریم,21,38,-0.1319
اندیشه,21,38,-0.1319
میگذرد,42,76,-0.132
تعادل,42,76,-0.132
بیان,147,266,-0.1321
سهم,122,221,-0.1331
کاشتن,16,29,-0.1334
پذیری,16,29,-0.1334
میافتم,16,29,-0.1334
باند,32,58,-0.1336
کاشان,43,78,-0.1344
سعید,27,49,-0.1348
درس,54,98,-0.1349
مشترک,38,69,-0.1354
عمومی,125,227,-0.1356
تخته,11,20,-0.1364
وارده,11,20,-0.1364
برچسب,11,20,-0.1364
خشکتر,11,20,-0.1364
همگانی,11,20,-0.1364
تیپ,11,20,-0.1364
احد,11,20,-0.1364
نیلوفر,11,20,-0.1364
ارمنی,11,20,-0.1364
واکسینه,11,20,-0.1364
استانبول,11,20,-0.1364
راننده,28,51,-0.1385
ناهار,17,31,-0.1395
صید,17,31,-0.1395
جوش,17,31,-0.1395
نیت,17,31,-0.1395
جغرافیایی,34,62,-0.1396
ابخوان,51,93,-0.1397
مانع,63,115,-0.1407
محله,52,95,-0.1416
جایگاه,29,53,-0.1418
بهداشت,77,141,-0.1439
انتقال,593,1086,-0.1443
میانگذر,6,11,-0.1444
چندمین,6,11,-0.1444
نجاتش,6,11,-0.1444
فرانسوی,6,11,-0.1444
پورن,6,11,-0.1444
کشتارشون,6,11,-0.1444
نبودید,6,11,-0.1444
بانیش,6,11,-0.1444
مرغاب,6,11,-0.1444
نگذرد,6,11,-0.1444
نورست,6,11,-0.1444
بنر,6,11,-0.1444
اختراع,12,22,-0.1448
فاتحه,12,22,-0.1448
حراست,12,22,-0.1448
مهمونی,12,22,-0.1448
اگرم,12,22,-0.1448
سانت,12,22,-0.1448
فهمم,18,33,-0.1449
اکسیژن,24,44,-0.1449
لوازم,18,33,-0.1449
گام,18,33,-0.1449
رابطه,132,242,-0.1451
تماشا,49,90,-0.1469
میوه,80,147,-0.1474
همکار,25,46,-0.1486
بایست,25,46,-0.1486
نماد,50,92,-0.1487
عصر,82,151,-0.1495
عجیب,139,256,-0.1497
روحی,19,35,-0.1497
اتوبان,19,35,-0.1497
پلاستیکی,19,35,-0.1497
تاریخی,171,315,-0.1499
درگیری,70,129,-0.1503
شبکه,115,212,-0.1507
قوی,45,83,-0.1511
هرچیزی,45,83,-0.1511
ساز,90,166,-0.1512
مبارز,13,24,-0.1517
امازون,13,24,-0.1517
صنفی,13,24,-0.1517
دخیل,13,24,-0.1517
کشتی,52,96,-0.152
مقام,65,120,-0.1521
برنده,20,37,-0.154
ابزار,20,37,-0.154
دوام,20,37,-0.154
کفتار,20,37,-0.154
پولدار,20,37,-0.154
باستان,80,148,-0.1542
نمونه,87,161,-0.1545
عرض,88,163,-0.1554
کربلا,34,63,-0.1556
سریال,62,115,-0.1567
وزیر,145,269,-0.157
قلبم,7,13,-0.1574
داغی,7,13,-0.1574
گیلاس,7,13,-0.1574
مهدوی,7,13,-0.1574
نمسواهی,7,13,-0.1574
میفرمایند,7,13,-0.1574
اصابت,7,13,-0.1574
دیدنت,7,13,-0.1574
پخته,7,13,-0.1574
رفتید,7,13,-0.1574
اپوزیسیون,7,13,-0.1574
سنی,7,13,-0.1574
نخلستان,7,13,-0.1574
نیتر,7,13,-0.1574
ارگانیک,7,13,-0.1574
حله,7,13,-0.1574
چرب,7,13,-0.1574
برلین,7,13,-0.1574
حریف,7,13,-0.1574
کاهو,7,13,-0.1574
بک,7,13,-0.1574
خیل,7,13,-0.1574
خودمون,7,13,-0.1574
نیامدن,7,13,-0.1574
کیفی,14,26,-0.1577
میامدند,14,26,-0.1577
پاریس,14,26,-0.1577
کد,14,26,-0.1577
تاوان,21,39,-0.1578
جمشید,35,65,-0.1579
گیلان,154,286,-0.1581
ابراز,22,41,-0.1613
ترسید,44,82,-0.1614
دستور,132,246,-0.1615
دل,534,996,-0.1626
مجاور,15,28,-0.1628
صحرا,30,56,-0.163
دجله,38,71,-0.164
ابگیری,23,43,-0.1645
طعم,23,43,-0.1645
خط,130,243,-0.1645
قدیم,69,129,-0.1647
ارزش,154,288,-0.165
چوب,85,159,-0.1652
تهران,891,1666,-0.1652
مسئله,303,567,-0.1657
شریف,39,73,-0.1658
رد,166,311,-0.1668
الویت,8,15,-0.167
رکن,8,15,-0.167
سوزش,8,15,-0.167
قو,8,15,-0.167
تمومه,8,15,-0.167
وات,8,15,-0.167
داوود,8,15,-0.167
بردارن,8,15,-0.167
عمیقتر,8,15,-0.167
میدارد,8,15,-0.167
دیالوگ,8,15,-0.167
زایید,8,15,-0.167
ارا,8,15,-0.167
گوشیم,8,15,-0.167
کرونایی,8,15,-0.167
حرفات,8,15,-0.167
همره,8,15,-0.167
سلول,8,15,-0.167
کوثر,16,30,-0.1673
میگفتم,24,45,-0.1674
استخر,24,45,-0.1674
هواپیما,56,105,-0.1675
سطل,56,105,-0.1675
تعریف,88,165,-0.1676
مجازات,25,47,-0.1701
زهرا,17,32,-0.1712
میدان,119,224,-0.1715
مسوول,26,49,-0.1725
بتونه,26,49,-0.1725
اجازه,139,262,-0.1729
گنجشک,9,17,-0.1745
مقوله,9,17,-0.1745
تندباد,9,17,-0.1745
متضرر,9,17,-0.1745
وحید,9,17,-0.1745
چال,9,17,-0.1745
حوا,9,17,-0.1745
دربیاد,9,17,-0.1745
دستی,27,51,-0.1748
رسانید,45,85,-0.1749
شرب,175,331,-0.1764
ترجیح,37,70,-0.1765
سنت,19,36,-0.1778
خانگی,104,197,-0.1778
شکار,133,252,-0.1781
لرستان,86,163,-0.1784
شعر,77,146,-0.1788
جبران,87,165,-0.179
غنی,58,110,-0.179
فیلم,247,469,-0.1803
بهمنشیر,10,19,-0.1804
بریزم,10,19,-0.1804
تعامل,10,19,-0.1804
جعفری,10,19,-0.1804
مصلحت,10,19,-0.1804
اراده,20,38,-0.1806
میراث,60,114,-0.1808
زاگرس,182,346,-0.1815
بزرگوار,41,78,-0.182
مراسم,31,59,-0.1824
روستا,352,670,-0.1828
برون,11,21,-0.1852
ایکاش,11,21,-0.1852
ابفا,11,21,-0.1852
پیشکش,11,21,-0.1852
صلوات,11,21,-0.1852
دلتنگی,11,21,-0.1852
نوار,11,21,-0.1852
سده,11,21,-0.1852
خطا,22,42,-0.1854
قفل,22,42,-0.1854
خسارت,99,189,-0.1856
شغل,55,105,-0.1856
فضا,155,296,-0.186
شوخی,57,109,-0.1872
ورزش,23,44,-0.1875
نماینده,173,331,-0.1879
امارات,12,23,-0.1892
پیرو,12,23,-0.1892
باران,789,1511,-0.1892
سدسازی,238,456,-0.1893
فرصت,85,163,-0.1901
سمنان,37,71,-0.1906
نهاد,86,165,-0.1906
شکل,176,338,-0.1916
بومی,103,198,-0.1925
اعم,13,25,-0.1926
پایانی,13,25,-0.1926
سیراب,26,50,-0.1927
تپه,39,75,-0.1928
شمار,41,79,-0.1948
مطرح,55,106,-0.195
انتخاب,110,212,-0.1951
قبال,14,27,-0.1954
قلیان,14,27,-0.1954
ماهی,166,320,-0.1954
رفسنجان,15,29,-0.1979
نوید,15,29,-0.1979
السلام,15,29,-0.1979
شادی,45,87,-0.1982
طرفدار,46,89,-0.1989
شیشه,47,91,-0.1996
سناریو,16,31,-0.2001
تنه,16,31,-0.2001
دیم,33,64,-0.2012
چایی,17,33,-0.202
میخوانند,17,33,-0.202
مسالمت,18,35,-0.2037
تعجب,36,70,-0.2039
ریزش,37,72,-0.2046
کرمانشاه,56,109,-0.2049
کنترل,187,364,-0.2051
بهایی,19,37,-0.2052
نمیخواهد,38,74,-0.2054
قدیما,20,39,-0.2066
قهرمان,20,39,-0.2066
خوشه,20,39,-0.2066
سلطان,20,39,-0.2066
خزر,85,166,-0.2083
تنظیم,22,43,-0.2089
دراتش,22,43,-0.2089
نوش,24,47,-0.2109
سهراب,24,47,-0.2109
مرداد,26,51,-0.2125
عربی,27,53,-0.2133
محدودیت,27,53,-0.2133
سطح,302,593,-0.2139
نمود,56,110,-0.2141
جنگل,725,1425,-0.2152
روایت,65,128,-0.2166
ازاد,138,272,-0.2176
ناسالم,36,71,-0.218
نظارت,36,71,-0.218
انگیز,37,73,-0.2184
اشتغال,39,77,-0.2191
شلیک,78,154,-0.2192
نمید,40,79,-0.2195
دومین,41,81,-0.2198
رحمت,42,83,-0.2201
ماجرا,90,178,-0.221
پلنگ,94,186,-0.2215
مخالفت,51,101,-0.2222
بلوط,108,214,-0.2229
شهرکرد,65,129,-0.2244
دریا,323,641,-0.2246
بانک,89,177,-0.2265
هورالعظیم,129,257,-0.2283
نفت,325,648,-0.2293
احتیاط,5,10,-0.2311
جاج,5,10,-0.2311
قاطع,5,10,-0.2311
تامل,5,10,-0.2311
تشت,5,10,-0.2311
لیدر,5,10,-0.2311
موسمی,5,10,-0.2311
حسینیه,5,10,-0.2311
میم,5,10,-0.2311
مهیار,5,10,-0.2311
خنگ,5,10,-0.2311
شدس,5,10,-0.2311
ولا,5,10,-0.2311
ندادید,5,10,-0.2311
یوتیوب,5,10,-0.2311
امیزش,5,10,-0.2311
جین,5,10,-0.2311
معاهده,5,10,-0.2311
خواص,5,10,-0.2311
دوبی,5,10,-0.2311
سپر,5,10,-0.2311
مرام,5,10,-0.2311
زل,5,10,-0.2311
هنو,5,10,-0.2311
مشهدی,5,10,-0.2311
میخواندند,5,10,-0.2311
نروژ,5,10,-0.2311
خبرتونه,5,10,-0.2311
گستره,5,10,-0.2311
سرخس,5,10,-0.2311
کایسن,5,10,-0.2311
رفاقت,5,10,-0.2311
تبع,5,10,-0.2311
پرتگاه,5,10,-0.2311
بکاری,5,10,-0.2311
مینی,5,10,-0.2311
چهارده,5,10,-0.2311
فله,5,10,-0.2311
تشعشع,5,10,-0.2311
گردنه,5,10,-0.2311
باورم,5,10,-0.2311
گمانم,6,12,-0.2313
کارمون,6,12,-0.2313
منتظرم,6,12,-0.2313
قرض,6,12,-0.2313
کلیسا,6,12,-0.2313
مستضعف,6,12,-0.2313
لپ,6,12,-0.2313
انی,6,12,-0.2313
میخواسته,6,12,-0.2313
فیض,6,12,-0.2313
رکنا,6,12,-0.2313
خوبت,6,12,-0.2313
هنگفت,6,12,-0.2313
مشتاق,6,12,-0.2313
دستیاب,6,12,-0.2313
واریز,6,12,-0.2313
برخورداری,6,12,-0.2313
مصادف,6,12,-0.2313
مشکلون,6,12,-0.2313
برگه,6,12,-0.2313
امرار,6,12,-0.2313
سنبل,6,12,-0.2313
نیامدم,6,12,-0.2313
سرور,6,12,-0.2313
چاک,6,12,-0.2313
پنبه,6,12,-0.2313
نباریدن,6,12,-0.2313
نمکش,6,12,-0.2313
نزنیم,6,12,-0.2313
هیکل,6,12,-0.2313
شنیدیم,6,12,-0.2313
پات,6,12,-0.2313
نوشیدنی,7,14,-0.2314
شیاد,7,14,-0.2314
میکن,7,14,-0.2314
متاهل,7,14,-0.2314
جسمی,7,14,-0.2314
فرهیخته,7,14,-0.2314
باردار,7,14,-0.2314
افتابه,7,14,-0.2314
ظریف,7,14,-0.2314
میفرمایید,7,14,-0.2314
ابگیر,7,14,-0.2314
سلیم,7,14,-0.2314
اژدها,7,14,-0.2314
ننداز,7,14,-0.2314
شانسی,7,14,-0.2314
دهنش,7,14,-0.2314
بغیر,7,14,-0.2314
غرقاب,7,14,-0.2314
قصاب,7,14,-0.2314
حداکثری,8,16,-0.2315
نقده,8,16,-0.2315
سالن,8,16,-0.2315
اردو,8,16,-0.2315
تسریع,8,16,-0.2315
گندک,8,16,-0.2315
کلبه,8,16,-0.2315
جامانده,8,16,-0.2315
ترمیم,8,16,-0.2315
لایحه,8,16,-0.2315
همنوع,8,16,-0.2315
وکار,8,16,-0.2315
سرگرم,8,16,-0.2315
دهنم,8,16,-0.2315
بدیه,8,16,-0.2315
ویتامین,10,20,-0.2316
کلاب,10,20,-0.2316
عینک,10,20,-0.2316
خوزستانه,9,18,-0.2316
مسیح,10,20,-0.2316
طیف,9,18,-0.2316
نقدی,9,18,-0.2316
گمرک,9,18,-0.2316
لو,10,20,-0.2316
هویزه,10,20,-0.2316
بازمی,9,18,-0.2316
جسم,9,18,-0.2316
فعل,9,18,-0.2316
دوستا,9,18,-0.2316
رفیقم,10,20,-0.2316
تعمیر,9,18,-0.2316
بش,9,18,-0.2316
گرمتر,12,24,-0.2317
خودمونه,12,24,-0.2317
جوانه,12,24,-0.2317
سران,12,24,-0.2317
جدول,12,24,-0.2317
کریمی,11,22,-0.2317
مخفی,11,22,-0.2317
برخوار,12,24,-0.2317
فرهاد,11,22,-0.2317
خواجه,11,22,-0.2317
نجومی,11,22,-0.2317
کاندوم,14,28,-0.2318
خاکش,14,28,-0.2318
پیوند,13,26,-0.2318
رده,13,26,-0.2318
نشر,14,28,-0.2318
بدنه,13,26,-0.2318
نامعلوم,13,26,-0.2318
قانع,15,30,-0.2318
نمیگیرند,14,28,-0.2318
زایمان,13,26,-0.2318
دارویی,15,30,-0.2318
رانندگی,13,26,-0.2318
استقرار,13,26,-0.2318
دایناسور,13,26,-0.2318
خستگی,15,30,-0.2318
تکیه,13,26,-0.2318
میلادی,14,28,-0.2318
نمیخورد,24,48,-0.2319
فهمیدن,18,36,-0.2319
پیک,21,42,-0.2319
توریست,17,34,-0.2319
اقیانوس,23,46,-0.2319
سانتیمتر,18,36,-0.2319
نطنز,17,34,-0.2319
محاکمه,19,38,-0.2319
دلت,17,34,-0.2319
سومین,24,48,-0.2319
چربی,26,52,-0.232
اردبیل,30,60,-0.232
نیک,30,60,-0.232
فرودگاه,25,50,-0.232
دانشجو,30,60,-0.232
یخ,33,66,-0.232
مخالف,79,158,-0.2321
زیستگاه,44,88,-0.2321
مشخصه,56,112,-0.2321
لوله,113,226,-0.2322
خودرو,97,194,-0.2322
باقی,130,261,-0.236
ساکن,103,207,-0.237
بارید,73,147,-0.2389
فاضلاب,150,302,-0.2389
مجلس,139,280,-0.2394
تیم,67,135,-0.2395
گاز,253,510,-0.2402
توزیع,54,109,-0.2413
معنا,149,301,-0.2422
ریز,47,95,-0.2426
فاصله,94,190,-0.2427
حجم,223,451,-0.2434
استخراج,43,87,-0.2436
منفعت,84,170,-0.244
توییتر,77,156,-0.245
قربان,33,67,-0.247
مدیر,192,390,-0.2478
اهلی,31,63,-0.248
دکتر,143,291,-0.2495
منشا,84,171,-0.2498
دیو,27,55,-0.2503
رشت,108,220,-0.2505
متوجه,156,318,-0.2513
پاش,51,104,-0.2515
شناخت,50,102,-0.2519
ثروت,98,200,-0.2524
دستکاری,23,47,-0.2534
صحیح,46,94,-0.2536
نقطه,155,317,-0.2546
همدان,43,88,-0.255
بوم,363,743,-0.2556
منطقه,1150,2353,-0.2558
نما,40,82,-0.2567
کرمان,121,248,-0.2567
صحبت,155,318,-0.2577
اباداند,19,39,-0.2579
غیرمجاز,111,228,-0.2588
جام,18,37,-0.2593
دامی,18,37,-0.2593
موافق,36,74,-0.2594
اقلیم,292,600,-0.2594
قانون,319,656,-0.2602
خرس,70,144,-0.2603
زیرزمین,140,288,-0.2604
ماموریت,17,35,-0.2608
اتمام,17,35,-0.2608
زحمتکش,17,35,-0.2608
ماهم,33,68,-0.2619
توییت,230,474,-0.2623
موندم,16,33,-0.2626
نویس,16,33,-0.2626
باقیمانده,16,33,-0.2626
دره,32,66,-0.2628
تکون,15,31,-0.2646
مدار,15,31,-0.2646
بندرعباس,15,31,-0.2646
میگفتی,15,31,-0.2646
کهنه,15,31,-0.2646
موضع,15,31,-0.2646
خروشان,29,60,-0.2659
استعداد,14,29,-0.2669
تقدیم,14,29,-0.2669
نوری,14,29,-0.2669
مولا,14,29,-0.2669
بحث,295,612,-0.269
تغذیه,92,191,-0.2695
شال,13,27,-0.2695
میفهمم,13,27,-0.2695
اخطار,13,27,-0.2695
نخرید,13,27,-0.2695
معدوم,26,54,-0.2697
افتخار,39,81,-0.2698
تاب,25,52,-0.2712
متهم,25,52,-0.2712
اتشسوزی,37,77,-0.2718
معیار,12,25,-0.2725
پیچ,12,25,-0.2725
تثبیت,12,25,-0.2725
انتقاد,36,75,-0.2728
خلیج,130,271,-0.2736
بینی,154,321,-0.2736
دماوند,35,73,-0.274
کولر,23,48,-0.2745
نیاز,305,637,-0.2757
استراحت,11,23,-0.2761
بهرام,11,23,-0.2761
برعلیه,11,23,-0.2761
زدایی,22,46,-0.2764
عشق,131,274,-0.277
قصاص,21,44,-0.2784
ممنوعیت,21,44,-0.2784
مرتع,84,176,-0.2787
مدل,62,130,-0.2794
مدعی,41,86,-0.2797
مخالفم,10,21,-0.2804
چهارصد,10,21,-0.2804
نامید,10,21,-0.2804
علیرضا,10,21,-0.2804
مسمومیت,10,21,-0.2804
شهرتون,10,21,-0.2804
حمل,40,84,-0.2808
پلیس,70,147,-0.2809
نقش,120,252,-0.281
فرق,158,332,-0.2816
شیمیایی,29,61,-0.2824
توانایی,29,61,-0.2824
خواهش,38,80,-0.2833
اصل,352,741,-0.2837
سانتی,47,99,-0.2839
گیاه,120,253,-0.285
کرخه,128,270,-0.2855
وساز,9,19,-0.2856
بسم,9,19,-0.2856
میریختند,9,19,-0.2856
نمایشی,9,19,-0.2856
رویت,9,19,-0.2856
بهمراه,9,19,-0.2856
رقیب,9,19,-0.2856
باریکه,9,19,-0.2856
پسره,9,19,-0.2856
انرژی,136,287,-0.2859
کاوه,36,76,-0.2861
توجیه,63,133,-0.2862
محلی,89,188,-0.2868
کاهش,389,823,-0.2887
قدیمی,68,144,-0.2893
معلم,50,106,-0.2903
مارون,33,70,-0.2908
داستان,165,350,-0.2911
دنا,8,17,-0.2921
غلبه,8,17,-0.2921
وصف,8,17,-0.2921
شواف,8,17,-0.2921
فرداش,8,17,-0.2921
بوکان,8,17,-0.2921
ریختم,8,17,-0.2921
بان,16,34,-0.2924
دانستید,16,34,-0.2924
سرود,24,51,-0.2926
پیاده,64,136,-0.2927
خشکه,39,83,-0.2942
عوض,101,215,-0.2945
تشریف,31,66,-0.2945
مجازی,62,132,-0.2946
سد,775,1649,-0.2947
حکم,85,181,-0.2949
درستی,54,115,-0.2949
اهنگ,90,192,-0.2967
هفته,238,508,-0.2974
صوتی,22,47,-0.2979
خصوصی,44,94,-0.298
ملی,338,722,-0.2983
رتبه,51,109,-0.2985
کود,29,62,-0.2987
مدافع,29,62,-0.2987
ظهر,43,92,-0.2995
تحلیل,43,92,-0.2995
میرسم,7,15,-0.3004
جدیده,7,15,-0.3004
خفاش,7,15,-0.3004
تخیلی,7,15,-0.3004
منظم,7,15,-0.3004
مغلطه,7,15,-0.3004
برکه,7,15,-0.3004
جاشون,7,15,-0.3004
گزارشگر,7,15,-0.3004
ولسوالی,7,15,-0.3004
شریعتی,7,15,-0.3004
هرجور,7,15,-0.3004
بینم,7,15,-0.3004
نوح,7,15,-0.3004
ابراهیمی,7,15,-0.3004
مبتنی,7,15,-0.3004
لاله,14,30,-0.3008
نوجوان,14,30,-0.3008
تحصیلی,14,30,-0.3008
سرانه,14,30,-0.3008
استاد,130,279,-0.3027
علم,192,412,-0.3027
لغو,27,58,-0.3034
بازگشت,27,58,-0.3034
بزنن,27,58,-0.3034
خبر,610,1312,-0.3054
پمپاژ,46,99,-0.3054
پذیرایی,13,28,-0.3058
سلبریت,13,28,-0.3058
مسیل,13,28,-0.3058
توران,13,28,-0.3058
سبک,39,84,-0.3061
دعوت,39,84,-0.3061
رضا,39,84,-0.3061
کودکی,26,56,-0.3061
جنوب,251,541,-0.3072
انفجار,32,69,-0.3072
متوقف,51,110,-0.3076
فیک,19,41,-0.3079
سرپرستی,19,41,-0.3079
تاخیر,19,41,-0.3079
اهمیت,107,231,-0.3086
هنر,37,80,-0.31
تیک,6,13,-0.3113
محافظ,6,13,-0.3113
میبین,6,13,-0.3113
اینست,6,13,-0.3113
فاتح,6,13,-0.3113
ارسالی,6,13,-0.3113
بادمجان,6,13,-0.3113
سزارین,6,13,-0.3113
دارکوب,6,13,-0.3113
مغرض,6,13,-0.3113
هاوس,6,13,-0.3113
راهبردی,6,13,-0.3113
خریدار,6,13,-0.3113
خروش,6,13,-0.3113
جانشین,6,13,-0.3113
انقراض,152,329,-0.3113
اینهم,6,13,-0.3113
بازده,6,13,-0.3113
بلیط,6,13,-0.3113
پاکت,6,13,-0.3113
هرکاری,6,13,-0.3113
نمیکشد,6,13,-0.3113
کاسب,6,13,-0.3113
مورخ,6,13,-0.3113
خورشت,6,13,-0.3113
نمیر,6,13,-0.3113
هرس,6,13,-0.3113
کهکیلویه,6,13,-0.3113
حالیست,6,13,-0.3113
اقتدار,6,13,-0.3113
محرومیت,12,26,-0.3117
یکنوع,12,26,-0.3117
بیاندازی,12,26,-0.3117
معماری,18,39,-0.3119
مرحوم,18,39,-0.3119
اشوراده,24,52,-0.312
اعتماد,30,65,-0.312
خدمت,48,104,-0.3121
اشاره,126,273,-0.3123
حیوان,1325,2870,-0.3132
اذر,70,152,-0.3144
معروف,52,113,-0.3151
مخصوص,23,50,-0.3153
مریم,17,37,-0.3164
کسری,17,37,-0.3164
چهارمحال,273,594,-0.3166
تهیه,62,135,-0.3171
توبه,11,24,-0.3187
الرژی,11,24,-0.3187
بوته,11,24,-0.3187
خروج,33,72,-0.319
برف,160,349,-0.319
غار,27,59,-0.3205
زیست,2134,4653,-0.3206
گرامی,43,94,-0.321
بالادست,84,184,-0.3231
ارزو,73,160,-0.3237
استدلال,26,57,-0.3238
ریه,31,68,-0.3244
دفاع,129,283,-0.3247
مهربانی,36,79,-0.3248
رسیدگی,61,134,-0.3259
مفقود,5,11,-0.3264
فولادسازی,5,11,-0.3264
تلافی,5,11,-0.3264
پیست,5,11,-0.3264
نشدید,5,11,-0.3264
کشش,5,11,-0.3264
بمونید,5,11,-0.3264
گلدون,5,11,-0.3264
نیان,5,11,-0.3264
نمیزنم,5,11,-0.3264
کودکانه,5,11,-0.3264
تبصره,5,11,-0.3264
تلفنی,5,11,-0.3264
وقف,5,11,-0.3264
جمعشون,5,11,-0.3264
ابکنار,5,11,-0.3264
پیراهن,5,11,-0.3264
جق,5,11,-0.3264
درکشور,5,11,-0.3264
مهم,253,556,-0.3266
تایملاین,10,22,-0.3269
سازماندهی,10,22,-0.3269
اسیاب,10,22,-0.3269
اطمینان,10,22,-0.3269
گردشگر,15,33,-0.3271
پیدایش,15,33,-0.3271
همت,25,55,-0.3273
عید,45,99,-0.3274
صرف,80,176,-0.3275
حقابه,129,284,-0.3282
کتاب,158,348,-0.3287
اینستاگرام,54,119,-0.3291
دسترسی,44,97,-0.3294
مقاله,44,97,-0.3294
حساس,34,75,-0.33
پیگیر,24,53,-0.331
متولد,24,53,-0.331
دریایی,24,53,-0.331
یاد,464,1025,-0.332
بوسه,19,42,-0.332
طبیعیه,19,42,-0.332
رقص,19,42,-0.332
نیروگاه,71,157,-0.3326
پز,14,31,-0.3335
جوابگو,14,31,-0.3335
سبز,103,228,-0.3337
محور,28,62,-0.3338
لنجان,23,51,-0.3351
پنجم,23,51,-0.3351
مسعود,23,51,-0.3351
شکوه,9,20,-0.3369
گزاره,9,20,-0.3369
نمره,9,20,-0.3369
برجسته,9,20,-0.3369
گنج,9,20,-0.3369
باورتون,9,20,-0.3369
شهروندی,9,20,-0.3369
ایست,18,40,-0.3372
مرجع,18,40,-0.3372
دفن,45,100,-0.3374
ربط,248,552,-0.3394
شیوه,22,49,-0.3395
ممنوع,57,127,-0.3401
اطلاعاتی,13,29,-0.3409
پیتزا,13,29,-0.3409
هشتک,13,29,-0.3409
بارندگی,139,310,-0.3412
زرد,39,87,-0.3412
عزیزم,39,87,-0.3412
دانش,73,163,-0.3423
دوربین,34,76,-0.3432
اموزش,72,161,-0.3437
صاحب,126,282,-0.3447
قضاوت,25,56,-0.3453
نیرو,288,645,-0.3456
اغاز,83,186,-0.3459
ابه,78,175,-0.3471
کرج,49,110,-0.3476
اتش,387,869,-0.3483
اونجاست,8,18,-0.3492
مجرم,8,18,-0.3492
ایفون,8,18,-0.3492
چشام,8,18,-0.3492
مرطوب,8,18,-0.3492
یکم,8,18,-0.3492
اهوازم,8,18,-0.3492
پشه,16,36,-0.3496
ماهشهر,20,45,-0.3497
معین,20,45,-0.3497
بعلت,24,54,-0.3497
تعبیر,20,45,-0.3497
اشنا,36,81,-0.3498
هیرکانی,32,72,-0.3498
ابها,36,81,-0.3498
سلامت,71,160,-0.3515
ایشالا,35,79,-0.353
امکان,144,325,-0.3531
تعطیل,241,544,-0.3534
گرد,1520,3430,-0.3545
فریدون,19,43,-0.3555
تقویت,19,43,-0.3555
معرض,76,172,-0.3558
نشت,15,34,-0.3569
نگار,26,59,-0.3582
موقت,26,59,-0.3582
سعدی,11,25,-0.3595
تاج,11,25,-0.3595
اواتودی,11,25,-0.3595
کارایی,11,25,-0.3595
زدهان,11,25,-0.3595
ابتلا,11,25,-0.3595
رهایی,11,25,-0.3595
قطبی,11,25,-0.3595
هیئت,22,50,-0.3597
نفوذ,44,100,-0.3599
پیام,44,100,-0.3599
دلمون,18,41,-0.3619
پیامد,25,57,-0.363
نقد,25,57,-0.363
هرکدام,25,57,-0.363
دائمی,57,130,-0.3634
عربستان,32,73,-0.3636
صلاحیت,7,16,-0.3649
میشوم,7,16,-0.3649
زاب,7,16,-0.3649
راین,7,16,-0.3649
دگ,7,16,-0.3649
حصار,7,16,-0.3649
غزل,7,16,-0.3649
رنگین,7,16,-0.3649
ریست,7,16,-0.3649
عجل,7,16,-0.3649
رابن,7,16,-0.3649
رجوع,7,16,-0.3649
سارق,7,16,-0.3649
یازده,7,16,-0.3649
براین,7,16,-0.3649
قائل,14,32,-0.3653
ابراهیم,14,32,-0.3653
همشهری,21,48,-0.3654
صرفه,28,64,-0.3655
تنفسی,28,64,-0.3655
حادثه,69,158,-0.3675
اتحاد,31,71,-0.3675
قلبی,17,39,-0.369
سلبریتی,17,39,-0.369
میایم,44,101,-0.3698
مازندران,176,404,-0.3701
سوزن,10,23,-0.3713
ارزی,10,23,-0.3713
تصمیمگیری,10,23,-0.3713
نازنین,10,23,-0.3713
قاشق,10,23,-0.3713
کلید,20,46,-0.3716
کسب,30,69,-0.3717
ویکی,36,83,-0.3742
ثروتمند,36,83,-0.3742
روزنامه,49,113,-0.3745
شیرابه,13,30,-0.3748
معبر,13,30,-0.3748
پراکنده,13,30,-0.3748
هیجان,13,30,-0.3748
اختیار,52,120,-0.3752
انتقالی,29,67,-0.3762
استان,1075,2484,-0.3778
پالایشگاه,35,81,-0.378
ابادان,89,206,-0.3783
سپرد,19,44,-0.3785
تشکیل,60,139,-0.3791
حرفه,22,51,-0.3795
پایه,47,109,-0.3801
شبه,28,65,-0.381
نمیشوند,31,72,-0.3815
غبار,1405,3257,-0.3815
امتحان,34,79,-0.382
درخت,300,697,-0.3823
تخلیه,86,200,-0.383
میدانستید,6,14,-0.3853
دوتا,6,14,-0.3853
کسانیکه,6,14,-0.3853
میشناسی,6,14,-0.3853
علامه,6,14,-0.3853
هل,6,14,-0.3853
حرفشون,6,14,-0.3853
میشدی,6,14,-0.3853
موادغذا,6,14,-0.3853
نیایش,6,14,-0.3853
مخفیانه,6,14,-0.3853
صبور,6,14,-0.3853
انحرافی,6,14,-0.3853
بستان,6,14,-0.3853
انعکاس,6,14,-0.3853
پلاسج,6,14,-0.3853
تاثیرگذار,6,14,-0.3853
غسل,6,14,-0.3853
خودکار,6,14,-0.3853
ناشناس,9,21,-0.3857
سازگار,9,21,-0.3857
تحقق,9,21,-0.3857
نمیبرد,9,21,-0.3857
ذغال,9,21,-0.3857
مطلع,9,21,-0.3857
امل,12,28,-0.3858
گوزن,12,28,-0.3858
حدس,12,28,-0.3858
بستنی,18,42,-0.386
میبرم,18,42,-0.386
واژه,24,56,-0.3861
شانس,47,110,-0.3893
خاص,129,302,-0.3897
رعایت,52,122,-0.3917
قدم,72,169,-0.3922
امین,20,47,-0.3931
مادی,17,40,-0.3943
نبرد,17,40,-0.3943
جستجو,51,120,-0.3946
متاسف,14,33,-0.396
استخدام,14,33,-0.396
کهن,14,33,-0.396
اسیا,14,33,-0.396
درستش,14,33,-0.396
چشمه,115,271,-0.3963
لیوان,25,59,-0.3975
اسفند,25,59,-0.3975
بواسطه,11,26,-0.3987
زیتون,11,26,-0.3987
اهورامزدا,22,52,-0.399
محیط,1598,3777,-0.4012
پیشینه,8,19,-0.4033
کاج,8,19,-0.4033
نمیدم,8,19,-0.4033
قائمشهر,8,19,-0.4033
خدمتتون,8,19,-0.4033
توئیت,37,88,-0.4053
کیفیت,108,257,-0.406
مجری,21,50,-0.4062
بشری,13,31,-0.4076
میخواند,26,62,-0.4078
دلسوز,26,62,-0.4078
ناحیه,39,93,-0.4079
ارتباط,52,124,-0.408
عملکرد,36,86,-0.4097
شهروند,95,227,-0.4101
متخصص,76,182,-0.4123
دوست,575,1376,-0.4123
دلیل,626,1498,-0.4124
پدرم,5,12,-0.4133
تشریح,5,12,-0.4133
دبیرکل,5,12,-0.4133
فروشی,5,12,-0.4133
حیدری,5,12,-0.4133
چرنوبیل,5,12,-0.4133
سمن,5,12,-0.4133
دارنده,5,12,-0.4133
معاینه,5,12,-0.4133
کردنه,5,12,-0.4133
زوج,5,12,-0.4133
خلاقیت,5,12,-0.4133
افرید,5,12,-0.4133
فوران,5,12,-0.4133
دیرینه,5,12,-0.4133
رزومه,5,12,-0.4133
باصفا,5,12,-0.4133
فرعون,5,12,-0.4133
ادعا,88,211,-0.4136
کهرم,10,24,-0.4139
کنفرانس,10,24,-0.4139
داداشم,10,24,-0.4139
استقبال,15,36,-0.4141
سلامتی,35,84,-0.4143
تالاب,586,1406,-0.415
المللی,89,214,-0.4164
مهدی,37,89,-0.4166
جراحی,22,53,-0.418
سنندج,17,41,-0.419
بام,17,41,-0.419
رسمی,34,82,-0.4192
مطمئن,51,123,-0.4193
زباله,220,531,-0.4204
کپی,12,29,-0.4209
مریخ,12,29,-0.4209
ساری,24,58,-0.4212
اقدام,144,348,-0.4215
ابرسانی,31,75,-0.4223
لابد,31,75,-0.4223
نظریه,19,46,-0.4229
محاسبه,19,46,-0.4229
ببر,40,97,-0.4247
شهرک,40,97,-0.4247
عبور,54,131,-0.4252
شارژ,7,17,-0.4255
دبستان,7,17,-0.4255
میباشند,7,17,-0.4255
میطلبد,7,17,-0.4255
پستی,7,17,-0.4255
اللهم,7,17,-0.4255
ناظر,7,17,-0.4255
مدیا,7,17,-0.4255
زنبور,7,17,-0.4255
بید,7,17,-0.4255
صداقت,7,17,-0.4255
ازتون,14,34,-0.4259
رسوب,14,34,-0.4259
دریچه,14,34,-0.4259
سریعتر,21,51,-0.426
تکثیر,28,68,-0.4261
کمک,259,629,-0.4266
فصل,120,292,-0.4284
نرو,16,39,-0.4296
منظره,16,39,-0.4296
فلز,16,39,-0.4296
کارشناس,155,378,-0.4306
رنگ,91,222,-0.4309
لازم,93,227,-0.4314
بهره,104,254,-0.432
بذارن,9,22,-0.4322
هاس,9,22,-0.4322
طرح,329,804,-0.433
مهمه,38,93,-0.4339
خاله,20,49,-0.4348
بهمن,40,98,-0.435
سراغ,51,125,-0.4354
مختص,11,27,-0.4364
میزبان,11,27,-0.4364
میشنوم,11,27,-0.4364
ونیز,11,27,-0.4364
شاهین,11,27,-0.4364
بنیاد,22,54,-0.4367
بهداشتی,22,54,-0.4367
دانشگاه,147,361,-0.4376
کارانه,24,59,-0.4383
محبت,37,91,-0.4388
بشکه,13,32,-0.4393
هفتم,13,32,-0.4393
جزئ,13,32,-0.4393
غدیر,13,32,-0.4393
دامنه,13,32,-0.4393
گذار,28,69,-0.4407
واکنش,45,111,-0.4418
تعهد,17,42,-0.4431
مابقی,17,42,-0.4431
میرسید,19,47,-0.4444
تکمیل,19,47,-0.4444
رویا,19,47,-0.4444
ادب,19,47,-0.4444
هاشمی,19,47,-0.4444
معدن,171,423,-0.4449
مالکیت,21,52,-0.4455
جاسوس,21,52,-0.4455
فایده,42,104,-0.4456
دعا,117,290,-0.4468
عارضه,48,119,-0.4469
قضیه,108,268,-0.448
قسمت,108,268,-0.448
تغییر,374,928,-0.4483
بافت,31,77,-0.4487
راحتی,35,87,-0.4494
امضا,35,87,-0.4494
گفتگو,43,107,-0.4505
جذب,43,107,-0.4505
گل,208,518,-0.4517
عزیز,312,777,-0.4519
میشنوید,6,15,-0.4543
دستش,6,15,-0.4543
چنگیز,6,15,-0.4543
شامپو,6,15,-0.4543
دنباله,6,15,-0.4543
دشوار,6,15,-0.4543
گفتار,6,15,-0.4543
دون,6,15,-0.4543
افرینی,6,15,-0.4543
افشان,6,15,-0.4543
کلر,6,15,-0.4543
رازی,6,15,-0.4543
پیداشده,6,15,-0.4543
جاروبرقی,6,15,-0.4543
استراتژی,6,15,-0.4543
کرانه,8,20,-0.4545
مجتبی,8,20,-0.4545
باغچه,8,20,-0.4545
دوسش,8,20,-0.4545
کارکرد,8,20,-0.4545
مدنظر,8,20,-0.4545
دموکراسی,8,20,-0.4545
نوسان,8,20,-0.4545
سودجو,8,20,-0.4545
سالمند,8,20,-0.4545
جابه,8,20,-0.4545
پیمان,8,20,-0.4545
هدفش,8,20,-0.4545
میدانست,10,25,-0.4547
ردیف,10,25,-0.4547
پیشبینی,12,30,-0.4548
بلندمدت,12,30,-0.4548
سلیقه,12,30,-0.4548
پارچه,14,35,-0.4549
انباشت,14,35,-0.4549
عنصر,14,35,-0.4549
موسیقی,16,40,-0.4549
عباسی,14,35,-0.4549
بکر,18,45,-0.455
اسفالت,18,45,-0.455
هنرمند,18,45,-0.455
کاربر,20,50,-0.455
لایروبی,18,45,-0.455
باشگاه,28,70,-0.4551
ماهواره,28,70,-0.4551
الگو,34,85,-0.4552
گردوغبار,114,285,-0.4554
اجرا,202,507,-0.4595
اسمش,41,103,-0.4601
مفهوم,25,63,-0.463
ورود,125,315,-0.4634
ذکر,23,58,-0.4637
پارک,101,255,-0.4652
فاز,59,149,-0.4654
ایلام,36,91,-0.4662
ارگان,17,43,-0.4667
ابان,102,258,-0.4671
همراه,115,291,-0.4675
توده,32,81,-0.4676
موافقم,28,71,-0.4693
غروب,41,104,-0.4697
فکت,13,33,-0.4701
ارشد,13,33,-0.4701
یاداوری,13,33,-0.4701
مطابق,13,33,-0.4701
کمپ,13,33,-0.4701
اشکال,26,66,-0.4704
مخاطب,26,66,-0.4704
بختیاری,135,343,-0.4716
دریاچه,2162,5478,-0.4721
خارجه,11,28,-0.4728
ماندگار,11,28,-0.4728
قاعده,11,28,-0.4728
هتل,11,28,-0.4728
تومانی,11,28,-0.4728
باهوش,11,28,-0.4728
اکانت,22,56,-0.4731
ستاره,49,125,-0.4754
ماسک,49,125,-0.4754
قلاده,47,120,-0.4763
رمز,9,23,-0.4766
شگفت,9,23,-0.4766
فلزی,9,23,-0.4766
مخلوط,9,23,-0.4766
پوشی,9,23,-0.4766
عفونت,9,23,-0.4766
خوشحالی,18,46,-0.477
مسئولیت,50,128,-0.479
امروزی,7,18,-0.4826
امامزاده,7,18,-0.4826
رودبار,7,18,-0.4826
تاک,7,18,-0.4826
صادری,7,18,-0.4826
مرتکب,7,18,-0.4826
خلع,7,18,-0.4826
ابون,7,18,-0.4826
منتقد,7,18,-0.4826
انتی,7,18,-0.4826
وسطش,7,18,-0.4826
خزری,7,18,-0.4826
پرسپولیس,14,36,-0.483
امداد,14,36,-0.483
مهر,42,108,-0.4834
نامه,61,157,-0.4844
مدرک,33,85,-0.485
خیزش,26,67,-0.4854
قوه,26,67,-0.4854
بارگذاری,19,49,-0.4861
کیش,12,31,-0.4876
حمایتی,12,31,-0.4876
نسبی,12,31,-0.4876
تاکید,36,93,-0.488
مطالبه,94,243,-0.4889
محل,135,349,-0.489
تشویق,17,44,-0.4896
ریال,17,44,-0.4896
اولی,22,57,-0.4908
منبع,1639,4236,-0.4913
گزارش,233,604,-0.4919
واویلا,5,13,-0.4933
میپرسم,5,13,-0.4933
کارفرما,5,13,-0.4933
تناسب,5,13,-0.4933
فرزاد,5,13,-0.4933
کنترلش,5,13,-0.4933
سیبری,5,13,-0.4933
سهیم,5,13,-0.4933
وطنم,5,13,-0.4933
کازرون,5,13,-0.4933
منتفی,5,13,-0.4933
موشکی,5,13,-0.4933
هوادار,5,13,-0.4933
سارا,5,13,-0.4933
تصریح,5,13,-0.4933
سجاد,5,13,-0.4933
خوشا,5,13,-0.4933
دانستن,5,13,-0.4933
تعویض,5,13,-0.4933
پیج,5,13,-0.4933
فهماند,5,13,-0.4933
اربعین,5,13,-0.4933
تهرانه,5,13,-0.4933
نجیب,5,13,-0.4933
چرم,5,13,-0.4933
سنج,5,13,-0.4933
بازتاب,5,13,-0.4933
میمانم,5,13,-0.4933
طلوع,10,26,-0.4939
مهاباد,10,26,-0.4939
تمرین,10,26,-0.4939
بخوانی,10,26,-0.4939
جابجایی,10,26,-0.4939
صفوی,10,26,-0.4939
اتک,15,39,-0.4941
تکلیف,25,65,-0.4943
سوال,143,372,-0.4952
ارومیه,1818,4725,-0.4972
مطالعه,85,222,-0.4991
دارایی,13,34,-0.5
عظمت,13,34,-0.5
گذر,26,68,-0.5002
پذیر,29,76,-0.5023
مدرسه,108,283,-0.5024
خواجو,53,139,-0.5031
مساوی,8,21,-0.5033
جایگزینی,8,21,-0.5033
جولان,8,21,-0.5033
مینویسم,8,21,-0.5033
حقیقی,8,21,-0.5033
سعادت,8,21,-0.5033
بارز,8,21,-0.5033
یادداشت,8,21,-0.5033
پارکینگ,8,21,-0.5033
بطری,16,42,-0.5037
دوچرخه,16,42,-0.5037
ژست,16,42,-0.5037
شاخه,24,63,-0.5039
نجات,187,491,-0.5046
سرسبز,27,71,-0.5057
پایدار,41,108,-0.5075
منظر,11,29,-0.5078
یکیشون,11,29,-0.5078
باتوجه,11,29,-0.5078
قدمت,22,58,-0.5081
ادرس,22,58,-0.5081
بیمه,22,58,-0.5081
رودخانه,621,1637,-0.5094
بیمارستان,50,132,-0.5097
خشکش,14,37,-0.5104
چالوس,14,37,-0.5104
مرکز,226,597,-0.5107
عبارت,17,45,-0.5121
حاکی,17,45,-0.5121
متحد,20,53,-0.5133
اهو,23,61,-0.5141
تداوم,46,122,-0.5143
مسیر,171,454,-0.5157
مهمتر,114,303,-0.5167
مبارزه,56,149,-0.5176
دیه,6,16,-0.5188
اردک,6,16,-0.5188
میگرفتم,6,16,-0.5188
اسپری,6,16,-0.5188
جوابت,6,16,-0.5188
چندوقت,6,16,-0.5188
خودشونه,6,16,-0.5188
مود,6,16,-0.5188
پرسنل,6,16,-0.5188
قبض,6,16,-0.5188
گز,9,24,-0.5191
قرارگاه,9,24,-0.5191
شناسنامه,12,32,-0.5193
اظهارنظر,12,32,-0.5193
پرسش,12,32,-0.5193
بانکی,18,48,-0.5195
نیازمند,33,88,-0.5197
پاسخ,51,136,-0.5198
ثانیه,34,91,-0.5234
وزارت,130,348,-0.5238
نمایش,22,59,-0.5252
مهمان,19,51,-0.5261
علت,35,94,-0.5268
تست,16,43,-0.5272
خیز,16,43,-0.5272
مامور,58,156,-0.5284
متناسب,13,35,-0.5289
گروه,108,291,-0.5303
خورشیدی,23,62,-0.5304
بستر,161,434,-0.5309
میشناسم,10,27,-0.5316
یکسری,10,27,-0.5316
تفسیر,10,27,-0.5316
سواله,10,27,-0.5316
تریبون,10,27,-0.5316
ارتباطی,20,54,-0.532
لازمه,20,54,-0.532
سازه,27,73,-0.5334
حمایت,858,2318,-0.5344
شیفت,7,19,-0.5366
نیکی,7,19,-0.5366
فردوسی,7,19,-0.5366
میامده,7,19,-0.5366
مرتعی,7,19,-0.5366
وارداتی,7,19,-0.5366
مهربان,28,76,-0.5373
محسوب,46,125,-0.5386
عباس,25,68,-0.5394
دریافت,43,117,-0.5399
درب,18,49,-0.5401
ظرف,29,79,-0.541
سواری,29,79,-0.541
برکنار,11,30,-0.5417
تعیین,33,90,-0.5422
مسکونی,41,112,-0.5438
گردش,15,41,-0.5441
پراب,60,164,-0.5445
جناب,83,227,-0.5452
همراهی,19,52,-0.5455
بهزیست,19,52,-0.5455
موسسه,23,63,-0.5464
مرور,27,74,-0.547
گردشگری,54,148,-0.5472
لاکچری,8,22,-0.5498
کت,8,22,-0.5498
مازاد,8,22,-0.5498
داوری,8,22,-0.5498
احتمال,99,272,-0.5498
هایم,12,33,-0.5501
مهران,12,33,-0.5501
صدقه,12,33,-0.5501
فلسفه,12,33,-0.5501
عبدالله,12,33,-0.5501
ایده,28,77,-0.5504
الاینده,32,88,-0.5505
توقف,32,88,-0.5505
البرز,52,143,-0.5506
ترکیب,25,69,-0.554
نمیافتد,9,25,-0.56
شبهت,9,25,-0.56
جست,9,25,-0.56
مستقل,18,50,-0.5603
بوشهر,27,75,-0.5605
میتوانیم,32,89,-0.5618
جریمه,23,64,-0.5621
گلاب,14,39,-0.5631
فضایی,19,53,-0.5645
میرفتیم,24,67,-0.5654
نمیاورند,5,14,-0.5673
مذکور,5,14,-0.5673
ادرار,5,14,-0.5673
مدیره,5,14,-0.5673
گون,5,14,-0.5673
گنبد,5,14,-0.5673
شبی,5,14,-0.5673
طرفه,5,14,-0.5673
ادوید,5,14,-0.5673
همونقدر,5,14,-0.5673
شربت,5,14,-0.5673
پلک,5,14,-0.5673
شلنگ,5,14,-0.5673
مشیر,5,14,-0.5673
نوشیدن,5,14,-0.5673
سمیه,5,14,-0.5673
بایر,5,14,-0.5673
حج,5,14,-0.5673
بیانگر,5,14,-0.5673
جوجوتسو,10,28,-0.568
الایندگی,10,28,-0.568
پایاب,10,28,-0.568
مدفون,10,28,-0.568
غاز,10,28,-0.568
پاییزی,10,28,-0.568
سخنرانی,15,42,-0.5682
فرات,20,56,-0.5683
سفر,65,182,-0.5686
شاخص,61,171,-0.5698
زاینده,2912,8120,-0.5704
احداث,103,289,-0.5708
سینما,21,59,-0.5717
کوهستانی,16,45,-0.5727
کمال,16,45,-0.5727
لاشه,16,45,-0.5727
نر,16,45,-0.5727
طبیعی,1384,3882,-0.5732
سیسمون,11,31,-0.5745
راهپیمایی,11,31,-0.5745
ایستگاه,22,62,-0.5748
سرچشمه,176,496,-0.5754
منصور,17,48,-0.5766
کردستان,40,113,-0.5774
منتها,23,65,-0.5777
قزل,6,17,-0.5794
عاشقی,6,17,-0.5794
افات,6,17,-0.5794
متاسفم,6,17,-0.5794
قلمرو,6,17,-0.5794
دیپلماسی,6,17,-0.5794
مارکت,6,17,-0.5794
شجاع,6,17,-0.5794
شفافیت,6,17,-0.5794
توماج,6,17,-0.5794
بروجرد,6,17,-0.5794
کونت,12,34,-0.5799
تلگرام,12,34,-0.5799
بازسازی,12,34,-0.5799
ماهیگیری,12,34,-0.5799
تور,18,51,-0.5801
پاک,104,295,-0.5817
ویدیو,43,122,-0.5818
بازه,20,57,-0.586
تهرانی,27,77,-0.5868
فمینیسم,7,20,-0.5879
جلوشون,7,20,-0.5879
مصطفی,7,20,-0.5879
ندیم,7,20,-0.5879
نمیایند,7,20,-0.5879
دیجیتال,7,20,-0.5879
قاچاقچی,14,40,-0.5884
میتوانید,42,120,-0.5887
زغال,15,43,-0.5917
محقق,15,43,-0.5917
بخار,15,43,-0.5917
تاثیر,164,470,-0.5922
سوالم,8,23,-0.5942
زیارت,8,23,-0.5942
مصوب,8,23,-0.5942
جلیلی,8,23,-0.5942
لبخند,16,46,-0.5947
انگیزه,24,69,-0.5948
مقایسه,97,279,-0.5956
هستین,25,72,-0.5966
خنک,26,75,-0.5982
اعتبار,26,75,-0.5982
موقعیت,26,75,-0.5982
متاثر,9,26,-0.5992
حسینی,9,26,-0.5992
مازندرانی,9,26,-0.5992
ریتوییت,9,26,-0.5992
شوق,9,26,-0.5992
نخاله,9,26,-0.5992
چابهار,9,26,-0.5992
اعتراف,9,26,-0.5992
خاری,18,52,-0.5995
حرفت,18,52,-0.5995
برتر,18,52,-0.5995
نقشه,72,208,-0.5999
قرارداد,28,81,-0.6011
حیاط,19,55,-0.6016
اغوش,10,29,-0.6031
ابخیز,10,29,-0.6031
محمدی,10,29,-0.6031
پناهگاه,42,122,-0.6053
لایه,32,93,-0.6057
کوهرنگ,128,372,-0.6061
سرشاخ,11,32,-0.6063
میتوانستند,11,32,-0.6063
میلاد,11,32,-0.6063
مسابقه,11,32,-0.6063
محتوا,12,35,-0.6089
پزشکی,36,105,-0.6093
سایت,38,111,-0.6108
جلب,13,38,-0.6112
تلاش,94,275,-0.6126
استاندارد,29,85,-0.6142
بذر,15,44,-0.6147
لزوم,15,44,-0.6147
رضوی,15,44,-0.6147
حین,15,44,-0.6147
شفاف,16,47,-0.6162
نیوز,17,50,-0.6175
ازمایش,18,53,-0.6186
اراک,18,53,-0.6186
همکاری,37,109,-0.6193
نگهبان,19,56,-0.6196
فرماندار,21,62,-0.6213
دما,52,154,-0.6247
توصیه,27,80,-0.625
خاطره,67,199,-0.6277
اولویت,50,149,-0.6309
واحد,53,158,-0.6313
سوز,179,536,-0.6361
مقررات,5,15,-0.6363
میون,5,15,-0.6363
بوستان,5,15,-0.6363
جوشید,5,15,-0.6363
قامیر,5,15,-0.6363
کجان,5,15,-0.6363
فالور,5,15,-0.6363
بیشه,5,15,-0.6363
توییتری,6,18,-0.6365
چهارمحالی,6,18,-0.6365
سازنده,6,18,-0.6365
نهفته,6,18,-0.6365
سرده,6,18,-0.6365
ارادت,6,18,-0.6365
هادی,6,18,-0.6365
نازک,6,18,-0.6365
وزارتخانه,6,18,-0.6365
کریم,6,18,-0.6365
وبسایت,6,18,-0.6365
اجتناب,6,18,-0.6365
مجید,6,18,-0.6365
اژانس,7,21,-0.6367
مسلحانه,7,21,-0.6367
اطلاعیه,7,21,-0.6367
پرجمعیت,7,21,-0.6367
یخبندان,7,21,-0.6367
فریدن,7,21,-0.6367
کاپ,7,21,-0.6367
همینطوره,8,24,-0.6368
پاس,8,24,-0.6368
حضوری,9,27,-0.6369
زیرش,9,27,-0.6369
شا,9,27,-0.6369
ایندگان,9,27,-0.6369
قضاییه,10,30,-0.637
مصداق,11,33,-0.637
حمید,10,30,-0.637
انار,11,33,-0.637
سیاره,13,39,-0.6371
بهبهان,12,36,-0.6371
معادل,13,39,-0.6371
فلافل,15,45,-0.6372
جامع,16,48,-0.6372
قالب,15,45,-0.6372
بارندگیها,14,42,-0.6372
دسترس,16,48,-0.6372
زراعی,18,54,-0.6373
اثبات,22,66,-0.6374
خواستار,24,72,-0.6374
بیابانی,23,69,-0.6374
علامت,22,66,-0.6374
یوزپلنگ,42,126,-0.6375
مجوز,95,285,-0.6378
اطلاع,90,271,-0.6414
تحقیق,81,244,-0.6418
جاری,179,540,-0.6436
ثبت,55,166,-0.6437
هشتگ,45,136,-0.6449
سند,86,260,-0.6455
حوزه,193,584,-0.6466
جایگزین,30,91,-0.6485
پساب,30,91,-0.6485
محافظت,28,85,-0.6493
حضور,81,246,-0.65
محیطبانها,24,73,-0.6512
نمیگیرد,22,67,-0.6524
چای,21,64,-0.6531
اشتباهه,21,64,-0.6531
دفع,20,61,-0.6538
منتقل,99,302,-0.6545
جمعه,96,293,-0.655
بارش,227,693,-0.6556
حافظ,16,49,-0.6578
محسن,15,46,-0.6592
میتوانم,28,86,-0.661
پاکسازی,13,40,-0.6624
حل,298,916,-0.6626
تحصن,26,80,-0.6627
خبرگزاری,25,77,-0.6637
سمیرم,25,77,-0.6637
کجاش,12,37,-0.6645
صنف,12,37,-0.6645
تابلو,12,37,-0.6645
عملیاتی,12,37,-0.6645
فاکتور,11,34,-0.6669
نوسازی,11,34,-0.6669
بهشت,54,167,-0.668
مخزن,41,127,-0.6695
میانگین,41,127,-0.6695
سپاهان,10,31,-0.6697
سوالی,10,31,-0.6697
تکذیب,10,31,-0.6697
ورامین,10,31,-0.6697
سیزدهم,10,31,-0.6697
خرده,10,31,-0.6697
قلعه,19,59,-0.6718
عسل,19,59,-0.6718
فصلی,85,264,-0.6724
رستوران,28,87,-0.6725
قره,9,28,-0.6732
سنگی,9,28,-0.6732
دایره,9,28,-0.6732
مراقبت,27,84,-0.6738
بانگ,62,193,-0.6746
کارنامه,8,25,-0.6776
جواد,8,25,-0.6776
سحاب,8,25,-0.6776
گلوم,8,25,-0.6776
بیمارستانها,8,25,-0.6776
داز,8,25,-0.6776
انزلی,189,592,-0.6812
ایلنا,7,22,-0.6832
شرعی,7,22,-0.6832
تخفیف,7,22,-0.6832
مردا,7,22,-0.6832
لایک,14,44,-0.6837
قطعه,27,85,-0.6856
ایرنا,13,41,-0.6871
سنجاب,13,41,-0.6871
جهاد,37,117,-0.6902
پوشک,6,19,-0.6905
اصفان,6,19,-0.6905
کجاس,6,19,-0.6905
خالید,6,19,-0.6905
کارامد,6,19,-0.6905
خانوم,6,19,-0.6905
بیمارستانی,6,19,-0.6905
مابن,6,19,-0.6905
کنعان,6,19,-0.6905
رل,6,19,-0.6905
بهرنگ,6,19,-0.6905
قیاس,12,38,-0.6911
منظورت,12,38,-0.6911
ازمون,12,38,-0.6911
موضوع,220,697,-0.6927
تکان,17,54,-0.6944
شکایت,34,108,-0.6947
بندر,34,108,-0.6947
خداا,11,35,-0.6959
حفظ,151,480,-0.6959
چیتگر,11,35,-0.6959
کانال,54,172,-0.6975
مواجهه,16,51,-0.6978
رضایت,16,51,-0.6978
تخصیص,32,102,-0.6981
بستگی,21,67,-0.6989
جزیره,74,236,-0.6989
پیرانشهر,5,16,-0.7008
کاله,5,16,-0.7008
مقبره,5,16,-0.7008
سیکل,5,16,-0.7008
رون,5,16,-0.7008
دستمون,5,16,-0.7008
مانور,5,16,-0.7008
حرارت,5,16,-0.7008
درکنار,5,16,-0.7008
تصفیه,56,179,-0.7011
ترویج,10,32,-0.7015
نویسنده,14,45,-0.7061
ساحل,98,315,-0.7068
شماره,32,103,-0.7079
جابجا,9,29,-0.7083
قشم,9,29,-0.7083
رنگی,22,71,-0.7104
اصولی,13,42,-0.7112
دیدار,13,42,-0.7112
نعمت,43,139,-0.7122
مبنا,17,55,-0.7128
پل,263,850,-0.7128
توکیو,17,55,-0.7128
نیزار,25,81,-0.7144
وان,29,94,-0.7148
کلانتری,29,94,-0.7148
درمانی,29,94,-0.7148
عسلویه,8,26,-0.7168
بیانیه,8,26,-0.7168
موزه,8,26,-0.7168
شکلگیری,8,26,-0.7168
نمیدانستم,8,26,-0.7168
صفا,12,39,-0.7171
پیشرفته,16,52,-0.7173
فراخوان,24,78,-0.7174
تخصص,24,78,-0.7174
مخاطره,28,91,-0.7175
شهرداری,164,534,-0.7199
موفقیت,15,49,-0.7223
توله,81,265,-0.7244
ماهیها,18,59,-0.7258
وظیفه,61,200,-0.7265
ارش,7,23,-0.7276
ملکی,7,23,-0.7276
عهده,14,46,-0.7281
مکان,63,207,-0.7286
تبخیر,24,79,-0.7302
هیات,17,56,-0.7308
اهواز,275,906,-0.732
عجیبه,20,66,-0.7326
دبیر,20,66,-0.7326
تونل,150,495,-0.7333
داخلش,13,43,-0.7347
پنجشنبه,19,63,-0.7374
پوشش,271,900,-0.74
همچو,6,20,-0.7418
اموزان,6,20,-0.7418
شبیه,79,263,-0.7418
ممانعت,6,20,-0.7418
سام,6,20,-0.7418
پدیده,82,273,-0.7419
قبیل,9,30,-0.7422
عمران,9,30,-0.7422
شکاری,12,40,-0.7424
زاویه,12,40,-0.7424
زندگیم,12,40,-0.7424
تنگه,15,50,-0.7425
صیانت,18,60,-0.7426
جسد,18,60,-0.7426
رایگان,24,80,-0.7427
تماس,20,67,-0.7477
اطلاعات,65,218,-0.7492
فعال,337,1130,-0.7499
ویدیویی,11,37,-0.7514
سرشاخه,33,111,-0.7519
بنیان,19,64,-0.7531
مبارک,27,91,-0.7538
برکت,43,145,-0.7545
تجاری,8,27,-0.7545
افقی,8,27,-0.7545
توئییتر,8,27,-0.7545
سرقت,16,54,-0.755
براورد,16,54,-0.755
گیاهی,247,833,-0.7553
ملاح,13,44,-0.7577
مشاور,13,44,-0.7577
مبلغ,13,44,-0.7577
قضائیه,5,17,-0.7614
بادرود,5,17,-0.7614
جوراب,5,17,-0.7614
گارد,5,17,-0.7614
بمان,5,17,-0.7614
سوغ,5,17,-0.7614
جغرافی,5,17,-0.7614
احاطه,5,17,-0.7614
ایلان,5,17,-0.7614
لانه,5,17,-0.7614
هواپیمایی,5,17,-0.7614
دهمین,5,17,-0.7614
خاتم,5,17,-0.7614
زردکوه,5,17,-0.7614
ایین,10,34,-0.7621
پله,10,34,-0.7621
شستشو,10,34,-0.7621
کافه,25,85,-0.7626
اختصاص,24,82,-0.7674
تردد,19,65,-0.7686
شنا,38,130,-0.7689
شناس,26,89,-0.7693
متر,242,828,-0.7698
کرمانشاهی,7,24,-0.7701
حوض,7,24,-0.7701
کلیت,7,24,-0.7701
دایرکت,7,24,-0.7701
ابم,7,24,-0.7701
زرینه,7,24,-0.7701
موجوده,7,24,-0.7701
حرفتون,7,24,-0.7701
اسماعیل,14,48,-0.7707
ناصر,21,72,-0.7709
شادگان,28,96,-0.771
معرفی,37,127,-0.7722
ستاد,60,206,-0.7726
دستاورد,16,55,-0.7733
میخواندم,9,31,-0.775
تره,9,31,-0.775
امتیاز,9,31,-0.775
خدادادی,9,31,-0.775
چهارباغ,9,31,-0.775
مگراینکه,18,62,-0.7754
چسبیده,11,38,-0.7781
نهایی,11,38,-0.7781
گیاهخوار,11,38,-0.7781
رساندن,11,38,-0.7781
گلستان,53,183,-0.7782
پهنه,13,45,-0.7802
تیراندازی,17,59,-0.783
شهرسازی,21,73,-0.7847
درخواست,42,146,-0.7849
تجمع,174,605,-0.7857
دبی,25,87,-0.7858
تحلیلگر,6,21,-0.7906
میدادیم,6,21,-0.7906
تسویه,6,21,-0.7906
خریداری,8,28,-0.7909
ششم,8,28,-0.7909
صلاح,8,28,-0.7909
تفریحی,10,35,-0.7911
عذرخواهی,10,35,-0.7911
مخبر,10,35,-0.7911
مقاوم,12,42,-0.7912
ازاده,14,49,-0.7913
گوگل,14,49,-0.7913
قالیباف,18,63,-0.7914
تایید,30,105,-0.7916
نزدیکی,25,88,-0.7972
وام,25,88,-0.7972
رئیس,247,870,-0.7989
دز,89,314,-0.8
ارزیاب,15,53,-0.8008
اذرماه,13,46,-0.8022
درویش,26,92,-0.8025
کوت,11,39,-0.804
فراکسیون,11,39,-0.804
شامل,43,153,-0.8082
سخنگو,16,57,-0.8091
شناختی,7,25,-0.811
مجد,7,25,-0.811
ابتدا,35,125,-0.8119
قشنگ,99,354,-0.8134
انلاین,12,43,-0.8147
مصوبه,24,86,-0.8151
قاسمی,5,18,-0.8185
توعه,5,18,-0.8185
تگ,5,18,-0.8185
پویا,5,18,-0.8185
رنگارنگ,5,18,-0.8185
سالگرد,5,18,-0.8185
دامپزشکی,10,36,-0.8192
همبستگی,10,36,-0.8192
گازی,15,54,-0.8195
وکیل,15,54,-0.8195
وسعت,35,126,-0.8198
متن,28,101,-0.8217
هکتار,118,426,-0.8231
دستگیری,13,47,-0.8237
کامنت,13,47,-0.8237
حوالی,13,47,-0.8237
تصویر,117,423,-0.8245
حریم,37,134,-0.8258
کناره,8,29,-0.826
ابتدایی,11,40,-0.8294
اشتراک,11,40,-0.8294
شوش,11,40,-0.8294
کارون,1707,6175,-0.8306
ابریز,89,324,-0.8313
متولی,14,51,-0.8313
رفع,59,216,-0.8368
ناب,6,22,-0.8371
مناسب,68,249,-0.8371
فلامینگو,6,22,-0.8371
راز,6,22,-0.8371
زرنگ,6,22,-0.8371
عنایت,6,22,-0.8371
جنبه,9,33,-0.8375
انتظامی,33,121,-0.8382
انجمن,58,213,-0.8399
دلم,28,103,-0.8414
مدنی,49,181,-0.8457
ارتفاع,46,170,-0.8462
کارگاه,10,37,-0.8466
دستگاه,67,248,-0.8479
توسل,7,26,-0.8502
ورزشی,7,26,-0.8502
قراردادی,7,26,-0.8502
مفید,21,78,-0.8509
پیشگیری,18,67,-0.853
شرکت,151,562,-0.8537
پاساژ,11,41,-0.854
نوروز,11,41,-0.854
میگذارم,15,56,-0.8559
ارسال,19,71,-0.8569
محیطبانی,8,30,-0.8599
احسان,8,30,-0.8599
کلنگ,8,30,-0.8599
ترانه,20,75,-0.8605
وقوع,52,195,-0.8608
شکارچی,96,361,-0.8638
منتشر,59,222,-0.8642
تاسیسات,13,49,-0.8653
احسنت,9,34,-0.8673
لردگان,9,34,-0.8673
عاشقانه,9,34,-0.8673
موثر,23,87,-0.8692
اروند,14,53,-0.8698
باغداری,5,19,-0.8725
تکامل,5,19,-0.8725
تکنیک,5,19,-0.8725
سوژه,5,19,-0.8725
سوسنگرد,5,19,-0.8725
ماشینم,5,19,-0.8725
مورچه,10,38,-0.8733
تحول,10,38,-0.8733
رادیواکتیو,10,38,-0.8733
پیروزی,15,57,-0.8736
انتشار,37,141,-0.8768
میانکاله,378,1439,-0.8772
نکته,59,225,-0.8776
فن,11,42,-0.8781
ورودی,35,134,-0.8814
گودال,6,23,-0.8815
شیب,6,23,-0.8815
قاب,6,23,-0.8815
یکشنبه,18,69,-0.8824
ایسنا,18,69,-0.8824
ویدئو,24,92,-0.8825
سازمان,379,1456,-0.8863
فرنگی,7,27,-0.8879
یادته,7,27,-0.8879
خواهان,14,54,-0.8884
تخصصی,23,89,-0.8919
لطف,39,151,-0.8927
پتروشیمی,215,832,-0.893
پیشنهاد,40,155,-0.8935
سرب,9,35,-0.8963
ساعته,9,35,-0.8963
اورانیوم,10,39,-0.8993
دزفول,20,78,-0.8997
مربوط,79,308,-0.8999
بیشتره,21,82,-0.9009
میبری,11,43,-0.9017
سرپرست,35,137,-0.9035
دریافتی,12,47,-0.9037
مینشیند,13,51,-0.9053
استاندار,75,295,-0.9087
اموزشی,19,75,-0.9117
هواشناسی,56,221,-0.9119
عاشق,46,182,-0.9144
عرصه,32,127,-0.9173
درود,35,139,-0.918
موسوم,5,20,-0.9238
میندازم,5,20,-0.9238
سفیر,5,20,-0.9238
پرهیز,5,20,-0.9238
هایت,5,20,-0.9238
رونمایی,5,20,-0.9238
اهدا,5,20,-0.9238
بافاصله,5,20,-0.9238
جالبتر,6,24,-0.9241
ضبط,6,24,-0.9241
سگش,6,24,-0.9241
اکتشاف,6,24,-0.9241
زرین,6,24,-0.9241
اصغر,6,24,-0.9241
میکروگرم,6,24,-0.9241
امیدوار,7,28,-0.9242
درخشان,7,28,-0.9242
ساختمانی,7,28,-0.9242
پیوست,11,44,-0.9246
فناوری,18,72,-0.9249
خبرنگار,35,140,-0.9252
عمق,62,248,-0.9254
تراز,26,105,-0.9347
برطرف,24,97,-0.9354
شط,17,69,-0.9395
پژوهشگر,16,65,-0.9404
حوضه,202,823,-0.9445
محیطب,242,988,-0.9467
مزیت,11,45,-0.9471
جوی,11,45,-0.9471
اورژانس,10,41,-0.9493
ضرورت,10,41,-0.9493
مجروح,9,37,-0.9519
چوبی,9,37,-0.9519
تمیز,45,185,-0.9527
مطلب,33,136,-0.955
لایو,8,33,-0.9551
زاهدان,7,29,-0.9593
تایتان,7,29,-0.9593
خرم,14,58,-0.9599
محیطبان,28,116,-0.9602
هدیه,19,79,-0.9637
خودداری,6,25,-0.9649
فرایند,11,46,-0.9691
یونسکو,5,21,-0.9726
مهتاب,5,21,-0.9726
نامش,5,21,-0.9726
میاورم,5,21,-0.9726
شستن,10,42,-0.9734
معتبر,10,42,-0.9734
مرتبط,15,63,-0.9736
شوشتر,20,84,-0.9738
دقیق,35,147,-0.974
احیا,193,810,-0.9741
مراجعه,24,101,-0.9758
ریاست,9,38,-0.9785
دیدگاه,9,38,-0.9785
پسماند,344,1451,-0.9798
فنی,17,72,-0.9821
زلال,8,34,-0.985
معجزه,12,51,-0.9853
نصب,16,68,-0.9855
مشابه,30,128,-0.9897
توضیح,59,252,-0.991
موفق,29,124,-0.9918
دادگاه,25,107,-0.9928
عکاس,7,30,-0.9932
پایداری,7,30,-0.9932
رصد,7,30,-0.9932
دامپزشک,7,30,-0.9932
ایذه,14,60,-0.9938
جایزه,10,43,-0.9969
کمیسیون,22,95,-1.0016
نمیخورند,6,26,-1.0041
نیسان,6,26,-1.0041
احضار,6,26,-1.0041
نشانی,12,52,-1.0047
مالک,21,91,-1.0051
مقابله,52,227,-1.0128
رهاسازی,19,83,-1.0131
بهرامی,8,35,-1.014
مقطع,16,70,-1.0145
کرمی,16,70,-1.0145
ارائه,31,136,-1.0176
باکتری,5,22,-1.0191
تجمعی,5,22,-1.0191
نخیر,5,22,-1.0191
فصلیه,5,22,-1.0191
مدفوع,5,22,-1.0191
فعالیت,59,261,-1.0261
اداره,162,720,-1.0314
خوشی,11,49,-1.0323
مشارکت,13,58,-1.034
لوکیشن,6,27,-1.0418
جیحون,6,27,-1.0418
سحم,6,27,-1.0418
تیرماه,10,45,-1.0423
غول,14,63,-1.0426
پژوهش,16,72,-1.0427
متعلق,27,122,-1.047
مدیرعامل,17,77,-1.0492
برگزار,35,159,-1.0525
جلسه,33,150,-1.053
نارنجی,9,41,-1.0545
نهر,9,41,-1.0545
مشاهده,38,173,-1.0547
اپدیت,7,32,-1.0577
اردیبهشت,28,128,-1.0587
وجب,5,23,-1.0635
طلبه,5,23,-1.0635
استثنا,5,23,-1.0635
نوروزی,5,23,-1.0635
نهال,15,69,-1.0646
خرداد,20,92,-1.0648
مجتمع,23,106,-1.0667
گزینه,16,74,-1.0701
محترم,27,125,-1.0713
یاری,11,51,-1.0723
وزش,28,130,-1.0742
زیبا,153,712,-1.0774
نمودار,6,28,-1.0782
گلپا,6,28,-1.0782
قدرتمند,6,28,-1.0782
مهد,6,28,-1.0782
استناد,9,42,-1.0786
مجموعه,22,103,-1.0824
مثبت,19,89,-1.0829
بهبود,16,75,-1.0835
رویداد,7,33,-1.0885
شرح,7,33,-1.0885
ارض,72,339,-1.0886
یوز,37,175,-1.0928
طراحی,16,76,-1.0967
بازدید,13,62,-1.1006
اتهام,9,43,-1.1021
دارا,43,206,-1.1057
متنوع,5,24,-1.1061
حکیم,5,24,-1.1061
اندیمشک,5,24,-1.1061
گردان,5,24,-1.1061
متصل,5,24,-1.1061
میبایست,5,24,-1.1061
سردشت,6,29,-1.1132
یکپارچه,6,29,-1.1132
اجلاس,6,29,-1.1132
صدور,12,58,-1.1139
مساحت,30,145,-1.1144
قضایی,19,92,-1.116
بستری,7,34,-1.1183
شنبه,56,272,-1.1196
سنجش,8,39,-1.1222
ضایعه,11,54,-1.1294
تصویب,22,108,-1.1298
دوشنبه,22,108,-1.1298
زیباست,14,69,-1.1336
پیمانکار,14,69,-1.1336
عزم,5,25,-1.1469
مستقر,5,25,-1.1469
فراز,5,25,-1.1469
استعلام,5,25,-1.1469
اردکان,5,25,-1.1469
تجدید,6,30,-1.1471
مینشینند,6,30,-1.1471
صالح,6,30,-1.1471
بهینه,7,35,-1.1473
خوشگل,12,60,-1.1478
دوستدار,13,65,-1.1479
نرمال,26,130,-1.1483
جالبه,18,91,-1.1591
محدوده,33,167,-1.1604
مکعب,58,295,-1.1657
راهکار,32,163,-1.1669
خوشمزه,8,41,-1.1722
خفن,8,41,-1.1722
کهکشان,7,36,-1.1755
فیزیکی,7,36,-1.1755
بازیافت,20,103,-1.1777
مترمکعب,40,206,-1.178
جاذبه,13,67,-1.1782
ساماندهی,13,67,-1.1782
تقدیر,6,31,-1.1799
نادری,6,31,-1.1799
شهریار,6,31,-1.1799
اها,12,62,-1.1806
مصرف,17,88,-1.1827
تفکیک,17,88,-1.1827
مهرماه,5,26,-1.1861
ترکیبی,5,26,-1.1861
ملاحظه,5,26,-1.1861
کارکن,10,52,-1.1869
واگذار,9,47,-1.1911
کاربری,18,94,-1.1916
شهرستان,117,611,-1.1926
لبه,8,42,-1.1963
چم,8,42,-1.1963
خرمشهر,28,147,-1.1971
ابخیزداری,43,227,-1.2028
ارتقا,7,37,-1.2029
منع,7,37,-1.2029
صیاد,7,37,-1.2029
کاربرد,7,37,-1.2029
تابعه,13,69,-1.2076
مصدوم,6,32,-1.2117
نوشابه,6,32,-1.2117
نحوه,14,75,-1.2169
محفوظ,8,43,-1.2198
تصرف,29,156,-1.2215
هرمز,45,243,-1.2255
کربن,7,38,-1.2295
کمپین,28,152,-1.2306
بخیر,20,109,-1.2343
تعلق,10,55,-1.243
متخلف,12,66,-1.2431
قایق,28,154,-1.2436
فرمانده,22,122,-1.2517
غلظت,25,139,-1.2544
خروجی,21,117,-1.2564
شناسایی,17,95,-1.2593
ابار,11,62,-1.2676
مدیرکل,57,321,-1.2676
شاهکار,6,34,-1.2723
پشتیبانی,6,34,-1.2723
دایمی,6,34,-1.2723
باهدف,12,68,-1.273
سامانه,20,114,-1.2792
بازرسی,5,29,-1.2952
منت,5,29,-1.2952
مجاز,26,151,-1.298
نسیم,12,70,-1.302
ممنون,36,210,-1.3026
حفاظت,164,956,-1.303
انیماست,13,76,-1.3042
رطوبت,13,76,-1.3042
مهار,29,170,-1.3074
مقتول,8,47,-1.3087
حقوقی,8,47,-1.3087
سرشار,9,53,-1.3112
طلایی,15,89,-1.3191
موافقت,5,30,-1.3291
دانلود,5,30,-1.3291
اغازشده,6,36,-1.3294
پایگاه,6,36,-1.3294
فیلتر,8,48,-1.3298
برگزاری,11,66,-1.3301
پایش,13,79,-1.3429
کنشگر,10,61,-1.3465
لینک,15,92,-1.3523
دستگیر,14,86,-1.3538
فروردین,21,129,-1.354
درختکاری,5,31,-1.3619
پاینده,5,31,-1.3619
پیگیری,24,151,-1.3781
مربع,10,63,-1.3788
جذاب,10,63,-1.3788
سلاجقه,9,57,-1.384
ایزد,8,51,-1.3904
همیار,5,32,-1.3936
قابلیت,10,64,-1.3945
کارواش,11,71,-1.4031
لنگان,6,39,-1.4094
ارزشمند,11,72,-1.4171
فرمانداری,5,33,-1.4244
بازگشایی,5,33,-1.4244
رویکرد,5,33,-1.4244
مالچ,6,40,-1.4347
ازادسازی,6,41,-1.4594
پیروز,6,42,-1.4835
ویژگی,7,49,-1.4837
چهارشنبه,20,141,-1.4918
بررسی,45,318,-1.4946
معاون,46,328,-1.5036
مواظب,6,43,-1.5071
دایی,19,137,-1.5143
ساحلی,15,109,-1.5219
لذت,28,206,-1.5346
فریدونشهر,8,59,-1.5361
مبدا,6,45,-1.5525
تبریک,9,68,-1.5604
کهگیلویه,8,61,-1.5694
جالب,46,354,-1.5799
عالی,40,309,-1.5836
مریوان,8,62,-1.5857
اضطرار,12,93,-1.5861
شامگاه,5,39,-1.5914
مطلوب,6,47,-1.596
واگذاری,7,55,-1.5992
مبحث,7,55,-1.5992
ساقه,8,63,-1.6017
جزئیات,8,63,-1.6017
راهنمایی,5,40,-1.6167
وبویراحمد,5,40,-1.6167
خوشحال,6,48,-1.617
تشکر,9,72,-1.6176
کوسه,5,41,-1.6414
مبنی,7,58,-1.6523
تشخیص,8,67,-1.6632
کارزار,7,59,-1.6694
پلاک,6,51,-1.6777
عملیات,14,124,-1.7198
هماهنگی,8,71,-1.7212
دادگستری,7,63,-1.735
کارگروه,11,99,-1.7355
صحت,6,57,-1.7889
کمیته,10,103,-1.8704
تخلف,6,62,-1.873
کشف,10,111,-1.9452
دانشکده,5,58,-1.9883
حریق,11,138,-2.0677
دادستان,5,66,-2.1175
عمرانی,5,69,-2.1619
