Location,Mentions,Total Mentions,Percentage (%)
ایران,3220,36743,8.76
دریاچه ارومیه,2521,36743,6.86
اصفهان,1164,36743,3.17
زاینده,922,36743,2.51
جهان,817,36743,2.22
تهران,758,36743,2.06
کارون,616,36743,1.68
ایران ایران,415,36743,1.13
میانکاله,385,36743,1.05
تالاب انزلی,363,36743,0.99
اصفهان زاینده,337,36743,0.92
خوزستان,330,36743,0.9
زمین,215,36743,0.59
زاینده اصفهان,196,36743,0.53
اروپا,191,36743,0.52
اصفهان اصفهان,172,36743,0.47
اهواز,154,36743,0.42
ایران جهان,142,36743,0.39
زاگرس,141,36743,0.38
ارومیه,141,36743,0.38
پتروشیمی میانکاله,140,36743,0.38
دریاچه ارومیه دریاچه ارومیه,131,36743,0.36
جهان ایران,109,36743,0.3
یزد,101,36743,0.27
مازندران,100,36743,0.27
رشت,97,36743,0.26
دریاچه ارومیه ایران,87,36743,0.24
نیشابور,87,36743,0.24
گیلان,86,36743,0.23
جهان جهان,84,36743,0.23
المان,81,36743,0.22
تهران تهران,79,36743,0.22
اهواز کارون,78,36743,0.21
دنیا,74,36743,0.2
خاورمیانه,67,36743,0.18
ایران ایران ایران,66,36743,0.18
شیراز,66,36743,0.18
رودخانه کارون,61,36743,0.17
قم,61,36743,0.17
مشهد,60,36743,0.16
کارون اهواز,57,36743,0.16
تالاب میانکاله,55,36743,0.15
کره زمین,55,36743,0.15
توکیو,55,36743,0.15
دریاچه ی ارومیه,54,36743,0.15
هرمز,54,36743,0.15
ایران دریاچه ارومیه,53,36743,0.14
زاینده کارون,53,36743,0.14
ارومیه دریاچه ارومیه,50,36743,0.14
تبریز,50,36743,0.14
رودخانه زاینده,49,36743,0.13
زاینده خشک,48,36743,0.13
کارون زاینده,46,36743,0.13
زاینده زاینده,45,36743,0.12
خوزستان کارون,44,36743,0.12
سد زاینده,42,36743,0.11
کارون خوزستان,40,36743,0.11
سیستان,38,36743,0.1
شهر تهران,37,36743,0.1
خوزستان خوزستان,37,36743,0.1
ایران زمین,35,36743,0.1
کرمانشاه,35,36743,0.1
اصفهان اصفهان اصفهان,35,36743,0.1
فارس,35,36743,0.1
زاینده اب,34,36743,0.09
خلیج فارس,34,36743,0.09
بهشهر,33,36743,0.09
اصفهان زاینده اصفهان,33,36743,0.09
پل کارون,32,36743,0.09
تالاب هورالعظیم,31,36743,0.08
هامون,31,36743,0.08
جزیره هرمز,31,36743,0.08
ایران اصفهان,31,36743,0.08
ابادان,31,36743,0.08
سیستان و بلوچستان,30,36743,0.08
استان اصفهان,30,36743,0.08
لندن,29,36743,0.08
اکراین,29,36743,0.08
گلستان,29,36743,0.08
کارون اصفهان,29,36743,0.08
زاینده دریاچه ارومیه,29,36743,0.08
شط کارون,29,36743,0.08
شهر اصفهان,28,36743,0.08
دریاچه ارومیه اذربایجان,28,36743,0.08
کرمان,28,36743,0.08
خرمشهر,28,36743,0.08
دریاچه ارومیه ارومیه,28,36743,0.08
کردستان,28,36743,0.08
کارون کارون,28,36743,0.08
اصفهان اصفهان زاینده,27,36743,0.07
کربلا,27,36743,0.07
اصفهان ایران,26,36743,0.07
شوروی,26,36743,0.07
لرستان,26,36743,0.07
ایران اروپا,25,36743,0.07
استان تهران,24,36743,0.07
تبریز دریاچه ارومیه,24,36743,0.07
ایران تهران,23,36743,0.06
یزد یزد,23,36743,0.06
البرز,23,36743,0.06
ایلام,23,36743,0.06
هورالعظیم,23,36743,0.06
اروپا ایران,23,36743,0.06
زمین ایران,22,36743,0.06
دریاچه ارومیه زاینده,22,36743,0.06
زاینده یزد,22,36743,0.06
سد کارون,22,36743,0.06
تخت جمشید,22,36743,0.06
شهر خوزستان,22,36743,0.06
کابل,21,36743,0.06
زاینده اصفهان اصفهان,21,36743,0.06
غرب کشور,21,36743,0.06
شهرکرد,21,36743,0.06
انزلی,21,36743,0.06
ایرانه,21,36743,0.06
میانکاله میانکاله,21,36743,0.06
اصفهان یزد,20,36743,0.05
اذربایجان غرب,20,36743,0.05
ایران دنیا,20,36743,0.05
دجله,20,36743,0.05
کرج,20,36743,0.05
استان فارس,20,36743,0.05
دمشق,20,36743,0.05
اصفهان کارون,20,36743,0.05
تهران جهان,20,36743,0.05
اصفهان خوزستان,20,36743,0.05
زمین زمین,20,36743,0.05
کشور ایران,19,36743,0.05
اروپا اروپا,19,36743,0.05
بندرعباس,19,36743,0.05
اسراییل,18,36743,0.05
استان خوزستان,18,36743,0.05
جهان زمین,18,36743,0.05
غرب کارون,18,36743,0.05
فلات ایران,18,36743,0.05
کوهرنگ,18,36743,0.05
اذربایجان,18,36743,0.05
دریای خزر,18,36743,0.05
کالیفرنیا,17,36743,0.05
دریاچه نمک ارومیه,17,36743,0.05
اذربایجان دریاچه ارومیه,17,36743,0.05
بوشهر,17,36743,0.05
دریاچه ارومیه تهران,17,36743,0.05
دریاچه ارومیه تبریز,16,36743,0.04
شهرستان کارون,16,36743,0.04
زاینده پل خواجو,16,36743,0.04
ساحل کارون,16,36743,0.04
عربستان,16,36743,0.04
ایران جهان ایران,16,36743,0.04
دنیا ایران,16,36743,0.04
اصفهان دریاچه ارومیه,16,36743,0.04
کارون ایران,15,36743,0.04
زنجان,15,36743,0.04
استان,15,36743,0.04
دزفول,15,36743,0.04
دبی,15,36743,0.04
پاسارگاد,15,36743,0.04
جهان ایران ایران,15,36743,0.04
شمال کشور,15,36743,0.04
ساری,15,36743,0.04
اهواز رودخانه کارون,15,36743,0.04
تالاب گاوخونی,15,36743,0.04
دریاچه ارومیه دریاچه وان,15,36743,0.04
همدان,15,36743,0.04
زاینده رودخانه,14,36743,0.04
پاساژ کارون,14,36743,0.04
استانبول,14,36743,0.04
بختگان,14,36743,0.04
فلات مرکزی,14,36743,0.04
ایران ایران ایران ایران,14,36743,0.04
دریاچه وان دریاچه ارومیه,14,36743,0.04
سنندج,14,36743,0.04
اصفهان زاینده خشک,14,36743,0.04
یزد اصفهان,14,36743,0.04
ایران خوزستان,14,36743,0.04
دریاچه ارومیه زاگرس,13,36743,0.04
پل خواجو,13,36743,0.04
تهران ایران,13,36743,0.04
خوزستان ایران,13,36743,0.04
پاریس,13,36743,0.04
زاینده خوزستان,13,36743,0.04
کره,13,36743,0.04
تالاب انزلی تالاب انزلی,13,36743,0.04
دماوند,13,36743,0.04
پل خواجو زاینده,13,36743,0.04
ایران خاورمیانه,13,36743,0.04
بروجن,13,36743,0.04
پل دریاچه ارومیه,13,36743,0.04
نیویورک,13,36743,0.04
قايمشهر,13,36743,0.04
جنوب کشور,13,36743,0.04
ایران زاینده,13,36743,0.04
چهارمحال,13,36743,0.04
تهران تهران تهران,12,36743,0.03
شرق اصفهان,12,36743,0.03
ساحل کارون اهواز,12,36743,0.03
ایران ایران جهان,12,36743,0.03
خراسان,12,36743,0.03
کاشان,12,36743,0.03
اتن,12,36743,0.03
زاگرس دریاچه ارومیه,12,36743,0.03
اصفهان اصفهان ایران,12,36743,0.03
خوزستان اصفهان,11,36743,0.03
غرب ایران,11,36743,0.03
زاینده جاری,11,36743,0.03
ایران باستان,11,36743,0.03
اصفهان زاینده اب,11,36743,0.03
هرمزگان,11,36743,0.03
بلوچستان,11,36743,0.03
زاگرس زاگرس,11,36743,0.03
ایران کارون,11,36743,0.03
کرخه,11,36743,0.03
گلاسکو,11,36743,0.03
زاینده خشکه,11,36743,0.03
پنجشیر,11,36743,0.03
اصفهان زاینده زاینده,10,36743,0.03
خلیج فارس دریاچه ارومیه,10,36743,0.03
جهان ایران جهان,10,36743,0.03
گیلان مازندران,10,36743,0.03
ابادان خرمشهر,10,36743,0.03
اهواز اهواز,10,36743,0.03
تهران خوزستان,10,36743,0.03
گیلان تالاب انزلی,10,36743,0.03
مریوان,10,36743,0.03
فلات مرکزی ایران,10,36743,0.03
شرق کارون,10,36743,0.03
زمین جهان,10,36743,0.03
بامیان,10,36743,0.03
خوزستان تهران,10,36743,0.03
اردبیل,10,36743,0.03
اراک,10,36743,0.03
استان ایران,10,36743,0.03
استان کرمان,10,36743,0.03
زاینده ایران,10,36743,0.03
توران سرزمین رستم,10,36743,0.03
دریاچه ارومیه اصفهان,9,36743,0.02
ارومیه ایران,9,36743,0.02
شمال ایران,9,36743,0.02
جهان جهان جهان,9,36743,0.02
اصفهان زاینده کارون,9,36743,0.02
کاخ اپادانا,9,36743,0.02
چهارمحال وبختیاری,9,36743,0.02
زاینده ارومیه,9,36743,0.02
دریاچه ارومیه کارون,9,36743,0.02
وین,9,36743,0.02
دریاچە ارومیه,9,36743,0.02
اصفهان جهان,9,36743,0.02
اصفهان زاینده پل خواجو,9,36743,0.02
زاینده کشاورز,9,36743,0.02
استان گلستان,9,36743,0.02
امازون,9,36743,0.02
اصفهان پل خواجو,9,36743,0.02
رودخانه زاینده اصفهان,9,36743,0.02
جزیره میانکاله,9,36743,0.02
تالاب المللی انزلی,9,36743,0.02
خوزستان زاینده,9,36743,0.02
شبه جزیره میانکاله,9,36743,0.02
زاینده تالاب گاوخونی,9,36743,0.02
فلسطین,9,36743,0.02
زاینده رود,9,36743,0.02
ی ارومیه,9,36743,0.02
گلاسگو,8,36743,0.02
کرخه کارون,8,36743,0.02
اروپا خاورمیانه,8,36743,0.02
برج میلاد,8,36743,0.02
خاورمیانه ایران,8,36743,0.02
میانکاله ایران,8,36743,0.02
نورستان,8,36743,0.02
قزوین,8,36743,0.02
دریاچه بختگان,8,36743,0.02
دریاچه ارومیه خوزستان,8,36743,0.02
کویر,8,36743,0.02
جنوب ایران,8,36743,0.02
خاور میانه,8,36743,0.02
پتروشیمی,8,36743,0.02
زاینده گاوخونی,8,36743,0.02
شهر اهواز,8,36743,0.02
استان البرز,8,36743,0.02
اسیا,8,36743,0.02
ایران میانکاله,8,36743,0.02
اصفهان رودخانه زاینده,8,36743,0.02
زاینده یزد اصفهان,8,36743,0.02
دریاچه ارومیه دریاچه ارومیه دریاچه ارومیه,8,36743,0.02
غرب,8,36743,0.02
امل,8,36743,0.02
المان ایران,8,36743,0.02
عربستان ایران,8,36743,0.02
شوشتر,7,36743,0.02
سوییس,7,36743,0.02
اصفهان فارس,7,36743,0.02
زاینده چهارمحال,7,36743,0.02
اصفهان زاینده ایران,7,36743,0.02
چابهار,7,36743,0.02
اصفهان شهرکرد,7,36743,0.02
اصفهان تهران,7,36743,0.02
شهر,7,36743,0.02
مهران,7,36743,0.02
منطقه میانکاله,7,36743,0.02
گیلان گیلان,7,36743,0.02
کارون یزد,7,36743,0.02
کارون کرخه,7,36743,0.02
اصفهان زاینده اصفهان اصفهان,7,36743,0.02
زمین اصفهان,7,36743,0.02
اذربایجان شرق,7,36743,0.02
اصفهان جهان زاینده,7,36743,0.02
اصفهان اصفهان زاینده اصفهان,7,36743,0.02
شهرستان دماوند,7,36743,0.02
زاگرس ایران,7,36743,0.02
اروند,7,36743,0.02
مجتمع پتروشیمی میانکاله,7,36743,0.02
کره زمین زمین,7,36743,0.02
تهران اصفهان,7,36743,0.02
دریاچه ارومیه فارس,7,36743,0.02
شرق,7,36743,0.02
مشهد مشهد,7,36743,0.02
ایران زاینده اصفهان,7,36743,0.02
دریاچه ارومیه ایران ایران,7,36743,0.02
پارک ملی گلستان,7,36743,0.02
ارومیه ارومیه,7,36743,0.02
زاینده سال,7,36743,0.02
ایران دریاچه ارومیه ایران,7,36743,0.02
زمین تهران,7,36743,0.02
سد گتوند,7,36743,0.02
یاسوج,7,36743,0.02
خانه,7,36743,0.02
سیستان سیستان,6,36743,0.02
دریاچه وان ارومیه,6,36743,0.02
زاینده بانک,6,36743,0.02
ماسال,6,36743,0.02
دریاچه دریاچه ارومیه,6,36743,0.02
حله,6,36743,0.02
دریاچه ارومیه جهان,6,36743,0.02
تهران دریاچه ارومیه,6,36743,0.02
دریاچه سد کارون,6,36743,0.02
پارک ملی دریاچه ارومیه,6,36743,0.02
خوزستان اهواز,6,36743,0.02
مکه,6,36743,0.02
خیابان ولیعصر,6,36743,0.02
سراوان,6,36743,0.02
دریاچه خشک ارومیه,6,36743,0.02
چالوس,6,36743,0.02
بغداد,6,36743,0.02
اذربایجان غرب دریاچه ارومیه,6,36743,0.02
سمنان,6,36743,0.02
استان چهارمحال,6,36743,0.02
حفاظت,6,36743,0.02
زاینده استان اصفهان,6,36743,0.02
استان کرمانشاه,6,36743,0.02
زاینده کارون ایران,6,36743,0.02
تالاب میانکاله تالاب میانکاله,6,36743,0.02
تونل کوهرنگ,6,36743,0.02
زاینده اصفهان زاینده,6,36743,0.02
ایران جهان جهان,6,36743,0.02
کارون دز کرخه,6,36743,0.02
خوزستان خوزستان کارون,6,36743,0.02
زابل,6,36743,0.02
ارومیه تبریز,6,36743,0.02
ایران ایران دنیا,6,36743,0.02
کوهرنگ کارون,6,36743,0.02
مدینه,6,36743,0.02
دریای خزر دریاچه ارومیه,6,36743,0.02
منطقه حفاظت میانکاله,6,36743,0.02
کره زمین کره زمین,6,36743,0.02
چرنوبیل,6,36743,0.02
کارون بروجن,6,36743,0.02
تالاب انزلی ایران,6,36743,0.02
ارومیه دریاچه,6,36743,0.02
کشور جهان,6,36743,0.02
دریاچه ارومیه تبریز ارومیه,6,36743,0.02
اصفهان شهر اصفهان,6,36743,0.02
ایران زمین ایران,6,36743,0.02
تخت جمشید نقش رستم,6,36743,0.02
امارات,6,36743,0.02
استان اصفهان زاینده,6,36743,0.02
جهان اروپا,6,36743,0.02
اصفهان اصفهان اصفهان اصفهان,6,36743,0.02
سد زاینده سد زاینده,6,36743,0.02
نروژ,6,36743,0.02
استان مازندران,6,36743,0.02
خرمشهر کارون,6,36743,0.02
سرزمین ایران,6,36743,0.02
کارون دز,6,36743,0.02
ایرانه ایران,6,36743,0.02
بروجرد,6,36743,0.02
چهارمحال زاینده,6,36743,0.02
استان گیلان,6,36743,0.02
شهر قم,6,36743,0.02
شادگان,6,36743,0.02
نطنز,6,36743,0.02
بابل,6,36743,0.02
دریاچه ارومیه زمین,5,36743,0.01
استان شنبه,5,36743,0.01
دریاچه ارومیه دریاچه,5,36743,0.01
قاره اروپا ایران,5,36743,0.01
لندن ایران,5,36743,0.01
اصفهان کارون اصفهان,5,36743,0.01
کویر لوت,5,36743,0.01
هالیوود,5,36743,0.01
ایران ایران ایران ایران ایران,5,36743,0.01
اصفهان ایران اصفهان,5,36743,0.01
زاینده خشک اصفهان,5,36743,0.01
سوادکوه,5,36743,0.01
ایران خلیج فارس,5,36743,0.01
سیبری,5,36743,0.01
ونیز,5,36743,0.01
ایران اهواز,5,36743,0.01
المان المان,5,36743,0.01
شرق غرب,5,36743,0.01
المان جهان,5,36743,0.01
خیابان جنب فرمانداری,5,36743,0.01
اروند کارون,5,36743,0.01
زاینده کارون اصفهان,5,36743,0.01
تبریز ارومیه,5,36743,0.01
ارس,5,36743,0.01
کویر زاینده,5,36743,0.01
دریاچه,5,36743,0.01
شهر مریوان,5,36743,0.01
ماهشهر,5,36743,0.01
شهرستان کارون خوزستان,5,36743,0.01
زاینده زمین,5,36743,0.01
قصرشیرین,5,36743,0.01
زاهدان,5,36743,0.01
زاینده کوهرنگ,5,36743,0.01
غرب شرق,5,36743,0.01
خراسان جنوبی,5,36743,0.01
ایالات متحده,5,36743,0.01
اهواز کارون اهواز,5,36743,0.01
اصفهان اصفهان یزد,5,36743,0.01
شهرستان بختگان,5,36743,0.01
ایران زاگرس,5,36743,0.01
ایران اصفهان ایران,5,36743,0.01
کارون دریاچه ارومیه,5,36743,0.01
منابع,5,36743,0.01
دایکندی,5,36743,0.01
رشت اصفهان,5,36743,0.01
خانه یمان,5,36743,0.01
حوضه کارون,5,36743,0.01
دنیا جهان,5,36743,0.01
شرق کرمان,5,36743,0.01
اصفهان اصفهان اصفهان زاینده,5,36743,0.01
سد کرخه,5,36743,0.01
پل سفید کارون,5,36743,0.01
اصفهان زاینده یزد,5,36743,0.01
دریاچه ارومیه دریاچه ارومیه ایران,5,36743,0.01
ایران تهران جهان,5,36743,0.01
اصفهان خوزستان اصفهان,5,36743,0.01
ایران کشور ایران,5,36743,0.01
تهران کرج,5,36743,0.01
تالاب هورالعظیم هورالعظیم,5,36743,0.01
میانکاله مازندران,5,36743,0.01
استان سیستان و بلوچستان,5,36743,0.01
تالاب بندر انزلی,5,36743,0.01
دریاچه ارومیه ایران دریاچه ارومیه,5,36743,0.01
پارس جنوبی,5,36743,0.01
پاوه,5,36743,0.01
رشت زاینده,5,36743,0.01
قدس,5,36743,0.01
نوار غرب کشور,5,36743,0.01
هرات,5,36743,0.01
تهران تهران تهران تهران,5,36743,0.01
برلین,5,36743,0.01
دریاچه ارومیه زاینده کارون,5,36743,0.01
دریاچه ارومیه دریای خزر,5,36743,0.01
تبریز ارومیه دریاچه ارومیه,5,36743,0.01
پناهگاه حیات وحش میانکاله,5,36743,0.01
ایران اصفهان زاینده,5,36743,0.01
کارون شوشتر,5,36743,0.01
اصفهان سد زاینده,5,36743,0.01
خزر,5,36743,0.01
استان بوشهر,5,36743,0.01
بم,5,36743,0.01
استان کردستان,5,36743,0.01
معدن زاینده,4,36743,0.01
زاینده شهر اصفهان,4,36743,0.01
اهواز تهران,4,36743,0.01
رودخانه کارون شهر اهواز,4,36743,0.01
شرق اصفهان رودخانه زاینده,4,36743,0.01
اهواز خوزستان,4,36743,0.01
تالاب انزلی دره قرقاول تالاب انزلی,4,36743,0.01
کازرون,4,36743,0.01
تهران تبریز,4,36743,0.01
استان اصفهان اصفهان,4,36743,0.01
استان ایلام,4,36743,0.01
یزد زاینده,4,36743,0.01
کارون زاینده رود,4,36743,0.01
عسلویه,4,36743,0.01
مریخ,4,36743,0.01
اصفهان زمین,4,36743,0.01
تهران شهر تهران,4,36743,0.01
هرمز هرمز,4,36743,0.01
یزد خوزستان,4,36743,0.01
ایران غرب,4,36743,0.01
استان همدان,4,36743,0.01
گیلان ایران,4,36743,0.01
زاینده کویر,4,36743,0.01
شرق مازندران,4,36743,0.01
البرز دماوند,4,36743,0.01
جنگلهای گیلان,4,36743,0.01
استان چهارمحال وبختیاری,4,36743,0.01
جهان جهان ایران,4,36743,0.01
بلوار گلسرخ کرمانشاه,4,36743,0.01
ایران المان,4,36743,0.01
میانکاله ایران مازندران,4,36743,0.01
دجله فرات,4,36743,0.01
روستاهای غزانیه اهواز,4,36743,0.01
عربستان عربستان,4,36743,0.01
دریاچه ارومیه بختگان,4,36743,0.01
خشکی زاینده,4,36743,0.01
اصفهان شرق اصفهان,4,36743,0.01
اب,4,36743,0.01
استان تهران دماوند فیروزکوه,4,36743,0.01
منطقه تهران,4,36743,0.01
شوش اهواز ابادان کارون,4,36743,0.01
قروه,4,36743,0.01
خراسان رضوی,4,36743,0.01
مارماریس,4,36743,0.01
سد زاینده اصفهان,4,36743,0.01
فارس دریاچه ارومیه,4,36743,0.01
اشوراده,4,36743,0.01
جزیره ی هرمز,4,36743,0.01
ایران اروپا ایران,4,36743,0.01
منطقه کفت گله بوتا سوسن فرمانداری ایذه,4,36743,0.01
مازندران مازندران,4,36743,0.01
تالاب انزلی انزلی,4,36743,0.01
قم قم,4,36743,0.01
دریاچه ارومیه ارومیه تبریز,4,36743,0.01
ابادان ابادان,4,36743,0.01
سردشت,4,36743,0.01
زاینده استان,4,36743,0.01
تگزاس,4,36743,0.01
تالاب بختگان,4,36743,0.01
کارون خوزستان اصفهان,4,36743,0.01
کورد ستان,4,36743,0.01
تالاب هورالعظیم خوزستان,4,36743,0.01
رودخانه کارون رودخانه کارون,4,36743,0.01
رشت ایران,4,36743,0.01
شیراز تهران,4,36743,0.01
ایران سیستان,4,36743,0.01
اذربایجان ایران,4,36743,0.01
خیابان کارون,4,36743,0.01
زاینده اب اصفهان,4,36743,0.01
انزلی تالاب انزلی,4,36743,0.01
شهر تهران تهران,4,36743,0.01
شهریار,4,36743,0.01
جاده چالوس,4,36743,0.01
بجنورد,4,36743,0.01
روستای کارتها زاده سلطان ابراهیم,4,36743,0.01
اصفهان زاینده ابان اصفهان زاینده ابان,4,36743,0.01
اصفهان زاینده جاری,4,36743,0.01
شمال استان گلستان,4,36743,0.01
کارون اصفهان اصفهان,4,36743,0.01
پتروشیمی گلپایگان,4,36743,0.01
کوفه,4,36743,0.01
زاینده ایران ایران,4,36743,0.01
قطب,4,36743,0.01
دریاچه زیبای ارومیه,4,36743,0.01
کوهمره سرخی فارس,4,36743,0.01
دریاچه نمک قم,4,36743,0.01
ایران ایران دریاچه ارومیه,4,36743,0.01
پل میانگذر دریاچه ارومیه,4,36743,0.01
خشک,4,36743,0.01
پتروشیمی کارون,4,36743,0.01
جنوب کرمان,4,36743,0.01
کیش,4,36743,0.01
ایران اسیا,4,36743,0.01
اروپا جهان,4,36743,0.01
گتوند,4,36743,0.01
دریاچه ارومیه اذربایجان ایران,4,36743,0.01
شهرستان مریوان,4,36743,0.01
دوبی,4,36743,0.01
اذربایجان اذربایجان,4,36743,0.01
هورالعظیم تالاب هورالعظیم هویزه,4,36743,0.01
زاینده رودی,4,36743,0.01
خزر دریاچه ارومیه,4,36743,0.01
شهرم,4,36743,0.01
میانکاله بهشهر,4,36743,0.01
لهستان,4,36743,0.01
زاینده جهان,4,36743,0.01
زاینده روده,4,36743,0.01
بندر ماهشهر,4,36743,0.01
ورامین,4,36743,0.01
بیابان زاینده,4,36743,0.01
کارون ولش,4,36743,0.01
دریاچه بختگان استان فارس,4,36743,0.01
جهان دریاچه ارومیه,4,36743,0.01
دریاچه ارومیه تبریز تهران,4,36743,0.01
اشوراده میانکاله,4,36743,0.01
استان لرستان,4,36743,0.01
پناهگاه گندک,4,36743,0.01
شهر ابادان,4,36743,0.01
فیروزکوه,4,36743,0.01
ساختمان مرکزی مناطق نفتخیز جنوب,4,36743,0.01
زاینده زاینده اصفهان,4,36743,0.01
زاینده سراب,4,36743,0.01
زاینده کشاورز اصفهان,4,36743,0.01
مازندران میانکاله,4,36743,0.01
شرق ایران,4,36743,0.01
تهران اهواز,4,36743,0.01
لواسان,4,36743,0.01
جهان دنیا,4,36743,0.01
پتروشیمی میانکاله پتروشیمی میانکاله,4,36743,0.01
بروجرد لرستان,4,36743,0.01
زاینده سی,4,36743,0.01
جزایر فارو,4,36743,0.01
گیلان مازندران البرز,4,36743,0.01
خوزستان کارون اصفهان,4,36743,0.01
رودخانه کارون حفار غرب خرمشهر,4,36743,0.01
سرچشمه زاینده,4,36743,0.01
توکیو توکیو,4,36743,0.01
زاینده زیبا,4,36743,0.01
شهر اصفهان ایران,3,36743,0.01
اصفهان نطنز,3,36743,0.01
دریاچه ارومیه خزر,3,36743,0.01
اصفهان اصفهان شهر اصفهان,3,36743,0.01
تهران اصفهان اصفهان,3,36743,0.01
استان چهارمحال و بختیاری,3,36743,0.01
استان زاگرس,3,36743,0.01
شهر کرمان,3,36743,0.01
اصفهان پل خواجو زاینده,3,36743,0.01
کرج تهران,3,36743,0.01
شهر تبریز,3,36743,0.01
تهران دنیا,3,36743,0.01
روستای دش,3,36743,0.01
زاینده و کارون,3,36743,0.01
کشورما,3,36743,0.01
تهران زاینده,3,36743,0.01
قم اصفهان,3,36743,0.01
پل گذر دریاچه ارومیه دریاچه ارومیه,3,36743,0.01
هرمز ایران,3,36743,0.01
زرت زرت,3,36743,0.01
میدان شهرداری شهر هشتگرد کربلا,3,36743,0.01
تبریز تبریز,3,36743,0.01
کولاب,3,36743,0.01
ماه,3,36743,0.01
نجف,3,36743,0.01
دریاچه بختگان فارس,3,36743,0.01
روستا بهشهر,3,36743,0.01
شیراز اصفهان,3,36743,0.01
خوزستان کارون کارون,3,36743,0.01
ساحل میانکاله,3,36743,0.01
مبارکه,3,36743,0.01
بادرود,3,36743,0.01
داداش,3,36743,0.01
ارومیه دریاچه تیر,3,36743,0.01
لردگان,3,36743,0.01
گاوخونی,3,36743,0.01
زاینده سال اصفهان,3,36743,0.01
سرزمین پارس,3,36743,0.01
ایران شیراز,3,36743,0.01
خوزستان خوزستان خوزستان,3,36743,0.01
سیستان بلوچستان,3,36743,0.01
مازندران پتروشیمی میانکاله,3,36743,0.01
فرودگاه اصفهان,3,36743,0.01
خاورمیانه جهان,3,36743,0.01
استان تالاب هشیلان سراب نیلوفر,3,36743,0.01
زرین شهر اصفهان زاینده,3,36743,0.01
دریاچه ارومیه زاگرس ایران,3,36743,0.01
قندهار,3,36743,0.01
توچال,3,36743,0.01
روستای بزنجان بافت کرمان,3,36743,0.01
اذربایجان اذربایجان دریاچه ارومیه اذربایجان,3,36743,0.01
تون,3,36743,0.01
چشمه,3,36743,0.01
ایل بختیاری رودخانه کارون,3,36743,0.01
ایران کره زمین,3,36743,0.01
هور,3,36743,0.01
چیتگر دریاچه ارومیه,3,36743,0.01
جزیره اشوراده,3,36743,0.01
میاندواب,3,36743,0.01
مرکزی ایران,3,36743,0.01
انتالیا,3,36743,0.01
روستای مقطوع کارون,3,36743,0.01
کرمانشاه ایران,3,36743,0.01
دماوند خزر,3,36743,0.01
سیستان و بلوچستان بیرجند,3,36743,0.01
زاینده رودخانه زاینده,3,36743,0.01
اصفهان خوزستان خوزستان,3,36743,0.01
خوزستان تالاب هورالعظیم,3,36743,0.01
ایران تنگ قاسمی ایذه ایران,3,36743,0.01
دریای خزر تالاب انزلی,3,36743,0.01
ایران جهان ایران جهان,3,36743,0.01
اتوبان تهران قم,3,36743,0.01
چشمه کوهرنگ,3,36743,0.01
شهرستان کارون شهرستان کارون,3,36743,0.01
کوهرنگ اصفهان,3,36743,0.01
اهواز کارون کارون,3,36743,0.01
رامسر,3,36743,0.01
ساختمان مرکزی,3,36743,0.01
ژنو,3,36743,0.01
هورالعظیم دریاچه ارومیه,3,36743,0.01
شهرهای اهواز و کارون,3,36743,0.01
قشم,3,36743,0.01
کارون زاینده اصفهان,3,36743,0.01
میانکاله ایران ایران,3,36743,0.01
پارک ملی توران,3,36743,0.01
سد سردشت,3,36743,0.01
دشت اصفهان,3,36743,0.01
ایران اهواز خوزستان,3,36743,0.01
طهران,3,36743,0.01
جنوب البرز جنوب غرب تهران تهران,3,36743,0.01
اصفهان استان اصفهان,3,36743,0.01
کارون خرمشهر,3,36743,0.01
یزد کرمان اصفهان,3,36743,0.01
شهر اصفهان اصفهان,3,36743,0.01
فینسک,3,36743,0.01
جنوب کارون,3,36743,0.01
کارون هورالعظیم,3,36743,0.01
منطقه حفاظت دره باغ,3,36743,0.01
طالقان,3,36743,0.01
خیابان بزرگمهر اصفهان,3,36743,0.01
سد طالقان,3,36743,0.01
نسیم شهر استان تهران,3,36743,0.01
منطقه سعدی کرمان,3,36743,0.01
جهان ایران ایران ایران,3,36743,0.01
زاینده جاری اصفهان,3,36743,0.01
دریاچه ارومیه کویر ارومیه,3,36743,0.01
جیرفت,3,36743,0.01
زاینده اصفهان ایران,3,36743,0.01
عالم,3,36743,0.01
ارس دریاچه ارومیه,3,36743,0.01
خوزستان ابادان,3,36743,0.01
تالاب میانکاله تالاب استان مازندران,3,36743,0.01
تالاب هورالعظیم هویزه,3,36743,0.01
سد کوهرنگ,3,36743,0.01
جهان تهران,3,36743,0.01
ورزشگاه ازادی,3,36743,0.01
تالاب انزلی دریاچه ارومیه,3,36743,0.01
اصفهان اصفهان زاینده تالاب گاوخونی,3,36743,0.01
پارک لاله,3,36743,0.01
اهواز رودخانه کارون رودخانههای کارون و دز رودخانه کارون و دز,3,36743,0.01
زاینده دریاچه ارومیه کارون,3,36743,0.01
زاینده پل خواجو اصفهان,3,36743,0.01
استانهای اصفهان,3,36743,0.01
ایران جهان ایران جهان ایران,3,36743,0.01
اژه,3,36743,0.01
شهرستان بندرگز,3,36743,0.01
منطقه زاگرس,3,36743,0.01
نسیم شهر تهران,3,36743,0.01
زاینده ابم,3,36743,0.01
اصفهان اصفهان اصفهان زاینده اصفهان,3,36743,0.01
ارومیه تبریز دریاچه ارومیه,3,36743,0.01
شهرهای سنندج و بانه,3,36743,0.01
استان البرز تهران تهران,3,36743,0.01
خلیج,3,36743,0.01
ماله,3,36743,0.01
پارس فارس فارس فارس,3,36743,0.01
دریاچه خزر,3,36743,0.01
زاینده اصفهان اصفهان زاینده,3,36743,0.01
اهواز ابادان,3,36743,0.01
رودخانه زاینده زاینده,3,36743,0.01
شهر رشت,3,36743,0.01
جمشید,3,36743,0.01
درود لرستان,3,36743,0.01
بصره,3,36743,0.01
گلستان میانکاله,3,36743,0.01
مریخ زمین,3,36743,0.01
زاینده پراب,3,36743,0.01
زاینده خشک زاینده,3,36743,0.01
جوزجان,3,36743,0.01
پل کارون اهواز,3,36743,0.01
دریاچه ارومیه ارومیه دریاچه ارومیه,3,36743,0.01
هیرمند,3,36743,0.01
زاینده ابش,3,36743,0.01
ساری میانکاله مازندران,3,36743,0.01
عثمانی,3,36743,0.01
ایران قم,3,36743,0.01
ایران ایران ایران جهان,3,36743,0.01
پاکدشت,3,36743,0.01
روستای روشنکوه,3,36743,0.01
شهرستان امل,3,36743,0.01
خلیج گر,3,36743,0.01
خوزستان کارون خوزستان,3,36743,0.01
دسترسی بندرترکمن جزیره اشوراده تالاب المللی میانکاله,3,36743,0.01
روستای میریژگان چناران,3,36743,0.01
دریای خزر میانکاله,3,36743,0.01
دریاچه ارومیه خلیج فارس,3,36743,0.01
رودخانه کارون خرمشهر,3,36743,0.01
جهان جهان زمین,3,36743,0.01
اصفهان زاینده کشاورز,3,36743,0.01
تالاب المللی میانکاله,3,36743,0.01
هامون دریاچه ارومیه,3,36743,0.01
خور,3,36743,0.01
حلب,3,36743,0.01
زاینده شهرکرد,3,36743,0.01
زاینده روان,3,36743,0.01
ابادان کارون,3,36743,0.01
کویر اصفهان,3,36743,0.01
روستای مقطوع شهر کارون خوزستان,3,36743,0.01
دوحه,3,36743,0.01
البرز مرکزی,3,36743,0.01
رودخانه کارون اهواز,3,36743,0.01
تخت جمشید ایران,3,36743,0.01
المان اروپا,3,36743,0.01
جزیره هرمز هرمز,3,36743,0.01
ایران اصفهان اصفهان,3,36743,0.01
گتوند کارون,3,36743,0.01
خاورمیانه خاورمیانه,3,36743,0.01
ایران زاینده کارون,3,36743,0.01
میانکاله استان مازندران,3,36743,0.01
زاینده کارون دریاچه ارومیه,3,36743,0.01
نقده,3,36743,0.01
بندرانزلی,3,36743,0.01
زمین کره زمین,3,36743,0.01
اصفهان زاینده زیبا,3,36743,0.01
کوهرنگ زاینده,3,36743,0.01
هورالعظیم تالاب هورالعظیم,3,36743,0.01
رفسنجان,3,36743,0.01
دریاچه چیتگر ارومیه,3,36743,0.01
ه,3,36743,0.01
منطقه اصفهان,3,36743,0.01
استان گیلان تالاب المللی انزلی,3,36743,0.01
کردکوی,3,36743,0.01
امل فیلبند,3,36743,0.01
چهارمحال بختیاری اصفهان,3,36743,0.01
ارس کارون سیروان,3,36743,0.01
پل گذر دریاچه ارومیه,3,36743,0.01
دریاچه ی ارومیه ایران,3,36743,0.01
اصفهان اصفهان خوزستان,3,36743,0.01
اسلامشهر,3,36743,0.01
سد فینسک پتروشیمی میانکاله,3,36743,0.01
دریاچه ارومیه شهر تبریز,3,36743,0.01
زاینده زنده,3,36743,0.01
سینما,3,36743,0.01
کره زمین ایران,3,36743,0.01
اصفهان شرق و غرب استان اصفهان,3,36743,0.01
رودخانه دز دز,3,36743,0.01
ایران تنگه ی قاسمی ایذه ایران,3,36743,0.01
عربستان امارات,3,36743,0.01
سوییس ایران,3,36743,0.01
دجله دجله,3,36743,0.01
استان مرکزی,3,36743,0.01
جنوب غرب تهران,3,36743,0.01
اردکان,3,36743,0.01
گولاگ,3,36743,0.01
اصفهان کارون زاینده,3,36743,0.01
اصفهان شهر اصفهان اصفهان,3,36743,0.01
هور کارون,3,36743,0.01
اصفهان دریاچه ارومیه خوزستان,3,36743,0.01
پارک پردیسان تهران,3,36743,0.01
زاینده تونل کوهرنگ,3,36743,0.01
شرق کشور,3,36743,0.01
خوزستان استان خوزستان,3,36743,0.01
فاریاب,3,36743,0.01
جهان خاورمیانه,3,36743,0.01
دریای خزر سمنان,3,36743,0.01
منطقه دامشهر قم,3,36743,0.01
اصفهان تالاب گاوخونی,3,36743,0.01
همدان همدان,3,36743,0.01
کارون کوهرنگ,3,36743,0.01
روستای کنازق شهرستان نمین,3,36743,0.01
شهر بهشهر,3,36743,0.01
کهگیلویه,3,36743,0.01
مسکو,3,36743,0.01
بهشهر میانکاله,3,36743,0.01
استانهای مرکزی,3,36743,0.01
ایران ارومیه,3,36743,0.01
جنوب غرب کشور,3,36743,0.01
جهان دنیا ایران,3,36743,0.01
شهر دریاچه ارومیه,3,36743,0.01
غرب و جنوب غرب کشور,3,36743,0.01
ایران استان اصفهان,3,36743,0.01
زاینده کارون ارومیه,3,36743,0.01
اره دریاچه ارومیه,3,36743,0.01
دریاچه ی ارومیه اذربایجان,3,36743,0.01
عسلویه میانکاله,3,36743,0.01
هورالعظیم کارون,3,36743,0.01
دیار زنده نطنز بادرود کاشان,3,36743,0.01
ایران تالاب انزلی,3,36743,0.01
کارون تهران,3,36743,0.01
ارومیه اذربایجان دریاچه ارومیه,3,36743,0.01
روستای میریژگان شهرستان چناران,3,36743,0.01
قطب جنوب,3,36743,0.01
ایران اسراییل,3,36743,0.01
چچن,3,36743,0.01
استان تهران جهان,3,36743,0.01
پتروشیمی میانکاله ایران,3,36743,0.01
استان استان,3,36743,0.01
یزد اصفهان زاینده,3,36743,0.01
خانه زاینده,3,36743,0.01
خوزستان اهواز کارون,3,36743,0.01
تکه,3,36743,0.01
میدان نقش جهان اصفهان,3,36743,0.01
جاده ساحلی کارون,2,36743,0.01
تالاب انزلی هورالعظیم,2,36743,0.01
خوزستان رودخانه کارون خوزستان,2,36743,0.01
هور شریفی جنوب کشور سد کرخه کرخه تالاب هورالعظیم,2,36743,0.01
جنوب جهان,2,36743,0.01
شوروی جهان,2,36743,0.01
هور العظیم,2,36743,0.01
دریای خزر خلیج فارس دریاچه ارومیه,2,36743,0.01
دانشگاه,2,36743,0.01
زاینده قاجار اصفهان,2,36743,0.01
خیابان زاینده,2,36743,0.01
روستای بنفشه کلاردشت,2,36743,0.01
شیراز کارون,2,36743,0.01
حوزه خلیج فارس,2,36743,0.01
استان فارس استان اصفهان,2,36743,0.01
ساحل دریاچه ارومیه,2,36743,0.01
سرزمین اصفهان مرودشت بختگان ارسنجان تخت جمشید پاسارگاد,2,36743,0.01
اصفهان کارون خوزستان,2,36743,0.01
کلاردشت,2,36743,0.01
دانشگاه تهران,2,36743,0.01
گلستان گلستان,2,36743,0.01
پتروشیمی میانکاله فا,2,36743,0.01
استان چهارمحال وبختیاری کارون,2,36743,0.01
اق مشهد,2,36743,0.01
تالاب انزلی تالاب انزلی ایران,2,36743,0.01
کارون کرمان,2,36743,0.01
ریگان,2,36743,0.01
کارون ایران ایران,2,36743,0.01
ایران کارون زاینده,2,36743,0.01
طبس,2,36743,0.01
گاوخونی زاینده,2,36743,0.01
جهان جهان جهان جهان جهان,2,36743,0.01
ایران دنیا ایران,2,36743,0.01
زاینده اصفهان خوزستان,2,36743,0.01
خیابان ارشاد,2,36743,0.01
وین سیستان و بلوچستان,2,36743,0.01
ارومیه هامون کارون ایران,2,36743,0.01
تالاب تالاب ابکنار انزلی,2,36743,0.01
زاینده حوزه کارون,2,36743,0.01
رودخانه زاب دریاچه ارومیه,2,36743,0.01
کارون سمیرم,2,36743,0.01
اصفهان چهارمحال بختیاری,2,36743,0.01
غرب کابل,2,36743,0.01
ایران استان ایران,2,36743,0.01
شهر اصفهان شهر اصفهان,2,36743,0.01
منطقه قالب,2,36743,0.01
سرشاخههای کارون,2,36743,0.01
سرچشمه یزد,2,36743,0.01
کارون خوزستان ایران,2,36743,0.01
جیحون,2,36743,0.01
ایران شوروی,2,36743,0.01
دز کرخه کارون,2,36743,0.01
زاینده جمعه,2,36743,0.01
جهان جهان اروپا اروپا جهان جهان جهان,2,36743,0.01
روستای کهرلا دریاچه سد کارون,2,36743,0.01
استان تهران اراد کوه,2,36743,0.01
خوزستان خوزستان کرخه دز کارون مارون زهره,2,36743,0.01
خاورمیانه خاورمیانه خاورمیانه,2,36743,0.01
تونل کوهرنگ کارون,2,36743,0.01
دانشکده منابع,2,36743,0.01
ایران ایران میانکاله,2,36743,0.01
استان زنجان,2,36743,0.01
رودخانه کرج,2,36743,0.01
مازندران تالاب میانکاله,2,36743,0.01
سمیرم کارون,2,36743,0.01
کارون کیانپارس,2,36743,0.01
سد زاینده اصفهان ایران,2,36743,0.01
دریاچه ایران,2,36743,0.01
پتروشیمی مازندران میانکاله,2,36743,0.01
زاینده بانکی,2,36743,0.01
تالاب المللی شادگان رودخانه مارون رودخانه کارون تالاب شادگان,2,36743,0.01
رودخانه خشک زاینده,2,36743,0.01
پتروشیمی تالاب میانکاله,2,36743,0.01
منطقه سعیداباد شمال شهرستان گلپایگان,2,36743,0.01
بختگان تالاب گاوخونی,2,36743,0.01
فولاد,2,36743,0.01
پایانه مرزی میلک سیستان,2,36743,0.01
زاینده ساعت,2,36743,0.01
جلگه خوزستان,2,36743,0.01
دریاچه ارومیه وان,2,36743,0.01
پنجشیر پنجشیر,2,36743,0.01
میناب,2,36743,0.01
خراسان ایران,2,36743,0.01
زاینده رد اصفهان,2,36743,0.01
زاگرس جنوبی,2,36743,0.01
سیستان ایران,2,36743,0.01
روستای میریژگان چناران رادکان,2,36743,0.01
ایران مجتمع پتروشیمی میانکاله,2,36743,0.01
کورد,2,36743,0.01
اصفهان جهان ایران ایران اصفهان ایران,2,36743,0.01
ایران کارون کرخه دز چالوس کشکان ارس ایران,2,36743,0.01
بدخشان,2,36743,0.01
دنیا ایران ایران,2,36743,0.01
پل خواجه,2,36743,0.01
شوشتر رودخانه کارون,2,36743,0.01
زاینده سد زاینده,2,36743,0.01
زاینده رود کارون,2,36743,0.01
چهارمحال کارون,2,36743,0.01
فلوریدا,2,36743,0.01
منطقه مهراباد شهرستان فنوج استان سیستان و بلوچستان,2,36743,0.01
حیات,2,36743,0.01
ایران اذربایجان,2,36743,0.01
تالاب گاوخونی زاینده,2,36743,0.01
دامنه جنوبی البرز,2,36743,0.01
پل سفید رودخانه کارون,2,36743,0.01
شمال شرق,2,36743,0.01
شوروی ایران,2,36743,0.01
زمین میانکاله,2,36743,0.01
اصفهان خوزستان خوزستان اصفهان اصفهان,2,36743,0.01
قندوز,2,36743,0.01
رودخانه کرخه,2,36743,0.01
اصفهان زاینده گاوخونی,2,36743,0.01
دریاچه قم دریاچه ارومیه,2,36743,0.01
دریاچه ارومیه شهرکرد,2,36743,0.01
خوزستان خلیج فارس,2,36743,0.01
دریاچه ارومیه شمال غرب ایران,2,36743,0.01
ایران خاورمیانه ایران,2,36743,0.01
رشت رشت,2,36743,0.01
کشور خوزستان,2,36743,0.01
بندر انزلی تالاب انزلی,2,36743,0.01
سیستان و بلوچستان هرمزگان,2,36743,0.01
سد,2,36743,0.01
غرب گیلان,2,36743,0.01
رودخانه دریاچه ارومیه,2,36743,0.01
استانهای تهران و البرز گلستان,2,36743,0.01
دراز ن کردکوی,2,36743,0.01
منطقه درازن کردکوی,2,36743,0.01
کارون دجله,2,36743,0.01
ایران پنجشیر,2,36743,0.01
عربستان جهان,2,36743,0.01
دریاچه ارومیه نگین فیروزه اذربایجان دریاچه ارومیه,2,36743,0.01
مازندران بهشهر,2,36743,0.01
سیرجان,2,36743,0.01
میانکاله شاهرود,2,36743,0.01
تهران استانهای تهران و البرز تهران,2,36743,0.01
ایران ایران زاگرس,2,36743,0.01
سواحل غرب مازندران,2,36743,0.01
رشت سد زاینده سد زاینده,2,36743,0.01
اصفهان شهرکرد اصفهان,2,36743,0.01
شوروی شوروی,2,36743,0.01
زاینده یزد یزد,2,36743,0.01
روستای وردیج شهرستان تهران,2,36743,0.01
اکراین شوروی,2,36743,0.01
هورالعظیم هورالعظیم,2,36743,0.01
تهران زاگرس,2,36743,0.01
حوضه کارون لردگان سد کارون,2,36743,0.01
رودخانه اترک اترک,2,36743,0.01
سبزوار,2,36743,0.01
لندن ایران ایران,2,36743,0.01
زمین ایران ایران,2,36743,0.01
دریاچه ارومیه تالاب هورالعظیم,2,36743,0.01
اصفهان ایرانه ایران,2,36743,0.01
شمال ایران شمال ایران,2,36743,0.01
شهرستانهای رودبار و سیاهکل شهرستان رودبار و سیاهکل استان گیلان,2,36743,0.01
سیستان و بلوچستان ایرانشهر,2,36743,0.01
دجله فرات کارون,2,36743,0.01
جهان فارس,2,36743,0.01
اصفهان یزد کارون,2,36743,0.01
باکو ایران,2,36743,0.01
منطقه قلعه کنعان,2,36743,0.01
سد زاینده سد زاینده اصفهان,2,36743,0.01
جهان ایران ایران جهان ایران,2,36743,0.01
نوراباد ممسنی,2,36743,0.01
جنگل امازون,2,36743,0.01
کیانپارس,2,36743,0.01
شهرستان بازسازی منابع,2,36743,0.01
زاینده استان اصفهان استان تهران دریاچه ارومیه استان خوزستان,2,36743,0.01
تربت کربلا,2,36743,0.01
گیسوم شهرستان تالش,2,36743,0.01
سطل,2,36743,0.01
زاینده فلات مرکزی شهر اصفهان,2,36743,0.01
هرات هرات,2,36743,0.01
جزایر کیش و قشم,2,36743,0.01
منطقه حفاظت چلاو جاده هراز,2,36743,0.01
بادغیس,2,36743,0.01
هیرمند هیرمند,2,36743,0.01
برنت,2,36743,0.01
دریاچه زاینده,2,36743,0.01
پتروشیمی میانکاله مازندران,2,36743,0.01
کارون ایران خوزستان,2,36743,0.01
سیاهکل,2,36743,0.01
اکراین ایران,2,36743,0.01
حمایت,2,36743,0.01
ایران شرق,2,36743,0.01
ایران کورش,2,36743,0.01
استان خوزستان ایران,2,36743,0.01
تفرش,2,36743,0.01
رشت دریاچه ارومیه,2,36743,0.01
اتوبان کسايی تبریز دریاچه ارومیه,2,36743,0.01
گتوند کارون گتوند,2,36743,0.01
قلعه گنج جنوب استان کرمان,2,36743,0.01
شهرستان بهبهان استان خوزستان,2,36743,0.01
زاینده دریاچه ی ارومیه,2,36743,0.01
منطقه بلوچستان سیستان,2,36743,0.01
جمکران,2,36743,0.01
دشت خوزستان سیستان مناطقی کرمان هرمزگان و خراسان جنوبی,2,36743,0.01
سیبری میانکاله,2,36743,0.01
سد گتوند دریاچه ارومیه هورالعظیم,2,36743,0.01
میانکاله اصفهان,2,36743,0.01
تالاب انزلی میانکاله,2,36743,0.01
طبرستان,2,36743,0.01
ساری میانکاله ایران,2,36743,0.01
ایران کویر,2,36743,0.01
میانکاله گلستان,2,36743,0.01
شهر تستر احواز اشغالی,2,36743,0.01
استان اصفهان اصفهان زاینده,2,36743,0.01
اصفهان خوزستان کارون اصفهان اصفهان,2,36743,0.01
جهان کارون,2,36743,0.01
دریای خزر دریای خزر,2,36743,0.01
سرزمین فلسطین,2,36743,0.01
اصفهان فلسطین,2,36743,0.01
سد زاینده استان اصفهان,2,36743,0.01
تالاب میانکاله تالاب کاله,2,36743,0.01
زاینده اذر,2,36743,0.01
دریاچه ارومیه دریاچه بایکال,2,36743,0.01
سراب,2,36743,0.01
ایران زاگرس ایران,2,36743,0.01
هلمند,2,36743,0.01
پاریس تهران,2,36743,0.01
پارک ساعی تهران خیابان ولیعصر,2,36743,0.01
ایستگاه فضایی المللی دریاچه ارومیه,2,36743,0.01
قروه قروه,2,36743,0.01
ایران ایران تهران,2,36743,0.01
ایذه کارون,2,36743,0.01
جاده تالاب المللی میانکاله,2,36743,0.01
ایران جهان ایران ایران,2,36743,0.01
یزد خوزستان خوزستان,2,36743,0.01
دریاچه ارومیه دنیا,2,36743,0.01
اروپای غرب,2,36743,0.01
خوزستان تهران تهران,2,36743,0.01
رستوران ریف اهواز ابادان اهواز رستوران ریف رودخانه کارون,2,36743,0.01
فیلبند,2,36743,0.01
چهارمحال یزد یزد یزد,2,36743,0.01
ازمیر,2,36743,0.01
ایران المان المان,2,36743,0.01
بیستون,2,36743,0.01
بانکوک,2,36743,0.01
خوزستان بوشهر,2,36743,0.01
میانکاله دامغان,2,36743,0.01
خانه بهاییها,2,36743,0.01
پاسارگاد ایران,2,36743,0.01
بیمارستان رازی اهواز,2,36743,0.01
ایران فارس,2,36743,0.01
فردیس,2,36743,0.01
ایران جهان جهان ایران,2,36743,0.01
جنگلهای قلعه مریوان قهلای مهریوان,2,36743,0.01
بهشت زهرا,2,36743,0.01
ایرا,2,36743,0.01
چهارمحال وبختیاری کارون,2,36743,0.01
ابادان تهران,2,36743,0.01
سن پترزبورگ,2,36743,0.01
ایران کارون ایران,2,36743,0.01
تالش,2,36743,0.01
شهر سنندج,2,36743,0.01
کارون ارومیه,2,36743,0.01
تهران شهرک رضویه شهرک کارون,2,36743,0.01
تخت جمشید پایگاه میراث,2,36743,0.01
دریاچه ارومیه اذربایجان غرب دریاچه ارومیه,2,36743,0.01
تالاب,2,36743,0.01
نیشابور نیشابور,2,36743,0.01
میانکاله سراوان,2,36743,0.01
کویر ایران,2,36743,0.01
نیروگاه نکا,2,36743,0.01
استان یزد یزد,2,36743,0.01
چیتگر,2,36743,0.01
پتروشیمی میانکاله میانکاله,2,36743,0.01
جهان جهان اهواز اهواز,2,36743,0.01
زاگرس دنا و بویراحمد,2,36743,0.01
میانکاله امیراباد,2,36743,0.01
تالاب میانکاله خلیج گر سوز ساری,2,36743,0.01
زاینده مرده,2,36743,0.01
مجتمع کشت,2,36743,0.01
شهرستان سنندج,2,36743,0.01
شهر یزد,2,36743,0.01
شمال,2,36743,0.01
دریاچه چیتگر,2,36743,0.01
دریاچه ارومیه کویر لوت,2,36743,0.01
اکباتان,2,36743,0.01
چهارمحال وبختیاری زاینده,2,36743,0.01
شوروی شوروی ایران,2,36743,0.01
شهرستان بوانات,2,36743,0.01
ایران تالاب میانکاله,2,36743,0.01
رودخانه چالوس کارون,2,36743,0.01
مازندران سمنان سمنان,2,36743,0.01
زاینده خاک,2,36743,0.01
اصفهان کارون اصفهان یزد,2,36743,0.01
استان قزوین,2,36743,0.01
اروند کارون بهشهر,2,36743,0.01
خانه قحطی,2,36743,0.01
ایران رشت,2,36743,0.01
دریاچه ارومیه زاینده خشک هورالعظیم,2,36743,0.01
کارون شهر اح واز اشغالی,2,36743,0.01
گیلان روستای سراوان,2,36743,0.01
ارومیه اذربایجان,2,36743,0.01
شهرکرد دریاچه ارومیه,2,36743,0.01
زاینده کارون دریاچه ارومیه ایران,2,36743,0.01
زمین ایران زمین ایران,2,36743,0.01
کوهدشت,2,36743,0.01
اهواز ایران,2,36743,0.01
دریاچه ارومیه تالاب انزلی,2,36743,0.01
ایران ایران زمین,2,36743,0.01
سیستان دریاچه ارومیه,2,36743,0.01
ایران لندن,2,36743,0.01
تونل کوهرنگ زاینده,2,36743,0.01
رودخانه زاینده سراب,2,36743,0.01
دنیا دنیا,2,36743,0.01
اهواز اهواز اهواز,2,36743,0.01
منطقه حفاظت کوه سعدی استان کرمان,2,36743,0.01
ایران اصفهان کارون اصفهان,2,36743,0.01
فریزر,2,36743,0.01
غزنی,2,36743,0.01
کشور,2,36743,0.01
روستای دهلق,2,36743,0.01
استانهای غرب کشور,2,36743,0.01
ایران شرق غرب,2,36743,0.01
منطقه امیراباد مازندران مجتمع پتروشمیی میانکاله,2,36743,0.01
کارون کرخه دز,2,36743,0.01
اذر شهر اصفهان,2,36743,0.01
کارون کرخه ارومیه,2,36743,0.01
بختگان ارومیه,2,36743,0.01
سرچشمه کارون,2,36743,0.01
خلیج فارس خلیج فارس,2,36743,0.01
رشت بروجن,2,36743,0.01
جهان تهران جهان,2,36743,0.01
پردیس,2,36743,0.01
ایران ایران ایران زمین,2,36743,0.01
رشت استان چهارمحال وبختیاری,2,36743,0.01
ارومیه بختگان,2,36743,0.01
ایران دریای خزر خلیج فارس ایران,2,36743,0.01
دره قرقاول تالاب انزلی,2,36743,0.01
خوزستان رودخانه کارون استان خوزستان بلوار ساحلی شهر اهواز,2,36743,0.01
ارس کارون,2,36743,0.01
تهران اصفهان اراک اهواز کرج مشهد,2,36743,0.01
تهران ورامین,2,36743,0.01
اصفهان اصفهان اصفهان کارون,2,36743,0.01
کارون سد گتوند,2,36743,0.01
برلین جهان,2,36743,0.01
اذربایجان تبریز,2,36743,0.01
کارون خوزستان کارون,2,36743,0.01
سند,2,36743,0.01
رشت زاینده اصفهان,2,36743,0.01
سمیرم,2,36743,0.01
سیستان و بلوچستان سیستان و بلوچستان,2,36743,0.01
شهر ایران,2,36743,0.01
سینما کارون,2,36743,0.01
منا,2,36743,0.01
رودخانه ارس,2,36743,0.01
دامغان,2,36743,0.01
تالاب هورالعظیم ایران ایران,2,36743,0.01
صومعه سرا,2,36743,0.01
بهبهان,2,36743,0.01
هیرمند هامون,2,36743,0.01
کارون خلیج فارس,2,36743,0.01
دز,2,36743,0.01
کارون بصره,2,36743,0.01
باوی استان خوزستان,2,36743,0.01
تهران سیستان و بلوچستان,2,36743,0.01
یزد ایران,2,36743,0.01
نمازخانه نبی رحمت خیابان دانش شهرستان زاهدان,2,36743,0.01
اصفهان تهران ایران,2,36743,0.01
زاینده ورزند یزد,2,36743,0.01
فلات مرکزی کارون,2,36743,0.01
شهرستان دماوند شهرستان دماوند,2,36743,0.01
چهارمحال زاینده چهارمحال اصفهان,2,36743,0.01
استان کارون,2,36743,0.01
تالاب میانکاله خلیج گر ساری,2,36743,0.01
دریاچه قم,2,36743,0.01
شکر,2,36743,0.01
ساختمان مرکزی مناطق نفت خیز جنوب,2,36743,0.01
زاینده و کارون دریاچه ارومیه,2,36743,0.01
اذربایجان ایران ایران,2,36743,0.01
ایران پارس,2,36743,0.01
گیلان مازندران گیلان مازندران,2,36743,0.01
بندر عباس,2,36743,0.01
میانکاله ارومیه,2,36743,0.01
دنا دماوند تالاب انزلی,2,36743,0.01
میانکاله هورالعظیم,2,36743,0.01
خلیج گر تالاب میانکاله,2,36743,0.01
باغ,2,36743,0.01
نجف اصفهان ایران,2,36743,0.01
حومه,2,36743,0.01
دروغ,2,36743,0.01
خاورمیانه اروپا خاورمیانه,2,36743,0.01
خوزستان خراسان رضوی,2,36743,0.01
تهران دماوند,2,36743,0.01
اهواز اهواز کارون,2,36743,0.01
هامون کارون,2,36743,0.01
زاینده گاوخونی اصفهان,2,36743,0.01
فرودگاه المللی اصفهان,2,36743,0.01
تبریز ایران,2,36743,0.01
زاینده کارون اصفهان خوزستان,2,36743,0.01
تهران خوزستان خوزستان,2,36743,0.01
شهرک بعثت,2,36743,0.01
واز,2,36743,0.01
تهران پردیس کیان ماندانا ایران,2,36743,0.01
قزوین قزوین,2,36743,0.01
اصفهان زاینده تالاب گاوخونی,2,36743,0.01
غرب تهران,2,36743,0.01
دریاچه ارومیه اقیانوس اطلس,2,36743,0.01
صحرای عربستان,2,36743,0.01
اصفهان اصفهان زاینده پل خواجو,2,36743,0.01
شفت,2,36743,0.01
لرستان خوزستان,2,36743,0.01
سد مهاباد دریاچه ارومیه,2,36743,0.01
شاهرود,2,36743,0.01
شهر اصفهان زاینده,2,36743,0.01
خوزستان سیستان,2,36743,0.01
سد زاینده اصفهان اصفهان,2,36743,0.01
ایران تنگ قاسمی ایذه ایران سد کارون,2,36743,0.01
ایران جهان جهان ایران ایران,2,36743,0.01
سد زاینده زاینده,2,36743,0.01
اصفهان حوضه کارون بروجن,2,36743,0.01
البانی,2,36743,0.01
منطقه حفاظت,2,36743,0.01
خوزستان کارون کرخه دز,2,36743,0.01
فریدونکنار میانکاله,2,36743,0.01
اصفهان یزد چهارمحال و خوزستان,2,36743,0.01
کارون بوشهر,2,36743,0.01
کرمان ایران,2,36743,0.01
ماهشهر عسلویه,2,36743,0.01
سد کرج,2,36743,0.01
اصفهان اصفهان جهان,2,36743,0.01
ایران دریاچه ارومیه دریاچه ارومیه,2,36743,0.01
فروشگاه شهروند,2,36743,0.01
زاینده بازه,2,36743,0.01
مرکزی,2,36743,0.01
حیاط ساختمان,2,36743,0.01
اصفهان بروجن,2,36743,0.01
اصفهان زاینده خوزستان,2,36743,0.01
تالاب انزلی گیلان تالاب انزلی,2,36743,0.01
تهران خاورمیانه,2,36743,0.01
پل سفید,2,36743,0.01
دردشت شیراز,2,36743,0.01
شمال شهر,2,36743,0.01
دنیا زمین,2,36743,0.01
روستای حسن,2,36743,0.01
قطب شمال و جنوب,2,36743,0.01
زاینده مال اصفهان,2,36743,0.01
رودخانه کارون شهرهای ابادان خرمشهر ویس ملاثانی و شوشتر رودخانه کارون,2,36743,0.01
شهر اراک,2,36743,0.01
بزرگراه ابشناسان تهران,2,36743,0.01
تهران مشهد,2,36743,0.01
شهرداری,2,36743,0.01
خوزستان کارون زاینده,2,36743,0.01
دریاچه رضاییه ارومیه,2,36743,0.01
مجتمع پالایشگاه ابادان ایران,2,36743,0.01
مرودشت,2,36743,0.01
منطقه سیستان,2,36743,0.01
ارومیه ارومیه رضایی دریاچه ارومیه,2,36743,0.01
زاینده مال,2,36743,0.01
اصفهان جهان اصفهان,2,36743,0.01
اب کارون اصفهان,2,36743,0.01
دریاچە ارومیه ایران,2,36743,0.01
شهر ری,2,36743,0.01
زاینده بن بروجن کارون,2,36743,0.01
زاینده کارون زاینده,2,36743,0.01
زاینده سرچشمه کارون زاینده,2,36743,0.01
دریاچه ارومیه استان اذربایجان غرب دریاچه ارومیه,2,36743,0.01
اقیانوس اطلس,2,36743,0.01
شهرستان شوشتر,2,36743,0.01
دریاچه ارومیه زاینده هورالعظیم,2,36743,0.01
مسجد جامع خرمشهر,2,36743,0.01
ایران تهران کرج,2,36743,0.01
دشتستان,2,36743,0.01
استان اصفهان شهر حبیب,2,36743,0.01
تهران بزرگراه ابشناسان تهران,2,36743,0.01
دریاچه ارومیه دریا,2,36743,0.01
سد کرخه خوزستان,2,36743,0.01
ابادان خرمشهر اهواز,2,36743,0.01
شهر پلها کارون,2,36743,0.01
هامون ایران,2,36743,0.01
زاگرس کارون,2,36743,0.01
چهارمحال بختیاری,2,36743,0.01
ایران گیلان,2,36743,0.01
اصفهان زاینده اصفهان ایران,2,36743,0.01
دریاچه ارومیه زنجان دریاچه ارومیه دریاچه ارومیه اذربایجان دریاچه ارومیه زنجان,2,36743,0.01
زنجان زنجان,2,36743,0.01
اصفهان استان اصفهان یزد,2,36743,0.01
ایران استان تهران,2,36743,0.01
چشمه کوهرنگ چهارمحال وبختیاری کارون دز زاینده,2,36743,0.01
زاینده یزد کاشان,2,36743,0.01
ایران دریاچه ی ارومیه,2,36743,0.01
ایران افتاب,2,36743,0.01
مجتمع ستاره,2,36743,0.01
کره زمین دنیا,2,36743,0.01
جنوب شرق کشور,2,36743,0.01
زاینده چشمه کوهرنگ,2,36743,0.01
جنوب شهر,2,36743,0.01
زاینده فولاد مبارکه,2,36743,0.01
استان البرز تهران,2,36743,0.01
ارومیه خزر,2,36743,0.01
زاینده خبر اصفهان,2,36743,0.01
تبریز دریاچه ارومیه تبریز,2,36743,0.01
پالایشگاه بیدبلند خلیج فارس شرق کارون,2,36743,0.01
وزستان,2,36743,0.01
دیار زاینده,2,36743,0.01
یزد کرمان,2,36743,0.01
شهرستان صومعه سرا,2,36743,0.01
اصفهان زاینده شهر,2,36743,0.01
شمال تهران,2,36743,0.01
زاینده ماشین,2,36743,0.01
زاینده سرچشمه,2,36743,0.01
سد زاینده صحت,2,36743,0.01
زاینده رودی اصفهان,2,36743,0.01
زاینده انتقال یزد,2,36743,0.01
استان استان کشور,2,36743,0.01
دریاچه چیچست ارومیه,2,36743,0.01
زاینده رد,2,36743,0.01
دریاچه ارومیه تهران اصفهان,2,36743,0.01
دریاچه ارومیه دریاچه چیتگر,2,36743,0.01
زمین زمین زمین,2,36743,0.01
زاینده استانها,2,36743,0.01
ایران مریخ,2,36743,0.01
خانه یم,2,36743,0.01
جزیره هرمز جزیره هرمز,2,36743,0.01
زاینده ترک,2,36743,0.01
خوزستان سد گتوند,2,36743,0.01
کرخه خوزستان,2,36743,0.01
قلعه متحرک هاول,2,36743,0.01
نقش جهان,2,36743,0.01
دریاچه ارومیه اذربایجان تهران,2,36743,0.01
کهگیلویه وبویراحمد,2,36743,0.01
رشت زاینده تالاب گاوخونی,2,36743,0.01
زاینده استان اصفهان استان تهران استان خوزستان,2,36743,0.01
سراوان گیلان,2,36743,0.01
چوسان,2,36743,0.01
دریاچه ارومیه هامون,2,36743,0.01
شهر استان خراسان رضوی,2,36743,0.01
رشت استان اصفهان,2,36743,0.01
شهرستان باوی,2,36743,0.01
استان تالاب هشیلان,2,36743,0.01
منطقه قحطی,2,36743,0.01
فارس فارس,2,36743,0.01
دردشت اصفهان,2,36743,0.01
حومه دریاچه ارومیه,2,36743,0.01
غرب کشور تهران تهران,2,36743,0.01
تهران پارک ملی توران,2,36743,0.01
ایذه,2,36743,0.01
خوزستان زاینده اصفهان,2,36743,0.01
پارک ایالتی دره دایناسور تگزاس,2,36743,0.01
مارون ولش کارون ولش,2,36743,0.01
کارا,2,36743,0.01
استانهای جنوب کشور,2,36743,0.01
زمین ایران فرودگاه خط اهن اصفهان,2,36743,0.01
تهران ژنو وین,2,36743,0.01
اصفهان گلستان اصفهان روستای گلستان,2,36743,0.01
زاینده یزد کارون اصفهان,2,36743,0.01
ارومیه نقده دریاچه ارومیه,2,36743,0.01
زاینده پل مارنون,2,36743,0.01
دریاچه نمک دریاچه ارومیه,2,36743,0.01
دشت ازادگان,2,36743,0.01
تالاب شادگان,2,36743,0.01
کرمان یزد فارس,2,36743,0.01
تبریز ارومیه تبریز,2,36743,0.01
قايم شهر,2,36743,0.01
بلخ,2,36743,0.01
کاخ سفید,2,36743,0.01
استانهای جنوبی,2,36743,0.01
دوما,2,36743,0.01
کشور تهران,2,36743,0.01
جاده اهواز خرمشهر جاده شرکتهای نفتی غرب کارون,2,36743,0.01
نوشهر,2,36743,0.01
انکارا,2,36743,0.01
پارک ملی کلاه قاضی اصفهان دردشت مهیار پارک ملی کلاه قاضی جنوب غرب اصفهان جاده اصفهان شیراز,2,36743,0.01
جده,2,36743,0.01
زیرپ,2,36743,0.01
اهن قايم شهر زمین پناهگاه حیات وحش سمسکنده ساری,2,36743,0.01
خواجو زاینده,2,36743,0.01
فریدونکنار,2,36743,0.01
بیرجند,2,36743,0.01
دریاچه ارومیه کویر اذربایجان,2,36743,0.01
شهر اصفهان ایران اصفهان,2,36743,0.01
خانه مامانم,2,36743,0.01
خوزستان اصفهان اصفهان,2,36743,0.01
زاینده شرق اصفهان,2,36743,0.01
کمه,2,36743,0.01
پارک پردیسان,2,36743,0.01
دریاچه ارومیه تبریز دریاچه ارومیه,2,36743,0.01
ایلام ایلام,2,36743,0.01
شهرک نفری اصفهان,2,36743,0.01
اصفهان اصفهان اصفهان ایران,2,36743,0.01
ارومیه تهران,2,36743,0.01
یزد اصفهان اصفهان,2,36743,0.01
میدان شهرداری شهر هشتگرد,2,36743,0.01
سيول کره,2,36743,0.01
جهان ایران جهان جهان,2,36743,0.01
اصفهان اصفهان گاوخونی اصفهان,2,36743,0.01
ایران دریاچه ارومیه ارومیه تبریز,2,36743,0.01
زاینده پخش,2,36743,0.01
شهرستان منطقه سیستان,2,36743,0.01
استان گلستان ایران,2,36743,0.01
تبریز ارومیه ایران,2,36743,0.01
ولز,2,36743,0.01
پارک ملی پناهگاه حیات وحش توران,2,36743,0.01
وحش,2,36743,0.01
تالاب انزلی شمال کشور,2,36743,0.01
سمیرم اصفهان,2,36743,0.01
کجور,2,36743,0.01
تهران رشت,2,36743,0.01
اصفهان زاینده زاینده تهران,2,36743,0.01
باکو,2,36743,0.01
کارون رودخانه کارون رودخانه کارون,2,36743,0.01
اصفهان زاینده سی,2,36743,0.01
تورک,2,36743,0.01
دریاچه ارومیه ایران ایران ایران,2,36743,0.01
استان مرکزی شرق و جنوب خوزستان,2,36743,0.01
شهر اهواز اهواز,2,36743,0.01
تالاب انزلی دریای خزر,2,36743,0.01
غرب و جنوب کشور,2,36743,0.01
دریاچه ارومیه دریاچه فارس ایران,2,36743,0.01
زاینده اب کارون,2,36743,0.01
دریاچه بندر ماهشهر,2,36743,0.01
خوزستان اصفهان اصفهان کارون,2,36743,0.01
کشور اصفهان اصفهان,2,36743,0.01
جاده عباس میامی,2,36743,0.01
منطقه حفاظت توران,2,36743,0.01
شهرستان راور استان کرمان,2,36743,0.01
اهواز خرمشهر,2,36743,0.01
ارک ایالتی دره دایناسور تگزاس,2,36743,0.01
دریاچه ارومیه کارون هورالعظیم,2,36743,0.01
دشت دامغان,2,36743,0.01
کربلا کربلا,2,36743,0.01
کشور ایران جهان اسیا,2,36743,0.01
کارون رودخانه کارون,2,36743,0.01
جهان اسیا,2,36743,0.01
فرودگاه بغداد,2,36743,0.01
اصفهان ساختمان دادگستری کشاورز اصفهان زاینده,2,36743,0.01
زاینده متر,2,36743,0.01
قطب زمین,2,36743,0.01
ایران سرزمین ایران,2,36743,0.01
ایران فلات ایران,2,36743,0.01
خاورمیانه دریاچه ارومیه,2,36743,0.01
دریاچه ارومیه دریاچه خشک,2,36743,0.01
ایران خوزستان ایران,2,36743,0.01
زاینده شهرها,2,36743,0.01
خوزستان ایلام کرمانشاه سنندج غرب کشور خوزستان,2,36743,0.01
منطقه دلیر چالوس,2,36743,0.01
کلانشهر اصفهان,2,36743,0.01
قم ایران,2,36743,0.01
کارون اصفهان خوزستان,2,36743,0.01
اراد کوه,2,36743,0.01
اسیا اقیانوسیه,2,36743,0.01
اصفهان زاینده کشاورز اصفهان,2,36743,0.01
تهران ایران ایران,2,36743,0.01
اصفهان ایران خوزستان,2,36743,0.01
مملکت ایران,2,36743,0.01
جهان زاینده,2,36743,0.01
کارون معدن خوزستان,2,36743,0.01
پناهگاه حیدری نیشابور,2,36743,0.01
نیزار ماهشهر زاینده,2,36743,0.01
تهران استان تهران,2,36743,0.01
اهواز بستان,2,36743,0.01
جهان ایران ایران ایران ایران,2,36743,0.01
سرچشمه,2,36743,0.01
خرمشهر خوزستان,2,36743,0.01
ارومیه دریاچه ارومیه ایران,2,36743,0.01
زاینده چهارمحال وبختیاری,2,36743,0.01
شهر کابل,2,36743,0.01
پلدختر,2,36743,0.01
انی,2,36743,0.01
یزد کوهرنگ,2,36743,0.01
چهارمحال اصفهان,2,36743,0.01
کرمانشاه کرمانشاه,2,36743,0.01
تنگه هرمز,2,36743,0.01
اصفهان ساختمان دادگستری کشاورز اصفهان,2,36743,0.01
تهران ایران تهران,2,36743,0.01
اصفهان یزد کرمان,2,36743,0.01
زاینده اونی,2,36743,0.01
گناوه,2,36743,0.01
شراب,2,36743,0.01
هرمز گل,2,36743,0.01
پل سفید اهواز کارون,2,36743,0.01
شهرستان ایذه,2,36743,0.01
ایران جهان استان کرمان,2,36743,0.01
معدن مس انج,2,36743,0.01
تالاب زریوار,2,36743,0.01
مازندران ایران,2,36743,0.01
تالاب زریوار مریوان,2,36743,0.01
رشت استان چهارمحال و بختیاری,2,36743,0.01
گنبدکاووس,2,36743,0.01
روستای کارتها,2,36743,0.01
ایران شمال ایران,2,36743,0.01
استان فارس زاگرس,2,36743,0.01
اصفهان یزد اصفهان,2,36743,0.01
رودخانه اصفهان,2,36743,0.01
بمبيی,2,36743,0.01
پرند,2,36743,0.01
مسجد گوهرشاد,2,36743,0.01
کارون اهواز سفید,2,36743,0.01
استان نفت,2,36743,0.01
سد زاینده اب,2,36743,0.01
اهواز شیراز,2,36743,0.01
کویر مرکزی ایران,2,36743,0.01
سیستان و بلوچستان دریاچه ارومیه,2,36743,0.01
شمال جنوب کشور,2,36743,0.01
ری,2,36743,0.01
شهرستان کارون کوت عبدالله,2,36743,0.01
تهران سیستان,2,36743,0.01
شط کارون خرمشهر,2,36743,0.01
اصفهان اصفهان اصفهان زاینده گاوخونی اصفهان,2,36743,0.01
رودخانه کارون زاینده کارون,2,36743,0.01
اصفهان چهارمحال و خوزستان,2,36743,0.01
محمره خرمشهر کارون,2,36743,0.01
جنوب دریاچه ارومیه,2,36743,0.01
دریاچه ارومیه ارومیه ایران,2,36743,0.01
اصفهان زاینده شهرکرد,2,36743,0.01
جهان گیلان,2,36743,0.01
دریاچه ارومیه اذربایجان غرب,2,36743,0.01
ایران استان فارس,2,36743,0.01
تبریز اصفهان,2,36743,0.01
فیو استار,2,36743,0.01
شمال زاگرس,2,36743,0.01
دشت مغان,2,36743,0.01
اندیمشک دزفول,2,36743,0.01
زاینده کارون بختگان ارومیه ایران ایران,2,36743,0.01
شبه جزیره,2,36743,0.01
زاینده باران,2,36743,0.01
مونترال,2,36743,0.01
جهان زمین زمین,2,36743,0.01
اروپا ایران اروپا,2,36743,0.01
سد زاینده رودخانه کلانشهر اصفهان شرق دیار,2,36743,0.01
شیراز برم شور,2,36743,0.01
کارون گتوند,2,36743,0.01
دشت لوت دریاچه ارال دریاچه وان,2,36743,0.01
کشور اصفهان,2,36743,0.01
کتابخانه مرکزی کیانپارس شهر اهواز,2,36743,0.01
خوزستان سد مارون خوزستان,2,36743,0.01
رودخانه دهاقان زاینده,2,36743,0.01
اصفهان زاینده اذر اصفهان زاینده اذر,2,36743,0.01
زاینده روده زاینده,2,36743,0.01
بروجن بروجن,2,36743,0.01
یزد یزد اصفهان,2,36743,0.01
استان البرز طالقان,2,36743,0.01
ایران شهرکرد,2,36743,0.01
کاریه,2,36743,0.01
اذربایجان شرق و غرب دریاچه ارومیه,2,36743,0.01
ارومیه تبریز تبریز,2,36743,0.01
اصفهان زاینده خشکه,2,36743,0.01
شوراب دریاچه ارومیه,2,36743,0.01
زمین دنیا,2,36743,0.01
شرق استان,2,36743,0.01
کربلای زاینده,2,36743,0.01
کیانپارس کارون,2,36743,0.01
پارک ملی کرخه,2,36743,0.01
زاینده چهارمحال وبختیاری اصفهان,2,36743,0.01
زمین ایران جهان,2,36743,0.01
ارومیه تالاب انزلی,2,36743,0.01
دی,2,36743,0.01
استان اذربایجان غرب دریاچه ارومیه,2,36743,0.01
ایران دریاچه ارومیه ایران ایران,2,36743,0.01
حوضه کارون بروجن,2,36743,0.01
تالاب ابکنار بندر انزلی,2,36743,0.01
دریاچه شماره دریاچه ارومیه,2,36743,0.01
دشت ایران,2,36743,0.01
رودخانه دینوراب کرمانشاه,2,36743,0.01
تنگه قاسمی سد کارون خوزستان تنگه قاسمی صخره منگشت دریاچه سد کارون خوزستان دریاچه سد,2,36743,0.01
کارون اروندکنار,2,36743,0.01
زاینده کارون گاوخونی,2,36743,0.01
دریاچه ارومیه اذربایجان غرب اذربایجان شرق,2,36743,0.01
چهارمحال وبختیاری اصفهان,2,36743,0.01
شهر استان تهران,2,36743,0.01
استانهای غرب ایران,2,36743,0.01
شهرستانهای دزفول اندیمشک شوش و کرخه,2,36743,0.01
اسمان,2,36743,0.01
شهرستان خوزستان,2,36743,0.01
اصفهان زاینده چهارمحال بختیاری,2,36743,0.01
زاینده تشن,2,36743,0.01
پل خواجو زاینده شنبه,2,36743,0.01
شهرستان گتوند,2,36743,0.01
کارون کرخه دز و مارون,2,36743,0.01
جزیره قشم,2,36743,0.01
ابادان اهواز,2,36743,0.01
سرچشمه کوهرنگ,2,36743,0.01
ارومیه دریاچه تیر ارومیه دریاچه ارومیه,2,36743,0.01
اصفهان زاینده اندیشه,2,36743,0.01
دریاچه ارومیه اذربایجان شرق و غرب,2,36743,0.01
کارون پل سفید,2,36743,0.01
محور هراز,2,36743,0.01
اصفهان زاینده زاینده اصفهان,2,36743,0.01
سردشت اذربایجان غرب,2,36743,0.01
خانه یمان کارون,2,36743,0.01
اوین,2,36743,0.01
اصفهان زاینده چهارمحال,2,36743,0.01
سیبری فریدونکنار سیبری,2,36743,0.01
مازندران گلستان,2,36743,0.01
شهرکرد ایران,2,36743,0.01
whatsapp,2,36743,0.01
باغ وحش ارم,2,36743,0.01
کربلا زاینده,2,36743,0.01
جاده هراز,2,36743,0.01
استان قم,2,36743,0.01
تالاب المللی میانکاله اشوراده,2,36743,0.01
اصفهان یزد اصفهان اصفهان,2,36743,0.01
کاشمر اصفهان جنوب غرب دشت کاشمر,2,36743,0.01
تهران برج میلاد,2,36743,0.01
تبریز تهران,2,36743,0.01
شیراز اصفهان زاینده,2,36743,0.01
اصفهان رودخانه خشک زاینده,2,36743,0.01
حوزه کارون,2,36743,0.01
منطقه گردشگری زراس سد کارون,2,36743,0.01
کوه صف,2,36743,0.01
خوزستان اصفهان هور کارون کرخه زاینده ایران,2,36743,0.01
کارون فلات مرکزی اصفهان,2,36743,0.01
اب کارون,2,36743,0.01
ولسوالی کیتی ی کیس,2,36743,0.01
اصفهان کارون کارون,2,36743,0.01
مسجد تاریخی حکیم اصفهان,2,36743,0.01
ساحل هرمز,2,36743,0.01
بیله سوار,2,36743,0.01
زاینده کارون یزد,2,36743,0.01
دنیا دریاچه ارومیه,2,36743,0.01
شهرک صنعت اصفهان اصفهان,2,36743,0.01
دریاچه ارومیه منطقه اذربایجان,2,36743,0.01
شهرکرد شهرکرد,2,36743,0.01
دریاچه جان ارومیه,2,36743,0.01
زاگرس زاگرس زاگرس,2,36743,0.01
اب شادگان کارون,2,36743,0.01
تهران اصفهان تبریز مشهد شیراز,2,36743,0.01
زاینده اصفهان اصفهان اصفهان,2,36743,0.01
شهر ارومیه,2,36743,0.01
شهرم وزه اصفهان,2,36743,0.01
تهران شهرستان استان,2,36743,0.01
دردشت سلماس شمال استان اذربایجان غرب دشتهای خوی نقده و میاندواب و کهریز ارومیه,2,36743,0.01
زاینده چهارمحال بختیاری,2,36743,0.01
ساحل زاینده,2,36743,0.01
خیابان اپادانا,2,36743,0.01
دریاچه ارومیه تهران ایران,2,36743,0.01
ایران دریاچه ارومیه بختگان,2,36743,0.01
ایران یزد,2,36743,0.01
جاده قايمشهر ساری درخت ریل,1,36743,0
بروجرد ستان لرستان,1,36743,0
اروپا قاره اسیا,1,36743,0
باغ وحش تگزاس,1,36743,0
کویر پنجشیر دوشنبه,1,36743,0
کره زمین جهان,1,36743,0
شهرستانهای اشتهارد و شهرری روستای خرم اشتهارد و قنبر اباد استان تهران,1,36743,0
استان استان البرز,1,36743,0
منطقه اوکی,1,36743,0
خراسان بیرجند خانه تفت,1,36743,0
دنیا ایران دنیا,1,36743,0
جنوبی مرکزی غرب شرق سواحل جنوب,1,36743,0
شهر پردیس,1,36743,0
گیلان رشت,1,36743,0
میدان گازی الدره خلیج فارس,1,36743,0
منطقه قلعه و شاق کرکس,1,36743,0
مجتمع هشت بهشت متل داینای,1,36743,0
عربستان جهان عربستان جهان,1,36743,0
سد منجیل,1,36743,0
کورد ستان بلوچستان گیلان مازندران ایران,1,36743,0
باغ مجموعه نیاوران باغ تاریخی نیاوران,1,36743,0
ایران شهر بازستان,1,36743,0
مشهد فرقه استانه,1,36743,0
زاهدان نمازخانه نبی رحمت خیابان دانش شهرستان زاهدان,1,36743,0
خرمشهر منطقه ریشگیر,1,36743,0
شهرستان الیگودرز لرستان,1,36743,0
قوم فارس فارس,1,36743,0
سواحل ابوظبی,1,36743,0
پیست اسکی ابعلی,1,36743,0
خاورمیانه قاره اسیا خاورمیانه اروپا,1,36743,0
خانقاه اخوت کرمانشاه,1,36743,0
کره کره کره,1,36743,0
چشمه زیارت زاهدان,1,36743,0
زاهدان زاهدان,1,36743,0
سد لتیان رودخانه جاجرود تهران,1,36743,0
ساوه زرندیه,1,36743,0
پارک ملی طبیعی ملی پناهگاه حیات وحش,1,36743,0
شهرک صنعت,1,36743,0
مجتمع هشت بهشت,1,36743,0
اصفهان موزه منابع طبیعی اصفهان ارگ بم تخت جمشید,1,36743,0
عباس مازندران,1,36743,0
شهر شیراز,1,36743,0
خوزستان ایران اروپا,1,36743,0
شمال چالوس چالوس,1,36743,0
ایران جهان تهران,1,36743,0
منطقه ییلاقی زیارت,1,36743,0
اقلیم کوردستان,1,36743,0
ایران ایران اذربایجان ایران کردستان,1,36743,0
خلیج عربی,1,36743,0
المان ایران المان,1,36743,0
روستای زیارت,1,36743,0
خوزستان روستا اسم منصوری شادگان ایران شادگان,1,36743,0
زاگرس کاخ,1,36743,0
سرزمین ایرانه,1,36743,0
ایران گردنه حیران چابهار,1,36743,0
ایران دنیا دنیا,1,36743,0
شهرستان فنوج سیستان و بلوچستان مهراباد فنوج,1,36743,0
هکتار کوهه,1,36743,0
مهراباد فنوج منطقه مهراباد شهرستان فنوج استان سیستان و بلوچستان,1,36743,0
خوزستان کرج,1,36743,0
خوزستان بلوچستان,1,36743,0
ناری,1,36743,0
خوزستان سرخس هرات,1,36743,0
منابع طبیعی,1,36743,0
ریکا برج رسکت,1,36743,0
روستاهای محمداباد و رز شهرستان,1,36743,0
غرب کشور لرستان,1,36743,0
ایران ایران دوبی,1,36743,0
مس سونگون ورزقان مس سونگون سونگون ورزقان اذربایجان ورزقان ورزقان,1,36743,0
ایران ایران مس سونگون اذربایجان اذربایجان,1,36743,0
حیاط خوابگاه پردیس منابع طبیعی دانشگاه تهران,1,36743,0
شهرستان مراغه شهرستان مراغه,1,36743,0
باغ دکتر جلیلی,1,36743,0
استان منابع طبیعی خوزستان اصفهان,1,36743,0
روستای قلعه,1,36743,0
رشت استان یزد زاینده استان اصفهان استان کرمان ونک و خرسان استان کشور استان اصفهان,1,36743,0
سمنان گیلان,1,36743,0
دریای سال تورک اروپا,1,36743,0
روستای مسن جزیره قشم,1,36743,0
شهرستان مهاباد,1,36743,0
خانه هول هولکی,1,36743,0
شهرستان ساری و بهشهر,1,36743,0
کوههای اورال,1,36743,0
روستای کوچنان الموت,1,36743,0
تاش ابزار,1,36743,0
پیشینیانش,1,36743,0
عربستان عربستان ایران,1,36743,0
جاده روستا میانه جاده هراز,1,36743,0
ابادان خوزستان ایران,1,36743,0
شهرستانهای شمیرانات شهریار دماوند فیروزکوه و پردیس شهر ری,1,36743,0
ایلام کرکوک حسکه عفرین اناتولی خاکش,1,36743,0
شمال تهران شرق تهران شمال شهرکهای نفت و صدف شمیرانات,1,36743,0
کشور ایرانه,1,36743,0
کردستان لرستانی استانهای لرستان,1,36743,0
روستای شاداباد مشایخ توابع تبریز,1,36743,0
نورستان جهان,1,36743,0
کشور عربستان ایران عربستان,1,36743,0
جاده سد نیروگاه پتروشیمی ایران,1,36743,0
سد کرج کرج,1,36743,0
عربستان ایران عربستان,1,36743,0
دریای مازندران کشور کوههای البرز,1,36743,0
اذربایجان خوزستان بوشهر,1,36743,0
منابع طبیعی کردستان,1,36743,0
زاگرس کورد ستان خلیج هرمز دریای مدیترانه,1,36743,0
جزیره ی,1,36743,0
جزیره هرمز امارات,1,36743,0
تپه یغما هرمز,1,36743,0
هرمز زنجان بستک,1,36743,0
هرمز جزیره خلیج فارس جزیره هرمز,1,36743,0
خلیج فارس جزیره رنگارنگ هرمز,1,36743,0
هرمز جزیره خلیج فارس هرمز,1,36743,0
جزیره رنگارنگ هرمز هرمز,1,36743,0
هرمز جزیره خلیج فارس,1,36743,0
دره بید شهرستان سروستان,1,36743,0
هرمز جهان,1,36743,0
جزیره هرمز ایران,1,36743,0
منطقه جنگلی مالاک,1,36743,0
دریای جنوب هرمز,1,36743,0
هرمزگان هرمزگان خلیج فارس تنگه هرمز,1,36743,0
کشور امارات کشور امارات اروپا,1,36743,0
ایران جزیره هرمز کره زمین ایران,1,36743,0
تنگه هرمز ن تل اویو حیفا اذربایجان,1,36743,0
قشم تنگه چاهک دره ستارهها جزیره لارک بکره جزیره هرمز,1,36743,0
هرمز فال,1,36743,0
معدن کاوی,1,36743,0
خوزستان اصفهان خوزستان استان کویری اصفهان صفهان,1,36743,0
خلیج فارس جزیره هرمز,1,36743,0
ایران سد پسماند تخمیه,1,36743,0
هکتار قیدار زنجان,1,36743,0
اذربایجان ارسباران خداافرین گذر و جنگلی ارسباران,1,36743,0
چشمه کوهرنگ زردکوه,1,36743,0
تالاب الاگل الما گل,1,36743,0
تالاب زیبای خزر فرح ساری ازمیر,1,36743,0
خاور میانه ایرانه عسلویه,1,36743,0
مرکز چهارمحال وبختیاری ایران مرکز استان شهرکرد چهارمحال خوزستان و کرمان یزد,1,36743,0
شهرکرد چشمه کوهرنگ,1,36743,0
خلیج عربی خلیج فارس خلیج عرب ایران ایرانی,1,36743,0
اونجاست تهران,1,36743,0
هنگ مرزی شهرستان بانه هنگ ژال سوره,1,36743,0
منطقه سفید روستای روشنک,1,36743,0
هرمز هرمز جزیره خاک سرخ هرمز,1,36743,0
کشور زاپ,1,36743,0
کیاسر,1,36743,0
خسرواباد جاجرود شهر خسرواباد جاجرود,1,36743,0
ایران المان ایران المان جهان,1,36743,0
روستای مردیان ولسوالی فیض,1,36743,0
سیس تبریز,1,36743,0
ایران شاخاب پارس ایران,1,36743,0
منا شمال کشورم,1,36743,0
کرج تبریز اصفهان,1,36743,0
کشورم,1,36743,0
قله کوه شهر مریوان,1,36743,0
غرب وحشی,1,36743,0
جهان المان ایران,1,36743,0
کشور ایران شمال و جنوب و غرب شرق کشور کشور ایران,1,36743,0
چن اچیلیب لا ایل چار اویماق سرسکندی تالار منابع طبیعی بیزده قو,1,36743,0
تبت,1,36743,0
شهر جولان جاک شا,1,36743,0
اقلیم کردستان اروپا,1,36743,0
سکو,1,36743,0
ایران ایران دنیا رشت,1,36743,0
پردیس کشاورزی و منابع طبیعی دانشگاه تهرانه دانشکده کرج,1,36743,0
دریای شمال,1,36743,0
تنگه بوچی,1,36743,0
چال دره,1,36743,0
اقلیم,1,36743,0
منطقه ایرانه,1,36743,0
کوه جنگلی نیل,1,36743,0
شرق جهان سرزمین شوروی المان شرق,1,36743,0
اذربایجان کردستان,1,36743,0
روستا قرق,1,36743,0
دانشکده سرو صنوبر,1,36743,0
مرتع حسین,1,36743,0
زاک,1,36743,0
شهرهای ایلام,1,36743,0
مازندران مازندران مازندران,1,36743,0
گیلان مازندران مازندران,1,36743,0
سرخس,1,36743,0
کشور دبی جهان ایران دبی,1,36743,0
جهان جهان جهان تنگه هرمز جهان دریای خزر خلیج فارس جهان جهان,1,36743,0
کجور نوشهر,1,36743,0
ایران خلیج فارس هرمز سلسله کوه البرز ایران ایران ایران,1,36743,0
زرند,1,36743,0
شمال زرند,1,36743,0
تهران سمنان یزد اصفهان کرمان,1,36743,0
پردیش,1,36743,0
غار دانیال البرز,1,36743,0
سنخ,1,36743,0
شهرستان لردگان,1,36743,0
کهگیلویه وبویراحمد جهان,1,36743,0
مدینه ایران ایران,1,36743,0
بیله منطقه کوه منقرض,1,36743,0
تالاب مجمل منابع,1,36743,0
رشت ابادان اهواز رشت,1,36743,0
ایران ایران جهان ایران جهان,1,36743,0
پارک جنگلی مازندران فروردین,1,36743,0
پارک جنگلی استان فروردین,1,36743,0
گرمسار مشهد,1,36743,0
اصفهان گیلان زابل تبریز ساری اسفراین دامغان بیرجند بجنورد خرمشهر رازی کرمانشاه کاشمر بزگ,1,36743,0
قاينات اراک گناباد گلستان مازندران,1,36743,0
منطقه دشت ارژن شیراز,1,36743,0
رامسر استارا رشت ایران اذربایجان ایران شمال کشور,1,36743,0
شیرمم کوشکوک کوچه سکینه کوچه مدینه بیتک امین منابع طبیعی ابروک فلکه شیطان,1,36743,0
منطقه نوشهر,1,36743,0
دهلی نو دهلی نو جهان,1,36743,0
شهر تهران استان تهران فیروزکوه دماوند رودهن پردیس,1,36743,0
تهران اصفهان مشهد,1,36743,0
شهر تهران اصفهان مشهد اراک کرج اراک اصفهان تهران و کرج دوشنبه اراک تهران کرج اصفهان و مشهد,1,36743,0
اراک اصفهان تهران و کرج دوشنبه,1,36743,0
اراک تهران کرج اصفهان و مشهد,1,36743,0
منطقه جنگلی انجیل سی بابل مازندران,1,36743,0
محور سقز دیواندره,1,36743,0
ایران روستای تکانه خرم,1,36743,0
ایران تهران ژنو وین,1,36743,0
استان خوزستان خوزستان,1,36743,0
تهران صالح قیطریه,1,36743,0
تهران اصفهان کرج مشهد اراک اهواز تبریز,1,36743,0
مرکز,1,36743,0
اب نیل اصفهان,1,36743,0
شهرستانهای تهران استثنای فیروزکوه دماوند رودهن و پردیس,1,36743,0
شهرک ابل شهر کابل,1,36743,0
ناحیه هفتم شهر کابل,1,36743,0
شهرک ابل,1,36743,0
ششم,1,36743,0
شهرهای تهران و کرج,1,36743,0
استان دی ماه,1,36743,0
استانهای اصفهان و اذربایجان شرق شهر استان اصفهان و تبریز,1,36743,0
اصفهان شهرستان استان اصفهان,1,36743,0
دریای خزر بندر انزلی دریای خزر بندر انزلی,1,36743,0
تهران غرب ایران,1,36743,0
شوشتر ابادان,1,36743,0
نیمه غرب ایران,1,36743,0
شهرستان استان شهرهای ابادان و خرمشهر,1,36743,0
جزایر گالاپاگوس گالاپاگوس,1,36743,0
جنگلهای سراوان,1,36743,0
کنگاور شهرستان استان خوزستان,1,36743,0
تهران جهان تهران تهران جهان ایران جهان,1,36743,0
تهران شهر تهران جهان,1,36743,0
استان استان ایران,1,36743,0
استان البرز استان البرز,1,36743,0
ازادی,1,36743,0
دهلی مکاتب,1,36743,0
شهر تهران جهان,1,36743,0
شهر ابادان سوسنگرد شادگان شوش امیدیه اندیمشک اهواز ایذه بندر بهبهان حمیدیه دزفول مشیر,1,36743,0
جنوب کشور اذرماه,1,36743,0
استان تهران شهرستان تهران,1,36743,0
مرکزی تهران شهر تهران,1,36743,0
تهران کرج اراک اصفهان ارومیه تبریز مشهد,1,36743,0
اذربایجان شرق نیروگاه تبریز,1,36743,0
اذربایجان شرق تبریز نیروگاه تبریز,1,36743,0
ایران تهران کرج زنجان اصفهان ایران,1,36743,0
تهران برج باغ خانه باغ,1,36743,0
تهران مشهد تبریز ارومیه اراک زنجان اهواز کرج زنجان اصفهان,1,36743,0
استان ابان ماه,1,36743,0
ورزشگاه ازادی تهران,1,36743,0
روستای خاش,1,36743,0
کرج حومه تهران مهرشهر ویلا کرج تهران,1,36743,0
تهران شهر کیری کیری,1,36743,0
استان ایران استانهای تهران البرز قم قزوین مرکزی کردستان زنجان اذربایجان غرب ایلام کرمانشاه لرستان خوزستان و بوشهر,1,36743,0
سد چم اسمان زهاب,1,36743,0
نطنز اراک نیروگاه بوشهر,1,36743,0
شهرک صنعت عباس ایران,1,36743,0
سیاره زهره,1,36743,0
شمال استان اردبیل رودخانه اراز,1,36743,0
اب کشاورزی اردبیل دشت اردبیل,1,36743,0
رشت تهران,1,36743,0
تهران کرج مشهد ایران,1,36743,0
زمین سیاره زمین,1,36743,0
اصفهان فولادشهر,1,36743,0
دریاچه ارومیه سونگون اهن میانه اردبیل تکاب استارا بای مغان ساول ان,1,36743,0
واز اهواز اهواز,1,36743,0
چم اسمان,1,36743,0
عسلویه عسلویه خلیج فارس جهان,1,36743,0
تهران برج ازادی برج ازادی,1,36743,0
استانهای کرمانشاه و کردستان,1,36743,0
ابخوان جنیان قروه ابخوان جنیان قروه,1,36743,0
خلیج فارس جهان جهان ایران,1,36743,0
ایران بیجار,1,36743,0
رودخانه ی یامونا دهلی نو,1,36743,0
اصفهان نیروگاه برق شاهینشهر اصفهان,1,36743,0
اهواز شهر بهبهان جیه سوسنگرد معشو ر ماهشهر شهر اهواز,1,36743,0
شهرستان مهران ایلام سرابله و ایلام,1,36743,0
ایران منطقه درکه تهران,1,36743,0
استان البرز شهرهای تبریز اراک و اصفهان,1,36743,0
اصفهان کلانشهر اصفهان,1,36743,0
پایتخت تهران,1,36743,0
شهرستانهای پاکدشت پیشوا ورامین و اسلامشهر,1,36743,0
تهران تهران توچال فارس,1,36743,0
شاهین شهر اصفهان پالایشگاه اصفهان,1,36743,0
شمال غرب,1,36743,0
بلگراد,1,36743,0
ازادراه قم کاشان ازادراه قم کاشان,1,36743,0
برج ازادی برج ازادی,1,36743,0
استان غرب کشور,1,36743,0
استان اذرماه,1,36743,0
تهران تهران جهان تهران,1,36743,0
اصفهان اذر شهر استان اصفهان,1,36743,0
معدن باکسی,1,36743,0
استان خوزستان بلوار ساحلی شهر اهواز,1,36743,0
المان دروازه براندنبورگ جهان,1,36743,0
پنسیلوانیا خلیج چس,1,36743,0
تهران ایران شهر سامان,1,36743,0
شهر چی,1,36743,0
تونل بن بروجن تونل کوهرنگ اصفهان,1,36743,0
ایران تهران ایران تهران,1,36743,0
کلان شهر,1,36743,0
دره میدانم,1,36743,0
ایران ایران مرکزی ایران مرکزی,1,36743,0
جهان شمال و جنوب کشور,1,36743,0
بلوچستان زمین,1,36743,0
محور دلفارد,1,36743,0
محور دلفارد کرمان,1,36743,0
داداش می,1,36743,0
روستای سجادیه گیاهزار ارژن شیراز استان شیراز,1,36743,0
قره داغ اذربایجان,1,36743,0
شهر اسارا,1,36743,0
ایران جهان ایران دنیا ایران ایران,1,36743,0
اهواز اراک تهران اصفهان کرج مشهد,1,36743,0
اقلیم کردستان,1,36743,0
خرمشهر ه اهواز ابادان ایران,1,36743,0
استانهای مرکزی ورزقان اذربایجان ه,1,36743,0
هیکل خوانسار,1,36743,0
جهان جهان جهان جهان جهان جهان,1,36743,0
غار علیصدر ایران شمال تهران,1,36743,0
حوضه دجله و فرات,1,36743,0
ایران شرق استانهای خراسان و کرمان و اصفهان و یزد,1,36743,0
گاییده,1,36743,0
اندیکا,1,36743,0
لواسان میگون میگون,1,36743,0
جهان المان ایران ماسال,1,36743,0
زاگرس الخصوص محدوده قلاجه اسمان,1,36743,0
سونگون اذربایجان,1,36743,0
منطقه قره داغ بهشت ایران,1,36743,0
ایران ایران ایران ایران دنیا ایران دنیا ایران,1,36743,0
بلوط بنگ ان کهگیلویه,1,36743,0
بلوار کشاورز خیابان وصال شیرازی,1,36743,0
اداره منابع طبیعی خانه سالمندان,1,36743,0
اسپی و کاور د سمنان,1,36743,0
شاهی قايمشهر شاهی,1,36743,0
جهان جهان جهان جهان جهان جهان زمین,1,36743,0
سیستان خوزستان سمنان,1,36743,0
شوروی شوروی شوروی,1,36743,0
امارات عربستان سیستان,1,36743,0
شهرستان مرودشت,1,36743,0
محموداباد یاسوج,1,36743,0
الجزیره,1,36743,0
روستای سرپیتک بولی ایلام,1,36743,0
اینس دوغ ال قاین اق ایست,1,36743,0
اوچون گوج,1,36743,0
ایران ستون,1,36743,0
سرزمین استان کرمان ایران اصفهان ایران,1,36743,0
ایران اصفهان قم یزد تهران فارس خرم شهرکرد ایذه ایلام سنندج ایران فارس,1,36743,0
ایران غرب خاورمیانه,1,36743,0
ایران دنیا اروپا عربستان ایران,1,36743,0
شهرستان فنوج استان سیستان و بلوچستان,1,36743,0
دنیا دنیا جهان,1,36743,0
خیابان فلسطین,1,36743,0
جاده ادم,1,36743,0
کوه زباله سروان سراوان گیلان,1,36743,0
کلانشهر بهمن ماه نوار غرب کشور و دامنه جنوبی البرز بهمن ماه,1,36743,0
قطب شمال و جنوب براب,1,36743,0
شمال جزیره قشم,1,36743,0
غرب اسیا ایران دنیا تهران,1,36743,0
ایران غرب اسیا,1,36743,0
غرب اسیا ایران دنیا,1,36743,0
ایران باکو,1,36743,0
کرج اهواز اصفهان اراک,1,36743,0
استان ایران شمال تهران,1,36743,0
بهبهان رامهرمز محور بهبهان رامهرمز,1,36743,0
استان فارس کهگیلویه نوراباد کوه چنار,1,36743,0
منطقه نیاوران منطقه نیاوران منطقه تهران,1,36743,0
تهران استان البرز استانهای خوزستان کرمانشاه کردستان و ایلام,1,36743,0
رودخانه اسلواکی,1,36743,0
شهرستانهای قصرشیرین سرپل ذهاب گیلانغرب دالاهو ثلاث پدرجانی استان کرمانشاه,1,36743,0
ایران ایران اصفهان تهران قم فلاورجان,1,36743,0
تهران استان ایران,1,36743,0
استان کرمانشاه خوزستان ایلام لرستان همدان کردستان,1,36743,0
استان طالقان,1,36743,0
شهرستان استان کردستان,1,36743,0
شهر ایران جهان,1,36743,0
تهران اهواز مشهد تبریز شیراز اصفهان ایلام سنندج یاسوج همدان خرم اراک کرج کرمانشاه,1,36743,0
ایران ریزگرد سیستان و بلوچستان تهران,1,36743,0
کرج شهر اصفهان استان,1,36743,0
خوزستان خوزستان استانهای خوزستان و مشهد و کرمان,1,36743,0
دریاچه زریوار مریوان,1,36743,0
کشور استان کردستان,1,36743,0
ایران ایران سرزمین ایران,1,36743,0
دنیا المان,1,36743,0
دنیا جهان جهان,1,36743,0
سربن,1,36743,0
ایران خاورمیانه خاورمیانه,1,36743,0
جدواباد ته خارمادر خیابان دزد منابع,1,36743,0
ایران جهان جهان دنیا,1,36743,0
ایران جهان جهان امارات,1,36743,0
هیرکانی روستای زیارت گر,1,36743,0
شهرهای صنعت و و بهمن ماه,1,36743,0
منطقه خومی گچساران پایش,1,36743,0
قطب شمال جهان قطب شمال,1,36743,0
روستای برز معدن برز مرکزی شهرستان نطنز اصفهان نطنز,1,36743,0
دریا منطقه کاسپین شهر انزلی دریای کاسپین,1,36743,0
صدر تهران,1,36743,0
محیط زیست خوزستان,1,36743,0
ایران دوبی خاورمیانه,1,36743,0
سواحل بوشهر,1,36743,0
شهر پاریس اروپا,1,36743,0
اصفهان شهر تهران تهران اصفهان فارس,1,36743,0
شهر تهران کرج مشهد,1,36743,0
شرق امارات خلیج فارس,1,36743,0
پریک دون بویراحمد کاکا کباب,1,36743,0
خوزستان اصفهان لرستان,1,36743,0
شهر درود,1,36743,0
اصفهان بهشت اباد,1,36743,0
روستای شهپیر,1,36743,0
بروجن کوهرنگ بهشت ونک خرسان قم چشمه لنگان,1,36743,0
اصفهان پل خواجه,1,36743,0
پیرانشهر سنندج,1,36743,0
پیرانشهر,1,36743,0
شهرستان پیرانشهر,1,36743,0
خاورمیانه استان خوزستان اصفهان,1,36743,0
روستای سلمان قلمرو شهرستان عنبراباد استان کرمان,1,36743,0
جاجرود,1,36743,0
زیست لرستان,1,36743,0
محله کوچ,1,36743,0
شهر گلاسکو گلاسکو,1,36743,0
دردشت ابهر,1,36743,0
منطقه پیرکوه جاده سیاهکل دیلمان,1,36743,0
سد مارون بهبهان سد مارون سد مارون مارون,1,36743,0
سرگروه بان کوهرنگ استان لرستان خوزستان چهارمحال بختیاری ایران,1,36743,0
بلخ هامون,1,36743,0
ایران ایران رودخانه دز,1,36743,0
مازندران گیلان لرستان اردبیل,1,36743,0
پل اتوبان صدر تونل توحید,1,36743,0
لنجان جهان اصفهان اصفهان کویر اصفهان,1,36743,0
شهر بهشهر لرستان لرستان,1,36743,0
فلات مرکزی ایران قریه سفلی شیراز,1,36743,0
مازندران گیلان مازندران,1,36743,0
مریوان تهران,1,36743,0
پارک قشم,1,36743,0
منطقه ممنوع کوه سفید دماوند,1,36743,0
باغ وحش اراک,1,36743,0
سرپل ذهاب,1,36743,0
اسی,1,36743,0
دره شمخال درگز,1,36743,0
جاده اذربایجان,1,36743,0
جهان ایران ایران جهان,1,36743,0
بیابان سند,1,36743,0
سیستان و بلوچستان خوزستان,1,36743,0
زمین خوار کوه خوار,1,36743,0
ایران ایران زمین زمین,1,36743,0
ایالت نیویورک,1,36743,0
کردستان مهاباد استان اذربایجان غرب کردستان مهاباد منطقه کردستان,1,36743,0
شهرستان کامیاران,1,36743,0
ژین روژ نامهنوو لکی کامیاران,1,36743,0
کامیاران,1,36743,0
سنندج سنندج,1,36743,0
روستای تنگیسر شهرستان سنندج,1,36743,0
پارک جنگلی النگدره,1,36743,0
دره,1,36743,0
منطقه حفاظت جنگل النگ دره گر,1,36743,0
منطقه حفاظت ماه,1,36743,0
سرکردگی خاورمیانه,1,36743,0
روستای قولقوله شهرستان مریوان,1,36743,0
المان غرب,1,36743,0
دانشگاه قم,1,36743,0
استان قالب,1,36743,0
ایران جنوب غرب اسیا,1,36743,0
همدان ارومیه,1,36743,0
استان قربانی چهارمحال,1,36743,0
فلات خایه مالانی سعید,1,36743,0
کهکشان اندرومدیا,1,36743,0
ماهشهر خلیج فارس,1,36743,0
خرم اشترانکوه لورستان,1,36743,0
بوم ایران,1,36743,0
جاده فشم جاده چالوس,1,36743,0
دریاچه اومیه جهان دریاچه ارومیه,1,36743,0
اذربایجان مرکز شمال شمال شرق کشور اذربایجان,1,36743,0
قم حرم مطهر حضرت معصومه سلام,1,36743,0
سرزمین ایران ایران,1,36743,0
سرزمین سوخته,1,36743,0
گیلان مازندران کشور ایران,1,36743,0
روستای دمسیاه,1,36743,0
کردستان منطقه kur,1,36743,0
دشت اب قزوین مینو بهشت شهر قزوین,1,36743,0
کوه نمک گتوند,1,36743,0
دریاچه نمک تالاب گاوخونی,1,36743,0
تالاب شادگان شادگان,1,36743,0
نوادا اریزونا,1,36743,0
ایران سرزمین بلد,1,36743,0
معبد فرشته موکل جزیره خارک,1,36743,0
باغستان قزوین شهر قزوین باغستان قزوین,1,36743,0
کوه البرز شرق کشور,1,36743,0
کویر لوت جهان,1,36743,0
خزر خلیج فارس,1,36743,0
رشت خوزستان,1,36743,0
حیاط هایدا,1,36743,0
بهشهر ایران,1,36743,0
دشت هویج دشت هویج گرچال زمین,1,36743,0
تهران دریای خزر شهر چالوس,1,36743,0
تالش گیلک تبری,1,36743,0
استان مازندران سمنان,1,36743,0
تالش گیلان,1,36743,0
زمین ایران فلات ایران,1,36743,0
جهان نما,1,36743,0
منطقه حفاظت جهان نما,1,36743,0
نما,1,36743,0
دره مغزی حفاظت جهان کردکوی,1,36743,0
کوه البرز کوه زاگرس ایران کویر لوت,1,36743,0
هیرکانی غرب کشور,1,36743,0
سد سفیدرود منطقه طارم,1,36743,0
ا توربن,1,36743,0
ایران سیستان و بلوچستان ایران,1,36743,0
یروز کوه,1,36743,0
منطقه زایگان رودبار قصران,1,36743,0
جهان خاورمیانه دنیا,1,36743,0
استان رخ شهرستان شفت و رودبار,1,36743,0
هیرکانی گلستان,1,36743,0
گلستان روستای برفتان ابادکتول منطقه مینودشت منطقه گالیکش,1,36743,0
کاسپین جنوب ایران ایران,1,36743,0
هار,1,36743,0
ایران ایران خانه هامون اروپا,1,36743,0
اصفهان خوزستان سیستان,1,36743,0
ناحیه غرب,1,36743,0
سنندج و بانه,1,36743,0
جاده چالوس تهران جاده چالوس شمال تهران,1,36743,0
مشهد یزد,1,36743,0
شهرک صنعت سلفچگان,1,36743,0
موزه لوور,1,36743,0
شهرستان سرواباد مریوان,1,36743,0
شهر صاحاب,1,36743,0
گیلان فومن رشت انزلی کوچصفهان لاهیجان لنگرود رودسر,1,36743,0
منطقه گیلان,1,36743,0
شهر کوچصفهان,1,36743,0
شهر باینگان پاوه,1,36743,0
منطقه صعب العبور رودخانه ی اهار,1,36743,0
اورست,1,36743,0
قلعه گل خرم هکتار,1,36743,0
یزد زاگرس,1,36743,0
قنات شاهیک قنات سال شاهیک,1,36743,0
ایران شهد,1,36743,0
غون ن کرج بلوار شهرداری صحبت,1,36743,0
استان گل هامون,1,36743,0
خرمشهر ایران,1,36743,0
ایران کرمانشاه ایران,1,36743,0
استانهای غرب و جنوب غرب کشور رودخانه سیمره,1,36743,0
منطقه کفت گله بوتا سوسن فرمانداری,1,36743,0
جنوب سیل,1,36743,0
شهرستان خاش,1,36743,0
ایران خانه عالم,1,36743,0
قلعه مارکو شهرستان رامسر,1,36743,0
روستای ارژن روستای ارژن شهرستان شیراز,1,36743,0
سمنان یزد اصفهان,1,36743,0
روستای اشیر منطقه مرزن,1,36743,0
چالوس مرزن و تنکابن مناطق طبیعی چالوس,1,36743,0
ایران دنیا ایران جهان جهان,1,36743,0
زاهدان اذر,1,36743,0
مازندران مرزن,1,36743,0
مرزن,1,36743,0
چور س چشمه ایشیق بولاقی,1,36743,0
منطقه کسما گیلان,1,36743,0
استان قم استان قم,1,36743,0
قلعه گل خرم هکتار خرم,1,36743,0
تبریز تالان,1,36743,0
عمارت تاریخی خانه فرهنگ گیلان,1,36743,0
اصفهان باغ شهر,1,36743,0
اورامانات,1,36743,0
روستای کوهنه لی,1,36743,0
کوچه اختر,1,36743,0
هورالعظیم اهواز شهر خوزستان,1,36743,0
دریاچه ارومیه حوض سلطان تهران,1,36743,0
حمیدیه خوزستان,1,36743,0
شمال غرب اهواز گازوییل,1,36743,0
منطقه قره داغ پارک وحش عینالی,1,36743,0
سد مارون شرق خوزستان تالاب شادگان,1,36743,0
خوزستان شادگان,1,36743,0
مغزی جهان نما,1,36743,0
خانه روستای کوهنه لی شهرستان ورزقان,1,36743,0
زمین شهر گلاسکو,1,36743,0
پاسارگاد مقبره کوروش ارامگاه کوروش,1,36743,0
رودخانه کلیبر,1,36743,0
شهرستان کلیبر رودخانه کلیبر,1,36743,0
تالاب بندرانزلی شهرستان بندرانزلی پل قاضیان,1,36743,0
فرودگاه اصفهان پل خواجو میدان نقش جهان اصفهان,1,36743,0
پل خواجو میدان نقش جهان اصفهان اصفهان,1,36743,0
کرکس,1,36743,0
دشت طاهراباد کاشان,1,36743,0
شهر سنندج اداره,1,36743,0
ایران استان کردستان,1,36743,0
سرخ,1,36743,0
حسینیه کاخ سفید حاج یوسف,1,36743,0
امل منطقه فیلبند استان مازندران,1,36743,0
پارک افسریه,1,36743,0
پتروشیمی شمال مشنگ,1,36743,0
شرق اصفهان تالاب المللی گاوخونی,1,36743,0
زاگرس دریاچه زریوار سنندج مریوان,1,36743,0
دنیا گلستان,1,36743,0
باغ ملی گیاه باغ باغ ملی گیاه,1,36743,0
نلین,1,36743,0
دشتیاری,1,36743,0
شهرستان دشتیاری سیستان و بلوچستان چابهار,1,36743,0
کوهستان جنوب غرب مشهد,1,36743,0
مارون,1,36743,0
معبد خارک,1,36743,0
هامون هامون,1,36743,0
راسک,1,36743,0
منطقه خبرن,1,36743,0
شهرستان ورزقان,1,36743,0
ولایتهای هرات قندهرا بلخ ننگرهار,1,36743,0
رودخانه سوادکوه,1,36743,0
تهران یاسوج,1,36743,0
روستای دانیکش سنندج شهر شیراز سنندج مرکز تعویض پلاک شهر,1,36743,0
کشور زاده,1,36743,0
مریوان استان کردستان,1,36743,0
خیابان ولیعصر خیابان ولیعصر,1,36743,0
ماله زمین,1,36743,0
ایران قم اصفهان یزد تهران سمنان جهان,1,36743,0
منطقه ی اواجیق منطقه ی پزیک پلدشت,1,36743,0
کوه دایی,1,36743,0
سد همدان سد جنوغرب کشور ایران,1,36743,0
کوه زاگرس,1,36743,0
دنیا ایران استان مال استانه,1,36743,0
تویی اباد ت عر,1,36743,0
استان مون,1,36743,0
شهرستان دهگلان,1,36743,0
دشتی ایران,1,36743,0
جان خشک دریاچه ارومیه شمال غرب,1,36743,0
کویر خوزستان,1,36743,0
منطقه کرج منطقه تهران دشت کرج سرخاب سعیداباد منطقه هشتگرد تهران دشت,1,36743,0
دریاچه اورمو اتنی,1,36743,0
کردا باد,1,36743,0
شهرستان شمال استان,1,36743,0
تند کوهستان,1,36743,0
دنیا دنیا ایران جهان,1,36743,0
جهان پاریس ایران,1,36743,0
خانه منابع طبیعی,1,36743,0
گیلان خوزستان خوزستان خوزستان,1,36743,0
کهگیلویه وبویراحمد استان کهگیلویه وبویراحمد,1,36743,0
استان کهگیلویه وبویراحمد استان فارس,1,36743,0
کون,1,36743,0
پلدشت روستای اغ اتل,1,36743,0
جوشقان قالی کاشان روستای میدوک کرمان,1,36743,0
دانشگاه تهران پردیس تهران منابع طبیعی کرج پردیس المللی کیش,1,36743,0
کشاورزی,1,36743,0
جنگلهای مازندران,1,36743,0
ایران دره شیر کویر اصفهان یزد کویر سیستان و بلوچستان گیلان مازندران گلستان ایران,1,36743,0
جاده دماوند رودهن,1,36743,0
میریژگان,1,36743,0
اسراییل اسراییل,1,36743,0
حومه چناران,1,36743,0
دورود و ازنا استان ایلام لرستان زاگرس,1,36743,0
هیرکانی بندرگز جهان,1,36743,0
برج غرب تهران,1,36743,0
دریاچه عنتری نژاد,1,36743,0
صفهان یزد میبد,1,36743,0
کوهستان دالامپر اذربایجان غرب,1,36743,0
معدن سنگ افقانیها,1,36743,0
شهر پیروزی روستای پیروزی,1,36743,0
جاده قدیم رشت,1,36743,0
روستای خودمونه یخ گان,1,36743,0
خلیج تنگی هرموز ایران هرموز اروپا,1,36743,0
خلیج ایران,1,36743,0
معدن کاوان,1,36743,0
غار اسپهبد خورشید سوادکوه,1,36743,0
اوا جیق سی روستای اواجیق تورک,1,36743,0
رامسر منطقه اشکته چال رامسر,1,36743,0
گلستان جهان,1,36743,0
بهشت زوری,1,36743,0
ایران هرمزگان بوشهر,1,36743,0
جهان گلاسکو,1,36743,0
بندر عباس جزیره کیش قشم هرمز,1,36743,0
سمنان شیراز رشت یزد اصفهان ملایر سنندج کردستان هرمز لاهیجان,1,36743,0
کردستان مریوان رنگین کمونی زنجان روستای ماهنشان هرمز گنبدنمکی غار نمکی بقی,1,36743,0
بغداد هرمز,1,36743,0
خزر خلیج فارس جزیره هرمز,1,36743,0
استخر لاهیجان تالاب کیاکلایه لنگ رود,1,36743,0
دریای کاسپین گیلان مازندران,1,36743,0
تهران فلکه تهران پارس,1,36743,0
شهرستان بستان,1,36743,0
خیابان ولیعصر پارک ساعی مناطق تهران,1,36743,0
اراد,1,36743,0
زهرا,1,36743,0
تنگه هرمز ایران خلیج خوکها,1,36743,0
غرب گدا,1,36743,0
منطقه پونه جنت حکم شمال شهر تهران,1,36743,0
اهواز ماله اهواز استان,1,36743,0
اقاراک ارس,1,36743,0
هاروارد,1,36743,0
شمال غرب منطقه ازاد,1,36743,0
بیشه زار,1,36743,0
منطقه ی تهران,1,36743,0
اتوبان ستاری واحد پسماند ستاری,1,36743,0
نجف کربلا,1,36743,0
شهرک مسکن مهر رضا ع گیلاوند,1,36743,0
شهرک مهک منطقه گیلاوند,1,36743,0
شهرستان شبستر,1,36743,0
زاینده خشک کارون دریاچه ارومیه اصفهان,1,36743,0
پارک ایرانشهر,1,36743,0
جاده ساحلی اهواز,1,36743,0
اصفهان مسجد جامع عباسی اصفهان,1,36743,0
گلاسکو جهان زمین,1,36743,0
گلاسگو ایران پاریس,1,36743,0
گلاسکو زمین,1,36743,0
دانشگاه تهران پردیس فاراب قم پردیس ابوریحان,1,36743,0
جاده شوراباد تهران,1,36743,0
اسکی شمال دریا هرمز,1,36743,0
هرمز یغما,1,36743,0
هرمز بندرعباس خوزستان,1,36743,0
خلیج فارس جزیره هرمز جزیره هرمز,1,36743,0
هرمز میناب,1,36743,0
دریای خزر خلیج فارس تنگه هرمز,1,36743,0
خلیج فارس هرمز,1,36743,0
ایران خزر کیش چابهار هرمز,1,36743,0
جزیره هرمز هرمز جزیره هرمز هرمز,1,36743,0
هرمز غرب اسیا خاورمیانه اسراییل,1,36743,0
ساحل نقره هرمز,1,36743,0
جهان گلاسگو جهان جهان,1,36743,0
ایران جهان جزیره هرمز خلیج فارس ایران,1,36743,0
هورالعظیم زیست بوم خوزستان,1,36743,0
جهان لاری,1,36743,0
گیلان مازندران البرز البرز البرز البرز,1,36743,0
کره زمین جهان ایران ایران خلیج فارس عربی,1,36743,0
اصفهان خوزستان یزد,1,36743,0
چیتگر هوا بهشهر,1,36743,0
ابرکوه یزد,1,36743,0
کوهستان شيیور اهر منطقه قره داغ منطقه قره داغ,1,36743,0
بلوچستان بلوچستان زابل,1,36743,0
جنوب شرق غرب سواحل,1,36743,0
پارک ملی توران جهان پارک ملی توران جهان,1,36743,0
جنگل,1,36743,0
قطب شمال ایران,1,36743,0
سد کمال خان,1,36743,0
ایران کلوس ه استان اصفهان شهرستان فریدون شهر دهستانی بهنام پشتکوه موگویی بهنام کلوس ه,1,36743,0
ایران استان یزد یزد سرو شیراز,1,36743,0
ایران استان قزوین گستره ی الموت رازمیان سال بهنام,1,36743,0
ایرانزمین,1,36743,0
خانه باغ خونه,1,36743,0
سد گتوند اب نمک,1,36743,0
کلیبر اولس,1,36743,0
شهر تیران و کرون استان اصفهان,1,36743,0
شرق اذربایجانی,1,36743,0
جهان ایران جهان ایران جهان,1,36743,0
شاخاب پارس,1,36743,0
ایران جنوبی,1,36743,0
هیرکان دریای تبرستان مازندران,1,36743,0
سد طالقان کرج,1,36743,0
اصفهان زاگرس اصفهان زاگرس جلگه ء خوزستان,1,36743,0
مرکز فابا,1,36743,0
جهان جهان مازندران,1,36743,0
دریاچه لر زند سی دی بیر,1,36743,0
اصفهان یزد ایران,1,36743,0
مسجد تهران,1,36743,0
گیلان مازندران ایران,1,36743,0
ایران شمال اروپا,1,36743,0
اسراییل یزد,1,36743,0
اهری,1,36743,0
کشور گرتا امازون جهان خاورمیانه,1,36743,0
گیلان تالش گیلان گیلان,1,36743,0
گهر گهر دورود,1,36743,0
صحرا بایومه,1,36743,0
پارک صف پارک کوهستانی صف,1,36743,0
مازندران کاسپین ایران,1,36743,0
دریای خزر دریای خزر مازندران,1,36743,0
اسفراین لامرد سیرجان زاگرس ایران,1,36743,0
کیش کیش ایران ایران جهان ایران,1,36743,0
روستای همیجان شهرستان بهاباد یزد,1,36743,0
جاهایی گیلان و مازندران اصفهان,1,36743,0
کشور ک امارات ایران ایران,1,36743,0
تنگ سرخ فایده شهرستان بویراحمد,1,36743,0
گیلان روستای رشنکوه مازندران,1,36743,0
ایران ایران جهان جهان,1,36743,0
غار جهنم طبس,1,36743,0
سیاره زمین زمین,1,36743,0
منطقه مراوه تپه,1,36743,0
کشور قومگراها ایران استانهای مرکزی,1,36743,0
کهکیلویه وبویراحمد ایران کهکیلویه وبویراحمد,1,36743,0
روشنک وه روستایی مازندارن,1,36743,0
هیرکانی شمال کشور زاگرس,1,36743,0
ایران سند,1,36743,0
کرج روستاهای سرخاب,1,36743,0
روستای برندق شهرستان استان اردبیل,1,36743,0
داون تاون تهران,1,36743,0
ساروی,1,36743,0
گله باغلیاسان لری وورولار,1,36743,0
اردبیل زنجان تهران اذربایجان اذربایجان شهر تبریز اذربایجان کرمان,1,36743,0
غرب مازندران,1,36743,0
بومهن,1,36743,0
تفریحی ملوران نیکشهر,1,36743,0
روستای مولا دودانگه ساری استان مازندران,1,36743,0
رودخانه زدو,1,36743,0
چار اویماق,1,36743,0
منابع طبیعی ورامین,1,36743,0
باغ شهر روستا باغشهر,1,36743,0
منطقه اژیه,1,36743,0
کوه کهگیلویه لنده,1,36743,0
رودخانه ویلا,1,36743,0
ولاش,1,36743,0
تالاب نيور تالاب نيور,1,36743,0
باغ نی استهبان,1,36743,0
منطقه سند,1,36743,0
استان نوشهر,1,36743,0
بروجرد بروجرد,1,36743,0
ایران دنیا اروپا,1,36743,0
بیابان دوبی,1,36743,0
ایران غرب شرق,1,36743,0
ایران ایران خاورمیانه جهان,1,36743,0
غرب پتروناس ایران,1,36743,0
روستای روشنکوه رودخانه کرج,1,36743,0
قهرود,1,36743,0
منطقه مرتعی سماموس ییلاق جواهرده رامسر,1,36743,0
نیویورک کویر لوت,1,36743,0
اصفهان اصفهان گیلان مازندران گلستان خوزستان سیستان,1,36743,0
منطقه حفاظت خايیز,1,36743,0
ایران ایران ایران نقده,1,36743,0
ایران شهر رشت تهران ایران,1,36743,0
ستان کهگیلویه وبویراحمد,1,36743,0
ارو,1,36743,0
طبیعی کرج,1,36743,0
قله دماوند کوهپایه کک خانه روستایی بولدوز صحنه,1,36743,0
خانه بافت منابع طبیعی,1,36743,0
مرز چومان,1,36743,0
شهرستان محموداباد شهرستان محموداباد,1,36743,0
دریای خزر خزر خزر,1,36743,0
چشمه گل الود,1,36743,0
ایران شهر اهواز سیستان تهران خوزستان,1,36743,0
شهر اصفهان اصفهان اصفهان,1,36743,0
ایران ایران مریخ,1,36743,0
رودخانه امونم,1,36743,0
رودخانه اودر,1,36743,0
دریای خزر جهان دریای خزر,1,36743,0
کرخه کارون دز باخ لیج فارس,1,36743,0
دریای مازندران گیلان و مازندران دریای خزر,1,36743,0
شهر قاین,1,36743,0
تهران دوحه وین,1,36743,0
محموداباد,1,36743,0
صفهان زاینده رود صفهان زاینده رودمع اصفهان,1,36743,0
خانه امون کشور,1,36743,0
خوزستان خوزستان اهواز,1,36743,0
تهران باست ی,1,36743,0
ایران جهان زمین زمین,1,36743,0
ایران هامون,1,36743,0
پاریس ایران ایران,1,36743,0
شهر کرمانشاه قره سو قره سو قره سو,1,36743,0
رود خونش شیرکاکايو,1,36743,0
خلیج فارس عربی,1,36743,0
دریاچه نمک کویر,1,36743,0
ایران رودخانه زاینده,1,36743,0
پارک ابه کوه لامصب,1,36743,0
کیش اهواز,1,36743,0
استانبول استانبول,1,36743,0
خرم اباد اهواز,1,36743,0
مشهد تهران,1,36743,0
معدن دسانی,1,36743,0
میبد یزد یزد,1,36743,0
استان خلد,1,36743,0
خیابان ازادی,1,36743,0
کوهرنگ چهارمحال وبختیاری,1,36743,0
منطقه ماهشهر شهرک جراحی طالقانی,1,36743,0
ایران فهان ایران اصفهان,1,36743,0
دخمه ی شریف اردکان دخمه دادگاه برج سکوت,1,36743,0
روستای سیه شهرستان خوی استان اذربایجان غرب,1,36743,0
سد لگزی سقز,1,36743,0
ایران اصفهان اصفهان تهران,1,36743,0
دریاچه نمک ماهشهر,1,36743,0
دنیا یزد اصفهان,1,36743,0
دنیا خاورمیانه,1,36743,0
اخی همدان,1,36743,0
شهرکرد چشمه کوهرنگ همدان,1,36743,0
شهرکرد همدان شهرکرد,1,36743,0
شمال ایران تهران تهران,1,36743,0
زمین تبت,1,36743,0
سرچشمه استان چهارمحال,1,36743,0
خوزستان اذربایجان,1,36743,0
شهر سوخته زابل زابل,1,36743,0
اهواز دنیا تهران,1,36743,0
تهران جهان ایران مسجد تمر,1,36743,0
هورالعظیم زاینده رود تهران,1,36743,0
خوزستان سد کرخه,1,36743,0
چشمه کارستی,1,36743,0
فارس خلیج فارس خلیج فارس,1,36743,0
استانهای مازندران و گیلان سراوان گیلان,1,36743,0
روستای زیبای پدری,1,36743,0
گیلان ایران گیلان,1,36743,0
قیافه رید,1,36743,0
شیراز بندرعباس,1,36743,0
کره زمین دریای مازندران,1,36743,0
مازندران عسلویه اهواز ماهشهر,1,36743,0
جنوب شرق ایران,1,36743,0
زمین جهان زمین,1,36743,0
تهران تهران تهران غرب کشور,1,36743,0
نیروگاه حرارتی شازند نیروگاه حرارتی شازند,1,36743,0
شهر پردیس تاج سد مام,1,36743,0
جاده هراز منطقه پلور,1,36743,0
صنعت تاج سد مام,1,36743,0
روستای تنگیسر سنندج,1,36743,0
تنگی سر,1,36743,0
سراوان سراوان رشت شهر سراوان,1,36743,0
سد کرج دنیا,1,36743,0
لاهیجان,1,36743,0
ایران تهران دریاچه ارومی,1,36743,0
غرب شرق غرب,1,36743,0
المان شمال نروژ تهران,1,36743,0
عسلویه کیش,1,36743,0
فارس اصفهان جهان قم لور ستان خوزستان,1,36743,0
غرب شمال غرب ایران شهری سنندج,1,36743,0
جزیره خارک,1,36743,0
جهان دریای خزر جهان دریاچه شهر زوریخ,1,36743,0
جنوب اهواز منطقه اهواز قزوین همدان,1,36743,0
روستای کردستان,1,36743,0
رامسر تهران,1,36743,0
منطقه شرق و جنوب شرق تهران,1,36743,0
تهران جهان جهان,1,36743,0
سد مام پردیس,1,36743,0
ایالات متحده زمین,1,36743,0
بازکردن رودخانه روخ اصفهان اصفهان تهران کرج,1,36743,0
جهان زمین جهان,1,36743,0
خانه شهرک اکباتان,1,36743,0
کشور تهران قزوین مشهد اراک قزوین,1,36743,0
پاوه نژاد,1,36743,0
شریعتی خوزستان خوزستان,1,36743,0
نژاد تهران,1,36743,0
میدان ونک تهران,1,36743,0
روستای کردستان روستا توابع شهرستان استان کردستان,1,36743,0
پارک محیطبان کرج,1,36743,0
گاندو,1,36743,0
کتابخانه شوهاز گاندو,1,36743,0
دهیاری کهنانی,1,36743,0
چهل,1,36743,0
منطقه حفاظت چهل پا استان خوزستان,1,36743,0
منطقه حفاظت چهل پا اندیمشک,1,36743,0
حفاظت چهل,1,36743,0
زیست فارس,1,36743,0
حرم مطهر احمد بن موسی السلام,1,36743,0
منطقه حفاظت کوه سعدی استان کرمان فارس,1,36743,0
مکه زمزم,1,36743,0
شهرستان خواف,1,36743,0
پارک ملی بم,1,36743,0
منطقه حفاظت منطقه حفاظت,1,36743,0
منطقه حفاظت بیستون,1,36743,0
پناهگاه حیات وحش,1,36743,0
طلای میمه ایران,1,36743,0
بجنورد ایران,1,36743,0
کلگری,1,36743,0
سیبری فریدونکنار,1,36743,0
شهرم ون نوشهر,1,36743,0
یخ,1,36743,0
منطقه قرق الگن شهرستان قرق,1,36743,0
مرال,1,36743,0
حفاظت فیل استان زنجان,1,36743,0
بوستان طبیعی محیطبان پارک طبیعی کشور,1,36743,0
منطقه شکار ممنوع سوادکوه,1,36743,0
ممنوع سوادکوه استان مازندران,1,36743,0
بیکن اه کهریزک اراد کوه,1,36743,0
شهرستان نمین,1,36743,0
جنگل ه,1,36743,0
استان پتروشیمی و هرکی,1,36743,0
هزارجریب بهشهر,1,36743,0
استان فارس شهرستان بوانات استان فارس,1,36743,0
منطقه عباس میامی جاده میامی فیروز ایران,1,36743,0
حفاظت ارسباران پاس گه محیطبانی اینالو,1,36743,0
پارک ملیه,1,36743,0
جهان منطقه حفاظت خايیز بهبهان,1,36743,0
هامون محیطبان شیر,1,36743,0
استان ایلام سرزمین ایلام,1,36743,0
شهر سال بهاباد یزد,1,36743,0
غار فرصت غار,1,36743,0
دنا ایران ایران,1,36743,0
مرکز استان بوشهر,1,36743,0
استان کرمان طقه حفاظت کوه سعدی استان کرمان,1,36743,0
حفاظت کوه سعدی استان کرمان,1,36743,0
گلزار شهدای شهرستانهای خرمبید و بوانات,1,36743,0
پارک ملی موته,1,36743,0
خرس گریزلی,1,36743,0
سوادکوه کوه پایه ی دماوند,1,36743,0
جزیره شیدور,1,36743,0
باغ وحش,1,36743,0
اصفهان خاور خاور,1,36743,0
منطقه حفاظت افتاده,1,36743,0
جاده کیرم نونی,1,36743,0
جاده منطقه حفاظت منطقه حفاظت صعب العبوره,1,36743,0
منطقه حفاظت سهرین زنجان,1,36743,0
اس,1,36743,0
منطقه توران حامی,1,36743,0
کرە توران,1,36743,0
پارک محیطبان ورق,1,36743,0
روستای ازباران فریدونکنار,1,36743,0
البرز کرج,1,36743,0
استان سمنان جنگل رودبارک,1,36743,0
شهر رفسنجان کرمان,1,36743,0
ایران استانبول ایران استانبول,1,36743,0
نرفتم شمال شهرکرد,1,36743,0
نیکشهر منطقه رسمه چابهار,1,36743,0
اهواز اهواز ارومیه,1,36743,0
یزد تالاب دوست کویر,1,36743,0
بردسیر رفسنجان,1,36743,0
ایالت پنجاب مقدس,1,36743,0
حسن همدان طهران,1,36743,0
سد زیردان,1,36743,0
اهواز اندیمشک ایران اهواز اهواز,1,36743,0
منطقه حفاظت ی المه پارک ملی گلستان,1,36743,0
دنا پارک ملی دنا,1,36743,0
ملی گلستان منطقه حفاظت تنگ صیاد ایران,1,36743,0
منطقه حفاظت و بزکوهی,1,36743,0
چانگ نیوریپابلی,1,36743,0
حفاظت تنگ صیاد,1,36743,0
تخت جمشید محسن حدادی پارک ملی گلستان,1,36743,0
حفاظت طارم سفلی,1,36743,0
استارا,1,36743,0
شهرستان استارا,1,36743,0
مسجد تحقیقات شیر بلال بلال,1,36743,0
چابهار بهشهر جنوب شرق ایران,1,36743,0
هامون رودخانه هیرمند گودزره,1,36743,0
خانه نجار خانه شکارچی,1,36743,0
شهرستان خدابنده گرگ روستای توزلو و چورون شهرستان خدابنده,1,36743,0
خیابان ساری قايمشهر,1,36743,0
خیابانهای قايم شهر مازندران,1,36743,0
خیابان ساری قايم شهر احمد,1,36743,0
محیطبان جند,1,36743,0
دشتهای کرمانشاه و کردستان,1,36743,0
کوهستان البرز تهران,1,36743,0
فریدونکنار مازندران,1,36743,0
دره تقی مریوان,1,36743,0
کوهستان چلاو,1,36743,0
ایران کوه دماوند پارک ملی کویر,1,36743,0
ایران پارک ملی کویر بهمن,1,36743,0
خرس مازندران,1,36743,0
زاینده کوهای غرب استان اصفهان شهرستان فریدونشهر چشمه دیم و دخلی چهارمحال,1,36743,0
دریا جه ارومیه زاینده,1,36743,0
اصفهان تونل کوهرنگ زاینده استان سرسبز اصفهان,1,36743,0
تونل کوهرنگ بهشت اباد,1,36743,0
شکی,1,36743,0
شرق غرب اصفهان زاینده کام زاینده روده اصفهان,1,36743,0
رودخانه کرج رودخانه کرج سد امیرکبیر تهران,1,36743,0
اصفهان چار محال,1,36743,0
اصفهان سمیرم ابریز خوزستان,1,36743,0
قمرود لنگان خدنگ ستان زاینده نمیریزد کاشان خدنگ ستان چشمه لنگان سرچشمه,1,36743,0
سرچشمههای کوهرنگ چهارمحال گاوخونی اصفهان شادگان خوزستان,1,36743,0
دریای خزر دریاچه خبر,1,36743,0
یزد اصفهان چهارمحال و بختیاری چهارمحال وبختیاری,1,36743,0
تهران تهران اصفهان,1,36743,0
زاینده صنایع یزد کوهرنگ زاینده دروغ کوهرنگ,1,36743,0
کارون اصفهان زاینده,1,36743,0
منطقه چهارمحال وبختیاری خوزستان زاینده رودخانه اصفهان کویر اصفهان,1,36743,0
خوزستان زاینده خوزستان,1,36743,0
منطقه بختیاری حوزه ابریز کارونن بروجن زاینده,1,36743,0
زاینده خوزستان زاینده اصفهان خوزستان,1,36743,0
زاینده ادم,1,36743,0
شهر دلگیر,1,36743,0
تونل بهشت رودخانه زاینده تونله,1,36743,0
زاینده استان چهارمحال استان اصفهان استان چهارمحال,1,36743,0
زاینده اخوی,1,36743,0
کویر اصفهان اصفهان,1,36743,0
اصفهان زرین شهر مبارکه اصفهان زاینده اصفهان,1,36743,0
ایران زمین رودخانه زاینده,1,36743,0
لرستان خوزستان اصفهان زاینده اصفهان,1,36743,0
اصفهان زاینده شهرکرد خوزستان خوزستان,1,36743,0
چهارمحال اصفهان رودخانه زاینده,1,36743,0
اصفهان زاگرس یزد کرمان اصفهان اصفهان اصفهان,1,36743,0
زاینده رفسنجان و یزد سد رودخانه خواهیه,1,36743,0
منطقه چهارمحال وبختیاری خوزستان زاینده رودخانه اصفهان,1,36743,0
دریاچه ی ارومیه دریاچه ارومیه,1,36743,0
روستای اصفهان چهارمحال اصفهان یزد شهر اصفهان باغ شهر,1,36743,0
کوهرنگ کوهرنگ خدنگستان چشمه لنگان کوهرنگ زاینده زاینده یزد,1,36743,0
اصفهان زاینده پل خواجو اصفهان,1,36743,0
زاینده هرو,1,36743,0
استان خوزستان چهارمحال و بختیاری ایران اصفهان,1,36743,0
زاینده دل اصفهان,1,36743,0
چهارمحال وبختیاری زاینده اصفهان اصفهان,1,36743,0
زاینده گزینهها,1,36743,0
زاگرس کویر زاگرس لور زاینده ذوب اهن اصفهان,1,36743,0
رودخانه زاینده گاوخونی زاینده,1,36743,0
اصفهان زاینده زاینده اصفهان ایران قم,1,36743,0
رودخانه اب زاینده,1,36743,0
کویر ایران زاینده تالاب المللی گاوخونی تالاب پساب یزد زاینده,1,36743,0
زاینده نوید,1,36743,0
اصفهان اصفهان اصفهان کویر مرکزی ایران,1,36743,0
اصفهان بهشهر یزد اصفهان,1,36743,0
کوهرنگ زاینده مهاجران,1,36743,0
سد زاینده شهرستان اصفهان,1,36743,0
جلگه بیخیال کشاورز حوضه زاینده سرکار,1,36743,0
مهاجر زاینده,1,36743,0
زاینده صدا,1,36743,0
ابم ان زاینده سرچشمه گاوخونی,1,36743,0
جلگه زاینده یزد زاینده کیلومتر گاوخونی شهرکرد,1,36743,0
زاینده گاوخونی اقلیم اصفهان,1,36743,0
اصفهان زاینده سهم خوزستان کوهرنگ احمق کارخانه,1,36743,0
چهارمحال استان اصفهان حوضه زاینده استان اصفهان حوضه اصفهان چهارمحال,1,36743,0
اصفهان زاینده رنج اصفهان,1,36743,0
اصفهان اصفهان زاینده خشک,1,36743,0
لنگه اصفهان,1,36743,0
زاینده مدیریت,1,36743,0
زاینده نهر ازادگانی سد زاینده اصفهان اقازادهها یزد,1,36743,0
زاینده قم یزد کرمان اردکان یزد ایران اردکان,1,36743,0
کویر گلخانه اب گندوله ساری اردکان,1,36743,0
زاینده خفه,1,36743,0
فلات ایران فارس ایران ایران اصفهان,1,36743,0
منطقه اصفهان زاینده خشک,1,36743,0
زاینده روده زاینده هرک زاینده خشکه,1,36743,0
اصفهان زاینده اصفهان کشاورز,1,36743,0
زاینده کیلومتره شرق اصفهان زاینده,1,36743,0
زاینده یزد زاینده بهشهر روستاهای یزد,1,36743,0
زاینده نظرم,1,36743,0
زاینده اشک تون,1,36743,0
یزد اصفهان بهشهر,1,36743,0
زاینده ابادان دنیا,1,36743,0
اصفهان یزد زاینده شهر شهروند,1,36743,0
هسته کویر یزد,1,36743,0
بز,1,36743,0
سراب زاینده,1,36743,0
زاینده پایاب گاوخونی یزد,1,36743,0
زاینده فولاد مجتمع فولاد,1,36743,0
زاینده شمال کشور,1,36743,0
زاینده یهو,1,36743,0
اصفهان کویر دشت اصفهان جلگه ی زاینده زاینده ایرانه,1,36743,0
زاینده شهر,1,36743,0
کویر زاینده اصفهان,1,36743,0
منطقه شعیبیه شوشتر,1,36743,0
اصفهان پل زاینده,1,36743,0
رودبار بم کرمانشاه,1,36743,0
حوضه زاینده اصفهان,1,36743,0
زاینده استانها اصفهان,1,36743,0
زاینده سیراب,1,36743,0
سد زاینده استان,1,36743,0
اصفهان رودخانه عزل رودخانه زاینده,1,36743,0
یخ شهر زاینده,1,36743,0
شهرستان لنجان,1,36743,0
زاینده سیستان و بلوچستان اصفهان,1,36743,0
اصفهان یزد چهارمحال و خوزستان استان اصفهان خوزستان,1,36743,0
تفرجگاه دشت سورین بانه منطقه گردشگری سورین,1,36743,0
تالاب گندمان استان ایران,1,36743,0
خیابان تلاش فرودگاه فرانکفورت مونیخ و برلین,1,36743,0
خلیج گر استان مازندران,1,36743,0
روستای چلاو شهرستان امل مازندران,1,36743,0
شهرستان ابوموسی,1,36743,0
تالاب سرخرود,1,36743,0
پکن جهان,1,36743,0
اهواز ابادان شادگان ماهشهر خرمشهر بندر ره و سوسنگرد,1,36743,0
خوزستان اهواز ابادان شادگان ماهشهر خرمشهر بندر ره و سوسنگرد,1,36743,0
پارک ملی توران جهان,1,36743,0
اصفهان قم یزد اصفهان,1,36743,0
بندرعباس بندر خمیر قشم,1,36743,0
لردگان شهرستان لردگان,1,36743,0
ایران لردگان استان چهارمحال وبختیاری,1,36743,0
شهرستان میناب استان هرمزگان,1,36743,0
دریاچه سد طالقان,1,36743,0
بهبهان رامهرمز,1,36743,0
استانهای جنوب و جنوب غرب,1,36743,0
دریاچه مهارلو سد درودزن سیوند,1,36743,0
اقلیم گلاسکو,1,36743,0
کپنهاگ پاریس,1,36743,0
چلاو امل مازندران,1,36743,0
زنوز معدن ادینه,1,36743,0
کرکس نطنز شهر شهروند,1,36743,0
سد مامل سد مامل رودخانه جاجرود شهرهای پاکدشت ورامین و جنوب تهران,1,36743,0
روستای سیستان و بلوچستان,1,36743,0
کنارک,1,36743,0
استانهای جنوبی ایران,1,36743,0
ایران سیستان و بلوچستان,1,36743,0
منطقه جهان نما شهرستان کردکوی استان گلستان,1,36743,0
وحش حیدری,1,36743,0
پناهگاه حیات وحش حیدری نیشابور,1,36743,0
دریای خزر شوروی ایران,1,36743,0
خزر ایران خزر ایران,1,36743,0
شیراز مرودشت,1,36743,0
پارک ملی گلستان ایران,1,36743,0
شهرستان بانه,1,36743,0
ایران زاگرس فارس,1,36743,0
منطقه قوش چشمه پارک ملی گلستان,1,36743,0
منطقه قوشه چشمه پارک ملی گلستان پارک ملی گلستان,1,36743,0
سرخرود مازندران شمال ایران,1,36743,0
روستای همیجان شهرستان بهاباد استان یزد,1,36743,0
منطقه حیدری نیشابور,1,36743,0
خرمشهر بندر ماهشهر و شادگان ابادان,1,36743,0
رودخانه برغان,1,36743,0
منطقه حفاظت کرکس کوه استان اصفهان,1,36743,0
روستاهای برز و کمجان نطنز استان اصفهان,1,36743,0
نیوکاسل,1,36743,0
ماه خوزستان,1,36743,0
سرخرود مازندران,1,36743,0
جهان مازندران,1,36743,0
تالابهای قو پی پدرعلی یادگارلو قره گل اغ قلعه و قره قشلاق,1,36743,0
منطقه حفاظت هزارمسجد شهرستان کلات درمان مشهد,1,36743,0
مسجد مشهد,1,36743,0
مرکز جنگل النگدره شهر,1,36743,0
دشت سهرین سهر,1,36743,0
دریاچه زریوار شهرستان خبر,1,36743,0
مشهد اهواز کرمان ایرانشهر بیستون کرمانشاه,1,36743,0
کویر خراسان جنوبی خراسان جنوبی,1,36743,0
دریاچه زریبار شهر دریاچه زریبار مریوان,1,36743,0
گلاسکو ایران,1,36743,0
ساوجبلاغ,1,36743,0
ایران گلاسگو,1,36743,0
مرکز اموزش باغ موزه محیط زیست شهرستان ماهشهر,1,36743,0
منطقه ماهشهر ماهشهر,1,36743,0
پالایشگاه تذکر ماهشهر,1,36743,0
جنگلهای مریوان,1,36743,0
رودخانه تیمز,1,36743,0
سد تنگ سرخ کهگیلویه وبویراحمد,1,36743,0
پاریس ایران پاریس ایران,1,36743,0
پاریس ایران ایران جهان,1,36743,0
ایران پاریس,1,36743,0
دریاچه مریوان,1,36743,0
شرق اصفهان شرق اصفهان زاینده زرین شهر,1,36743,0
زاینده دریاچه ارومیه دریاچه ارومیه,1,36743,0
مرکز اموزش باغ موزه محیط زیست,1,36743,0
گلاسگو جهان,1,36743,0
گلاسگو گلاسگو,1,36743,0
شهر گلاسکو,1,36743,0
ادینه گلاسکو,1,36743,0
روستای رشه شهرستان مریوان,1,36743,0
دریاچه زریبار مریوان,1,36743,0
دریاچه زریبار دریاچه زریبار مریوان,1,36743,0
نیروگاه برق محدوده بندان سی,1,36743,0
جنوب غرب و غرب مازندران,1,36743,0
استان قدس رضوی استان معصومه قم,1,36743,0
المان اروپا کشور المان,1,36743,0
استارا چابهار,1,36743,0
مازندران جهان,1,36743,0
تهران اراد کوه,1,36743,0
صنعت تهران,1,36743,0
منطقه حفاظت سفیدکوه خرم روستای چگه میرزاوند,1,36743,0
استان باغ وحش زابل,1,36743,0
مونیخ جهان,1,36743,0
شهر رفیع,1,36743,0
منطقه حفاظت جهان نما شهرستان کردکوی استان گلستان,1,36743,0
منطقه حفاظت جهان نما شهرستان کردکوی گلستان,1,36743,0
استانهای گیلان و مازندران,1,36743,0
تالاب میانگران,1,36743,0
جنوب کرمان هلیل,1,36743,0
کرمانشاه تهران,1,36743,0
شکار ممنوع طالقان,1,36743,0
سیستان شمال بلوچستان شهرستان نصراباد,1,36743,0
شهرستان نصراباد سلام,1,36743,0
دریاچه هامون هامون,1,36743,0
ایران زاهدان کردستان,1,36743,0
خوزستان سیستان و بلوچستان ایران ایران,1,36743,0
شهرستان لرستان,1,36743,0
شهر خوزستان شهرهای ابادان اهواز و شادگان خوزستان,1,36743,0
فرودگاه ایلام,1,36743,0
شهر ریاض عربستان,1,36743,0
بیمارستان پرادماییه گردوغبار اسهالن,1,36743,0
استانهای جنوبی مرکزی غرب و شرق ایران,1,36743,0
پناهگاه حیات وحش دره باغ بوانات,1,36743,0
دجله فرات امارات,1,36743,0
خوزستان تهران خوزستان,1,36743,0
بیمارستان مهران,1,36743,0
تهران کرمانشاه تهران کرمانشاه همدان مرکزی تهران دشت ازادگان,1,36743,0
اربیل,1,36743,0
تهران کلانشهر تهران,1,36743,0
ایذه خوزستان,1,36743,0
غرب کشور غرب کشور کشورمان,1,36743,0
هرمزگان غرب کشور غرب و جنوب غرب کشور غرب هرمزگان هرمزگان و غرب استان,1,36743,0
چهارمحال و خوزستان تهران منجیل,1,36743,0
هرمزگان شرق غرب کوههای زاگرس خوزستان,1,36743,0
شهرستان قصرشیرین,1,36743,0
دریاچه ارومیه اذربایجان ورزشگاه تهران تبریز اذربایجان,1,36743,0
استان تهران البرز قزوین,1,36743,0
رشت بویین زهرا تهران,1,36743,0
تهران قم,1,36743,0
شرق گیلان,1,36743,0
ارومیه خوزستان,1,36743,0
نوار غرب,1,36743,0
اردبیل مازندران و گلستان,1,36743,0
اتلیه فرانسیس بیکن لندن دوبلین,1,36743,0
اذربایجان ایران مازندران ارس اذربایجان ایران,1,36743,0
تالاب چاردولی قروه زریوار استانه t چارد ولی قروه زریوار استانه,1,36743,0
فضایی مومنان,1,36743,0
شمال سیستان و بلوچستان شمال سیستان و بلوچستان,1,36743,0
استانهای همدان زنجان قزوین البرز و تهران,1,36743,0
جنوب دل ادماشو,1,36743,0
تالاب ایران,1,36743,0
اهواز ابادان خرمشهر خوزستان,1,36743,0
نوار شرق کشور,1,36743,0
نوار شرق ایران زابل,1,36743,0
اروپایی,1,36743,0
ابادان اصفهان سیستان تهران,1,36743,0
قشم شهرستان قشم,1,36743,0
اهواز خوزستان تهران اصفهان اراک اهواز,1,36743,0
جنوب شرق استان,1,36743,0
غرب استان,1,36743,0
جنوب غرب غرب و شمال غرب کشور,1,36743,0
م چیس ه خوره رشت فارسانه بیلاوا,1,36743,0
شهر حبیب,1,36743,0
پیست ایر,1,36743,0
هور العظیم هویزه هویزه,1,36743,0
جنوب استان,1,36743,0
ایران المان ایران همدان,1,36743,0
تالاب گاوخونی گاوخونی,1,36743,0
غرب المان شرق,1,36743,0
جنوب تهران طاووس,1,36743,0
جنوب سیستان و بلوچستان هرمزگان جنوب کرمان نیمه شرق کشور منطقه زابل غرب کشور,1,36743,0
اسمان استان,1,36743,0
دریاچه تبریز,1,36743,0
ابادان ایران,1,36743,0
ابادان خوزستان,1,36743,0
بینگ بنگ,1,36743,0
شهمیرزاد تهران شهمیرزاد تهران,1,36743,0
گرد غبار,1,36743,0
تهران فیروز کوه دماوند,1,36743,0
شهر استان لرستان استان ایران,1,36743,0
شهر خوزستان اهواز,1,36743,0
ایران سیستان اصفهان خوزستان تهران زمین,1,36743,0
تالاب المللی گاوخونی,1,36743,0
تورنتو,1,36743,0
فراگرفت سیستان,1,36743,0
دریاچه نمک استانه,1,36743,0
شرق غرب کشور,1,36743,0
جزیره کیش,1,36743,0
ورزشگاه ازادی فرمانده سلام کصلیسی,1,36743,0
کشور کیریه کشور کیری کشور کیری,1,36743,0
اصفهان ساختمان ابادان,1,36743,0
شهرهای تهران بهبهان و قزوین,1,36743,0
بغداد تروس که ایران,1,36743,0
اردبیل اردبیل شهرهای مرکزی غرب,1,36743,0
بوشهر دشتستان,1,36743,0
هالیوود خاورمیانه,1,36743,0
بم زاهدان کویر لوت,1,36743,0
شهرم صحرا,1,36743,0
شهرهای مرکزی ایران ایران,1,36743,0
اردبیل اردبیل,1,36743,0
زمین اسمان,1,36743,0
اث,1,36743,0
ابادان رستوران رییف اهواز حمیدیه خوزستان تهران,1,36743,0
رستوران ریف اهواز خرمشهر ابادان خراب لالی,1,36743,0
ابادان شادگان دزفول شوش,1,36743,0
خوزستان استان خوزستان ساختمان طبقه متروپل ابادان,1,36743,0
اهواز ابادان ابادان,1,36743,0
رستوران اب ریف وقایع خوزستان,1,36743,0
سیاره هاس,1,36743,0
ساختمان متروپل ی,1,36743,0
خرمشهر ابادان,1,36743,0
خوزستان ساختمان ابادان,1,36743,0
ابادان ابادان خاورمیانه,1,36743,0
شهرستان استان اصفهان,1,36743,0
تهران البرز,1,36743,0
تهران تهران استانهای قزوین و البرز,1,36743,0
شهرستانهای دزفول اندیمشک شوش کرخه دشت ازادگان,1,36743,0
خوزستان شهر دزفول اندیمشک شوش کرخه,1,36743,0
خوزستان خلیج فارس تنگه هرمز,1,36743,0
رودخانه بیمارستان رازی شهر,1,36743,0
اهواز شهرستان مهران استان ایلام,1,36743,0
شهرستانهای حو یزه میسان دشت ازادگان فلاحیه شادگان ابادان و محمره خرمشهر,1,36743,0
شهرستانهای هویزه دشت ازادگان شادگان ابادان و خرمشهر,1,36743,0
ایستگاه گاز سولون,1,36743,0
ایران کرج البرز,1,36743,0
اصفهان و تبریز ایران تهران کرج اصفهان تبریز همدان اهواز کرمانشاه سنندج ارومیه قزوین قم خرم چهارشنبه,1,36743,0
برج میلاد برج میلاد تهران,1,36743,0
ایران تهران استان غرب,1,36743,0
شعب مرکزی,1,36743,0
قزوین زنجان البرز تهران,1,36743,0
ایران کرج خرم و تهران,1,36743,0
دانشگاهها,1,36743,0
استان تهران و البرز دماوند فیروزکوه استان تهران البرز,1,36743,0
معدن دماوند پلور,1,36743,0
اکا,1,36743,0
چرنوبیل چرنوبیل,1,36743,0
رد مال قنات فضلاب,1,36743,0
اصفهان تبریز,1,36743,0
باغ اردکان,1,36743,0
قاهره,1,36743,0
تهران تهران ایران تهران,1,36743,0
زمین پاریس,1,36743,0
تبریز اصفهان یزد کرمان کهکیلویه شهر خوزستان اراک,1,36743,0
شهر ب,1,36743,0
ارومیه باغ شهر اذربایجان,1,36743,0
اذربایجان تهران ایران,1,36743,0
غرب رودخانه زنگمار,1,36743,0
خلیج فارس ایران,1,36743,0
عربستان اتوبان حکیم و همت,1,36743,0
یزد اردکان تهران,1,36743,0
اصفهان شهرستان استان,1,36743,0
یزد مجتمع,1,36743,0
خاورمیانه اصفهان,1,36743,0
اصفهان تهران اصفهان,1,36743,0
شهر ریچموندهیل انتاریو,1,36743,0
گیلان مازندران اصفهان خوزستان,1,36743,0
تهران ایران قم,1,36743,0
نیروگاه شازند اراک,1,36743,0
پالایشگاه ابادان پالایشگاه ابادان,1,36743,0
خرم و شهر استان دوشنبه,1,36743,0
سیستان و بلوچستان استان مرکزی,1,36743,0
استان مرکزی استان مرکزی شهر اراک,1,36743,0
استانهای البرز و تهران,1,36743,0
اردبیل تبریز,1,36743,0
غرب اسیا,1,36743,0
ساختمان فرشته و نوید,1,36743,0
هرمزگان قشم,1,36743,0
جزیره قشموند,1,36743,0
شهرستان مغز جنوب و غرب کشور,1,36743,0
برج میلاد تهران,1,36743,0
شمال غرب کشور دریاچه ارومیه اذربایجان,1,36743,0
چسبیده,1,36743,0
مرکز بهزیس,1,36743,0
تهران گیلان,1,36743,0
قزوین قم خوزستان مرکزی همدان کردستان زنجان کرمانشاه اذربایجان شرق و غرب اصفهان و البرز,1,36743,0
مملکت ابادان ورزشگاه ازادی ایران,1,36743,0
ایران خزر الاسکا,1,36743,0
استانهای تهران و البرز خوزستان خوزستان,1,36743,0
پالایشگاه کار,1,36743,0
استان چهارشنبه,1,36743,0
استانهای البرز و کرمانشاه,1,36743,0
خوزستان کرمانشاه,1,36743,0
تهران سیستان و خوزستان,1,36743,0
کیش فرودگاه شیراز کیش اصفهان,1,36743,0
کهکشان مستقیم تهران,1,36743,0
غرب شرق ایران,1,36743,0
خوزستان وحشی,1,36743,0
ساختمان تجاری عزیزامون,1,36743,0
پایتخت استان البرز,1,36743,0
استان خرداد استان کشور ایران,1,36743,0
سد قزل اوزن و شاهرود,1,36743,0
انزلی رشت,1,36743,0
منا هل ماکو,1,36743,0
بم ایران جهان,1,36743,0
شهر دماوند شهرستان دماوند,1,36743,0
روستای دشه,1,36743,0
روستای بنک شهرستان منوجان استان کرمان,1,36743,0
دوبی جهان جهان,1,36743,0
ایران فیروز بهرام,1,36743,0
کوهی منطق س ای دهج,1,36743,0
ساحل اسکاربرو,1,36743,0
ج فارس,1,36743,0
خاور غرب اسیا,1,36743,0
گسل مشا شمال تهران تهران,1,36743,0
دریای خزر خزر,1,36743,0
روستای همدان,1,36743,0
روستای چنار علیاء اسداباد,1,36743,0
ساحل کنگان سواحل ملی دریایی نایبند,1,36743,0
روستای داریاب شهر درود استان لرستان,1,36743,0
تالاب مره شهر قم قم,1,36743,0
پالایشگاه شاهین شهر اصفهان,1,36743,0
فلینت میشیگان,1,36743,0
کیش جزیره کیش تالار بورس,1,36743,0
اراک اراک,1,36743,0
ایران ازادراه رشت قزوین قزوین البرز کرج غرب تهران,1,36743,0
مازندران تهران تهران مازندران سیستان,1,36743,0
استان رخ,1,36743,0
منطقه گندک دماوند تهران,1,36743,0
پلیموث ایالت ماساچوست,1,36743,0
استان جنوبی ایران,1,36743,0
رودبار,1,36743,0
ملی توران,1,36743,0
منطقه حفاظت تجن شهرستان سرخس,1,36743,0
ایران پارک ملی توران خبر,1,36743,0
اسارا,1,36743,0
شهرستان سیریک هرمزگان استان گله,1,36743,0
منطقه فیلبند مازندران,1,36743,0
خرمشهر جهان,1,36743,0
نمین,1,36743,0
اصفهان جنوب کشور جنوب کشور,1,36743,0
امیدیه مشیر ماهشهر اهواز,1,36743,0
امیدیه ماهشهر اهواز,1,36743,0
خلخال شهر هشجین,1,36743,0
مازندران قايم,1,36743,0
حیات وحش سمسکنده,1,36743,0
ماسوله رودخان صومعه سرا,1,36743,0
شهرستان نمین روستای کنازق,1,36743,0
شهر قايم شهر,1,36743,0
ساختمان بانک,1,36743,0
اهن شهر,1,36743,0
شهرستان فریدونکنار,1,36743,0
منطقه ماهدشت کرج,1,36743,0
حلقه دره چهارباغ,1,36743,0
پادگان ارتش مشهد,1,36743,0
استانهای تهران و البرز,1,36743,0
استان کرمان حفاظت کوه سعدی استان کرمان,1,36743,0
دهستان رمون,1,36743,0
شهرستان خبر,1,36743,0
ایران شهرکرد همدان ارومیه,1,36743,0
ایران همدان ارومیه شهرکرد,1,36743,0
دامنه زاگرس نیک,1,36743,0
کلانشهر تهران و کرج,1,36743,0
ترانزیت تهران مشهد,1,36743,0
سیستان و بلوچستان کرمان هرمزگان,1,36743,0
جاده ترانزیت تهران مشهد,1,36743,0
استان سیلهای,1,36743,0
استان سمنان پژوهشگاه رویان,1,36743,0
پتروشیمی ایلام,1,36743,0
شهرستان استان فارس رودخانه رودبال,1,36743,0
خیابان ولیعصر عج,1,36743,0
گاندو روستای ریکوکش شهرستان دشتیاری سیستان و بلوچستان دشتیاری گاندو,1,36743,0
امامزاده داوود ایران,1,36743,0
ایران امامزاده داوود تهران سیستان و بلوچستان امامزاده داوود,1,36743,0
منطقه امامزاده داوود تهران سیستان و بلوچستان امامزاده داوود,1,36743,0
شمال غرب تهران,1,36743,0
گندک,1,36743,0
جاده تهران مشهد,1,36743,0
ایران مدیران,1,36743,0
مرکز تکثیر توران دنیا,1,36743,0
دنیا پارک ملی توران خبر تهران,1,36743,0
جنوب کشور چابهار,1,36743,0
تالاب میل مغان تالاب میل مغان,1,36743,0
تهران تهران تالاب بندعلیخان ورامین,1,36743,0
قصرشیرین سرپل ذهاب,1,36743,0
شهر اهواز ابادان دزفول سوسنگرد خرمشهر,1,36743,0
کوه خرسی اقلید جاده شیراز اصفهان,1,36743,0
بوانات,1,36743,0
دره باغ,1,36743,0
اهن قايم شهر,1,36743,0
بوانات فارس,1,36743,0
مومباسا,1,36743,0
صفاشهر مرکز شهرستان خرم بید فارس,1,36743,0
شهرستان بوانات استان فارس,1,36743,0
شهرستان بوانات استان فارس منطقه حفاظت دره باغ,1,36743,0
خیابان طالقانی تهران,1,36743,0
شهرستان بوانات استان فارس شهرستان شکارچیان منطقه حفاظت دره باغ,1,36743,0
طالقانی سیستان ایران,1,36743,0
زمین ایران دنیا,1,36743,0
ایران استان مازندران دریای خزر,1,36743,0
فارس شهرستان بوانات,1,36743,0
دره باغ ایران,1,36743,0
بیمارستان شهر خرم بید,1,36743,0
سمسکنده,1,36743,0
قايم شهر مازندران,1,36743,0
جهان زمین ایران ایران زمین,1,36743,0
زیست خوزستان,1,36743,0
جهان زمین کره زمین,1,36743,0
منطقه شفت استان گیلان,1,36743,0
روستای جبارلو,1,36743,0
اسمان اهواز استان خوزستان,1,36743,0
پناهگاه حفاظت و نگهداری,1,36743,0
موزه تاریخ طبیعی زنجان روستای شکورچی شهرستان ماه,1,36743,0
مازندران سمنان پتروشیمی سمنان,1,36743,0
سمنان سد فینسک,1,36743,0
ازاد شهرستان لردگان,1,36743,0
منطقه گردشگری تنگ مهریان یاسوج,1,36743,0
بوانات استان فارس,1,36743,0
منطقه حفاظت دره باغ بوانات,1,36743,0
محیط زیست کهگیلویه وبویراحمد,1,36743,0
باغ گردشگری مهریان,1,36743,0
بوانات استان فارس منطقه حفاظت دره باغ,1,36743,0
جاده شیراز اصفهان سیوند,1,36743,0
دنیا سمنان,1,36743,0
شهر استان اهواز شوش شوشتر دزفول ماهشهر,1,36743,0
توران پارک پردیسان تهران,1,36743,0
سمنان تهران,1,36743,0
جاده لردگان,1,36743,0
شمال جنوب شرق کشور جنوب شرق ایران,1,36743,0
شهر حبیب اصفهان,1,36743,0
دنیا اهواز جلگه جنوبی خوزستان,1,36743,0
رطوبت,1,36743,0
کشور اهواز خوزستان,1,36743,0
تالاب گاوخونی استانهای کرمان و یزد و اصفهان,1,36743,0
مرزی کرمانشاه استان کرمانشاه استان تیر,1,36743,0
استان کرمانشاه سرپل ذهاب,1,36743,0
شمال غرب غرب جنوب غرب نواحی مرکزی استانهای دامنههای البرز,1,36743,0
شهر قصرشیرین,1,36743,0
شهرستان مهران,1,36743,0
نوار غرب کشور استانهای شمال غرب غرب و جنوب غرب,1,36743,0
کیاسر مازندران,1,36743,0
مارون تالاب المللی شادگان هور منصوره تهران,1,36743,0
سد مارون تالاب المللی شادگان هور منصوره تهران,1,36743,0
خیابان فروکشی ساختمان و و خوزستان,1,36743,0
اراک ساوه و شازند,1,36743,0
جنوب خلیج فارس ایران,1,36743,0
تالاب مره طراوتش استان قم ایران,1,36743,0
دشت ماهدشت,1,36743,0
بیناموس,1,36743,0
تخت جمشید ایران ایران,1,36743,0
شهرستان مهران شهرستان مهران,1,36743,0
مرده دشت خیال,1,36743,0
دریاچه نمک یوتا نیمکره غرب سالت لیک سیتی,1,36743,0
گیلان کشور گیلان گیلان استان غرب و جنوب غرب کشور,1,36743,0
استانهای غرب خبر,1,36743,0
تهران کرج اهواز اراک مشهد,1,36743,0
بهشهر چرند ه,1,36743,0
دریاچه پیست اوتومبیل,1,36743,0
رم شهر ابادان,1,36743,0
وزستان چهارشنبه,1,36743,0
حرم کربلا,1,36743,0
بندرعباس بندرعباس,1,36743,0
چی,1,36743,0
کشاورزی بناب حومه بناب,1,36743,0
بهشت ایران,1,36743,0
موکب کربلا,1,36743,0
خاش,1,36743,0
حبیب اصفهان,1,36743,0
ناکازاکی,1,36743,0
ایران خیابان نادری اهواز,1,36743,0
خیابان نادری اهواز,1,36743,0
رودبار جنوب و قلعه گنج,1,36743,0
خوزستان اهواز خوزستان استان خوزستان اهواز,1,36743,0
خوزستان اهواز اهواز,1,36743,0
خوزستان ایران خوزستان ایران,1,36743,0
ایران حجاز,1,36743,0
خوزستان اهواز خوزستان,1,36743,0
اهواز سیستان و بلوچستان خوزستان,1,36743,0
ایران ابادان اهواز,1,36743,0
طهران خیابان شمس العماره,1,36743,0
استانهای تهران و البرز استانهای تهران و البرز,1,36743,0
ایران همدان,1,36743,0
استان باران قفله,1,36743,0
خوزستان بندرعباس بوشهر خوزستان,1,36743,0
ابادان خرمشهر ابادان خرمشهر,1,36743,0
خیابان عصر تهران,1,36743,0
ابادان پالایشگاه ابادان,1,36743,0
شهرستان سوادکوه مازندران,1,36743,0
سد فینسک مازندران و گلستان,1,36743,0
سد چم اسمان سد چم اسمان اب اصفهان یزد اصفهان,1,36743,0
اروپا اروپایی,1,36743,0
منطقه مرغای شهرستان,1,36743,0
کرم,1,36743,0
روستای قره دامچه مرودشت,1,36743,0
روستای دامچه مرودشت,1,36743,0
اسارای,1,36743,0
روستاهای اسارای شهرستان,1,36743,0
شماره تهران,1,36743,0
جنگلهای حفاظت مرخیل پاوه,1,36743,0
سوادکوه مازندران البرز منطقه سوادکوه,1,36743,0
جهان پورتلند,1,36743,0
جاده هوراند,1,36743,0
رودخانه دز شعیبی ه توابع شهرستان شوشتر,1,36743,0
شعیبی ه دز,1,36743,0
خوزستان رودخانه دز,1,36743,0
شهر اهواز و سوسنگرد,1,36743,0
کرمان زاهدان,1,36743,0
ساختمان کنگره,1,36743,0
تهران تهران تهران همدان,1,36743,0
جاده اهواز خرمشهر اردیبهشت,1,36743,0
استانهای سمنان و خراسان جنوبی شرق استان,1,36743,0
لامرد,1,36743,0
استانهای تهران البرز قم سمنان یزد و اصفهان تالاب گاوخونی,1,36743,0
تهران بوشهر تهران بوشهر استان بوشهر,1,36743,0
استان ایران تهران البرز,1,36743,0
مشهد بجنورد مشهد,1,36743,0
تهران جنوب البرز و جنوب غرب تهران تهران,1,36743,0
شمال سیستان و بلوچستان,1,36743,0
شهر خوزستان شادگان,1,36743,0
استان گلستان خزر کوه البرز,1,36743,0
ایران غرب کشور مرزی غرب رک تهران کرج,1,36743,0
استان تهران و البرز,1,36743,0
خراسان رضوی خراسان جنوبی جنوب سمنان شرق تهران,1,36743,0
کرمان فهرج شهداد,1,36743,0
تهران تهران دوبی,1,36743,0
ایران غرب کشور تهران کرج,1,36743,0
تهران کرج اهواز,1,36743,0
رودبار نیروگاه رجایی,1,36743,0
نیمه غرب استان,1,36743,0
کلانشهر تهران,1,36743,0
استان دوشنبه,1,36743,0
تهران ایران شهر خوزستان,1,36743,0
غرب کشورم,1,36743,0
اهواز خرمشهر ابادان و شادگان اهواز خوزستان,1,36743,0
ابادان خرمشهر شادگان سوسنگرد اهواز,1,36743,0
سد کمال خان دریاچه هامون هیرمند هامون خشک هلمند و نیمروز قندهار فراه,1,36743,0
خوزستان اندیمشک اهواز,1,36743,0
شهرستان خوزستان شهرستان خوزستان خوزستان شهرستان دزفول شوشتر اندیمشک شوش کرخه گتوند مسجد سلیم,1,36743,0
روستای ریگان ریگان طوفان شن روستای شهرستان ریگان,1,36743,0
اهواز خوزستان هیروشیما ناکازاکی,1,36743,0
اهواز پل اهواز,1,36743,0
اتاق تکونی هامون,1,36743,0
رصدخانه خیام,1,36743,0
معدن ابرمع ایران تاش کویر دریاچه ارومیه,1,36743,0
سیستان و بلوچستان استان سیستان و بلوچستان,1,36743,0
اسمان بغداد,1,36743,0
چهارمحال وبختیاری استان فارس,1,36743,0
کویر فهرج و شهداد,1,36743,0
کرج شهر,1,36743,0
رد,1,36743,0
جنوب استان تهران جنوب استان تهران استان البرز تهران,1,36743,0
شلمچه,1,36743,0
شهر قم قم فروشگاه حانبازان مرکزی,1,36743,0
کابل کابل,1,36743,0
استان خوزستان شمال خلیج فارس,1,36743,0
شمال کشور شرق کشور,1,36743,0
برج خلیفه,1,36743,0
تهران استانهای قم مرکزی همدان ساوه استانهای دامنه البرز,1,36743,0
کاروانسرا زین الدین,1,36743,0
کلرادو,1,36743,0
اذربایجان دریاچه پانترک شیراز فارس فارس,1,36743,0
برنت لی مالارد,1,36743,0
ناحیه خاصبان دانشگاه اذربایجان,1,36743,0
استان اذربایجان شرق,1,36743,0
باغ گیاه ملی ایران تهران,1,36743,0
مریخ جهان مریخ,1,36743,0
جنوب کشور زاگرس ابری خوزستان شرق,1,36743,0
لرستان شهرم,1,36743,0
جنوب شرق اهواز,1,36743,0
استان گیلان استانهای غرب کشور,1,36743,0
سحاب,1,36743,0
لافت هرمزگان,1,36743,0
ایران بندرعباس,1,36743,0
مرکز سیاره مشتری,1,36743,0
بیمارستان بهشتی,1,36743,0
اهواز خوزستان خوزستان,1,36743,0
شهرستان استان خوزستان,1,36743,0
منجیل,1,36743,0
منجیل رشت,1,36743,0
کالیفرنیا پکن جهان,1,36743,0
اردستان,1,36743,0
اردستان جاده اردستان کاشان و اردستان نايین ونیز انارک شرق اصفهان,1,36743,0
سیستان و بلوچستان سیستان,1,36743,0
ری ری ری,1,36743,0
استان کشور,1,36743,0
اراک کویر مرکزی,1,36743,0
شهر سامرا,1,36743,0
خراسان مشهد,1,36743,0
ایران عربستان,1,36743,0
حرم رضا حرم حسین,1,36743,0
شهر خوز,1,36743,0
تالاب گاوخونی اصفهان اصفهان اصفهان,1,36743,0
شاهین جنوب کشور سیستان و بلوچستان,1,36743,0
بهار,1,36743,0
دنیای دروغها,1,36743,0
روستای جاسک شرق هرمزگان جاسک روستای منطقه جاسک,1,36743,0
شهرستان زابل شهرستان زابل,1,36743,0
کرج هشتگرد,1,36743,0
زابل استان,1,36743,0
خانه صحرای طبس,1,36743,0
مشهد مشد دولخ,1,36743,0
مشهد خوزستان,1,36743,0
بزرگراه امامعلی,1,36743,0
کویر شیراز یزد کرمان,1,36743,0
نمک ارومیه,1,36743,0
منتشر دریاچه ارومیه,1,36743,0
تالاب هامون دریاچه ارومیه,1,36743,0
سیستان زابل سیستان سیستان,1,36743,0
استان قزوین دشت قزوین,1,36743,0
دریاچههای طشک بختگان و مهارلو,1,36743,0
دریاچههای بختگان بختگان هورالعظیم,1,36743,0
کوههای رودبار نی ریز بختگان,1,36743,0
بختگان بختگان,1,36743,0
کوه گنو,1,36743,0
شیراز بختگان اباده طشک مرکز بختگان,1,36743,0
ایران بختگان هامون شادگان گاوخونی,1,36743,0
دریاچه ی بختگان,1,36743,0
تالابهای گاوخونی جازموریان طشک پریشان بختگان مسیله دریاچه نمک قم ارژن مهارلو چال ابهای مرکزی و جنوبی ایران,1,36743,0
نخلستان بنداروز دشتستان بوشهر,1,36743,0
شهرستان بختگان نی ریز استهبان شهرستان بختگان,1,36743,0
جنوب فرق تابستان,1,36743,0
استهبان داراب دریاچه شوربخت بختگان,1,36743,0
تالاب استراتژیک بختگان ایران,1,36743,0
گاوخونی هامون بختگان جازموریان,1,36743,0
بختگان پریشان ارژن کافتر وط شت ک استان فارس,1,36743,0
دریاچههای فارس دریاچه ی بختگان غرب اسیا,1,36743,0
فارس بختگان طشت ک کافتر پریشان ارژن,1,36743,0
استان فارس شهرستان بختگان,1,36743,0
غرب جزیره قشم,1,36743,0
اتوبان قم,1,36743,0
جاده قدیم قم,1,36743,0
له گیوچان,1,36743,0
هورالعظیم ارومیه,1,36743,0
تالاب فارس بختگان فارس,1,36743,0
دریاچه هامون بختگان پریش گان مهارلو,1,36743,0
زاینده بختگان مهارلو ارومیه هامون,1,36743,0
دریاچه پریشان بختگان,1,36743,0
ارومیه زاینده بختگان هامون ایران,1,36743,0
دریاچههای قم میقان اراک هامون بختگان,1,36743,0
سد درودزن سیوند و ملاصدرا دریاچه بختگان رودخانههای کر و سیوند,1,36743,0
دریاچه دریاچه بختگان شیراز,1,36743,0
دریاچه بختگان ایران ایران,1,36743,0
مرودشت زرقان شیراز ابریز بختگان,1,36743,0
بختگان مرودشت ارسنجان زرقان بانش,1,36743,0
بختگان استان فارس,1,36743,0
زمین کره زمین کره زمین,1,36743,0
دریاچه بختگان استان فارس بختگان استان فارس,1,36743,0
تالاب گاوخونی دریاچه هامون بختگان طشک جازموریان,1,36743,0
جهان زر جوب رشت سراوان رشت تالاب انزلی,1,36743,0
تالاب ابکنار بندر انزلی تالاب ابکنار بندر انزلی استان گیلان تالاب تالاب ابکنار انزلی,1,36743,0
تالاب ابکنار بندر انزلی تالاب ابکنار بندر انزلی استان گیلان,1,36743,0
تالاب ابکنار بندر انزلی تالاب تالاب ابکنار انزلی,1,36743,0
تالاب ابکنار بندر انزلی استان گیلان,1,36743,0
دریاچه اورمو تالاب انزلی ازر بایجان,1,36743,0
انزلی کلایه,1,36743,0
پل چوبی ابکنار تالاب انزلی,1,36743,0
تالاب انزلی شیرگاه,1,36743,0
تالاب انزلی گردنه حیران دریاچه عروس حلیمه جان,1,36743,0
دریاچه خشک بختگان استان فارس,1,36743,0
شیراز شیراز شیراز دریاچه بختگان,1,36743,0
گاوخونی هورالعظیم,1,36743,0
جاده فسا و داراب بختگان,1,36743,0
دریاچه بختگان شک نی ریز ارسنجان,1,36743,0
زاینده هورالعظیم هاز فارس اهواز زاگرس,1,36743,0
شهرستان بختگان استان فارس,1,36743,0
ایران شهرستان بختگان,1,36743,0
تالاب خشک بختگان تالاب طشک,1,36743,0
ارومیه بختگان پریشان,1,36743,0
دریاچه سوان دریاچه بختگان تالاب گاوخونی,1,36743,0
پارک ملی بم استان پارس,1,36743,0
کویر بختگان,1,36743,0
دریاچه هامون بختگان گاوخونی پریشان اذربایجان,1,36743,0
بختگان دریاچه دریاچه تکه,1,36743,0
تالابهای شادگان هورالعظیم پریشان بختگان جازموریان هامون,1,36743,0
کعبه تخت جمشید مهارلو کوه سرخ جنگل ارسنجان بختگان,1,36743,0
ارومیه هورالعظیم هامون بختگان ایران ارومیه,1,36743,0
بختگان شهرستان نی ریز اباده طشک ارومیه,1,36743,0
دریاچه ارومیه زاینده کویر دریاچه بختگان ا فارس,1,36743,0
بختگان گاوخونی طشک ارژن,1,36743,0
دریاچه بختگان طشک و پریشان,1,36743,0
فارس ترک ارومیه ارومیه ارومیه,1,36743,0
ارومیه شمالغرب ایران,1,36743,0
ارومیه بختگان جازموریان,1,36743,0
زاینده رودمن گاوخونی هامون بلوچ بختگان فارس ایران,1,36743,0
پناهگاه حیات وحش بختگان استهبان,1,36743,0
سد سیوند استان فارسه پاسارگاد تالاب بختگان,1,36743,0
عسلویه خشک بختگان عسلویه,1,36743,0
تالاب ابکنار بندر انزلی استان گیلان تالاب تالاب ابکنار انزلی,1,36743,0
تالاب المللی بختگان,1,36743,0
سد سیوند دریاچه بختگان فارس,1,36743,0
سد درودزن استان فارس بختگان بختگان,1,36743,0
دریاچه بختگان طشک استان فارس شهر بختگان,1,36743,0
دشت پاسارگاد بختگان,1,36743,0
سد سیوند دریاچه بختگان و طشک,1,36743,0
ایران تالاب گاوخونی شادگان هور بختگان ارومیه و هامون,1,36743,0
بختگان فارس تنگ صیاد چهارمحال,1,36743,0
پریشان بختگان مرداب انزلی,1,36743,0
تالاب انزلی ونکوور,1,36743,0
فارس بختگان,1,36743,0
محور فاروق خرامه منطقه حفاظت بختگان استان فارس,1,36743,0
دریاچه بختگان دشت کربال خرامه کرب ال خرامه,1,36743,0
جازموریان گاوخونی بختگان,1,36743,0
چشت,1,36743,0
سرخس شمال شرق کشور سرخس ایران,1,36743,0
پایگاه الاسد,1,36743,0
سیستان و بلوچستان اهواز,1,36743,0
بغداد جاده فرودگاه زمین لاس وگاس,1,36743,0
شهرهای اندیمشک اهواز ایذه بندر بهبهان حمیدیه خرمشهر دزفول سوسنگرد,1,36743,0
دلی بجک بویراحمد,1,36743,0
اصفهان سیبری اصفهان اصفهان اصفهان اصفهان,1,36743,0
تالاب بختگان طشک,1,36743,0
تالاب انزلی سفید زرجوب تالاب رودخانههای زرجوب و گوهررود رشت,1,36743,0
بختگان هورالعظیم,1,36743,0
حیفا تالاب انزلی,1,36743,0
رشت تالاب انزلی تالاب بهشت,1,36743,0
تالاب انزلی گیلان گیلان ایران,1,36743,0
استان تالاب انزلی,1,36743,0
تالاب انزلی شمال ایران,1,36743,0
زر جوب رودخانه شهر رشت تالاب انزلی دریای خزر گوهر رود جهان,1,36743,0
تالاب المللی انزلی شمال ایران,1,36743,0
گلستان تالاب انزلی دریای خزر,1,36743,0
بندرانزلی دریای خزر تالاب انزلی,1,36743,0
تالاب زیبای انزلی,1,36743,0
بندر عباس بختگان,1,36743,0
تالاب بندر انزلی انزلی,1,36743,0
تالاب خبر,1,36743,0
انزلی تالاب ببین,1,36743,0
منطقه دریاچه بختگان,1,36743,0
اصفهان گاوخونی گاوخونی دریاچه بختگان اباده طشت فارس,1,36743,0
فارس دریاچه بختگان اباده استان فارس دریاچه ایران ایران دشت ارژن باتلاق گاوخونی ایران ایران,1,36743,0
بختگان کویر خشکه,1,36743,0
بختگان جازموریان دریاچه پریشان,1,36743,0
حوضه ابریز طشک بختگان مهارلو شیراز دریای خزر شیراز,1,36743,0
بختگان هورالعظیم گاوخونی ارومیه زمین ایران جنوب البرز دریاهای ازاد شرق زاگرس شرق کشور,1,36743,0
هوره ای بزگی ارومیخ بختگان سرباز گاوخونی هورالعظیم,1,36743,0
بختگان مهارلو هیرمند پریشان گاوخونی,1,36743,0
تالاب انزلی گیلان تالاب ابکنار استان گیلان بندر انزلی,1,36743,0
دریاچه ارومیه تالاب گاوخونی خوزستان,1,36743,0
ابم کاریش دریاچه میریخت,1,36743,0
کلیسای نوتردام پاریس دریاچه ارومیه کلیسای پاریس,1,36743,0
تپه اهرنجان شمال غرب دریاچه ارومیه شمال غرب شهر سلماس کوی فرهنگان ایران,1,36743,0
شمال غرب کشور دریاچه ارومیه,1,36743,0
دریاچه ارومیه فارس رودخانه اصفهان,1,36743,0
کویر دماوند دریاچه ارومیه تبریز ارومیه,1,36743,0
اصفهان خوزستان تهران دریای خزر ایران دریاچه ارومیه,1,36743,0
دنیای ارومیه دریاچه ارومیه,1,36743,0
دریاچه ارومیه زاگر ش مرداب انزلی,1,36743,0
دریاچه ارومیه اصفهان تهران,1,36743,0
دریاچه چیتگر ارومیه چیتگر ارومیه,1,36743,0
کویر دریاچه ارومیه ایکی ساعت گمی گوزلیردیخ اسفالت کورپو اولمازیدی,1,36743,0
ارومیه دریاچه گاو گوسفند طویله دریاچه ارومیه روستا طبارما اذربایجان غرب,1,36743,0
دریاچه ارومیه ترک فارس تهران یزد قم دریاچه عینالی تبریز,1,36743,0
دریاچه ارومیه دریاچه رضايیه استانهای اذربایجان شرق و غرب و نامی بهنام ارومیه اذربایجان غرب استان ش طبارما شرق تبریز,1,36743,0
ur mia ارومیه,1,36743,0
دریاچه ارومیه اغ رب زنجان شمال همدان جنوب گیلان و قزوین تهران دریاچه ارومیه,1,36743,0
ایران خطه دریاچه ارومیه,1,36743,0
دریاچه ارومیه کشور قفقاز,1,36743,0
دریاچه چیچست ارومیه زاگرس,1,36743,0
دریاچه ارومیه تهران کرج همدان,1,36743,0
دریاچه ارومیه و گولون,1,36743,0
دریاچه ارومیه دریاچه حرفش,1,36743,0
دریاچه ارومیه کشور زاگرس,1,36743,0
دریاچه ارومیه بلوط م تپه ی نری ده کشور eror,1,36743,0
دریاچه ارومیه خوزستان بندرعباس کرمانشاه,1,36743,0
تونل کانی سیب دریاچه ارومیه,1,36743,0
دریاچه ارومیه مرداب انزلی زاگرس هامون,1,36743,0
دریاچه ارومیه دریاچه ایران,1,36743,0
یری وار دیاخ دریاچه ارومیه,1,36743,0
ایران زاگرس دریاچه ارومیه خزر کشور ایران ایرانه ایرانه,1,36743,0
تالاب حویزه تالاب فلاحیه هور العظیم دریاچه ارومیه,1,36743,0
اذربایجان غرب دریاچه ارومیه سد دریاچه,1,36743,0
دریاچه ارومیه تالاب گاوخونی اصفهان دریاچه پریشان دریاچه بختگان تالاب شادگان هورالعظیم,1,36743,0
دریاچه ارومیه دریاچه مصنوعی چیتگر دریاچه اتوبان رد تهران,1,36743,0
ایران زمین دریاچه ارومیه,1,36743,0
استانهای اذربایجان غرب و شرق گیلان و مازندران دریاچه ارومیه استانهای گیلان و مازندران تهران,1,36743,0
هرمزگان اهواز اصفهان دریاچه ارومیه,1,36743,0
اذربایجان غرب دریاچه ارومیه خوی,1,36743,0
دریاچه ارومیه جنوب غرب و غرب و مرکزی ایران,1,36743,0
دریاچه ارومیه دریاچه نمک,1,36743,0
دریاچه ارومیه تبریز تبریز,1,36743,0
دریاچه ارومیه استانهای غرب,1,36743,0
دریاچه ارومیه اذربایجان غرب ازربایجان,1,36743,0
ایران دریاچه ارومیه زاگرس,1,36743,0
اذربایجان شرق دریاچه ارومیه,1,36743,0
دریاچه ارومیه زاگرس ایران ایران,1,36743,0
استان تورک دریاچه ارومیه ارومیه فلات ایران,1,36743,0
اذربایجان شرق غرب ایران دریاچه ارومیه,1,36743,0
سقز بوکان دریاچه ارومیه تبریز,1,36743,0
نود ارومیه دریاچه ارومیه,1,36743,0
دریاچه ارومیه دریاچه نمک قم ارومیه,1,36743,0
دریاچه وان سوان دریاچه ارومیه,1,36743,0
گلی دریاچه ارومیه خلیج فارس عربی فاس,1,36743,0
دریاچه ارومیه ایران دریاچه ارومیه تالاب بختگان,1,36743,0
خاورمیانه دریاچه ارومیه جهان خاورمیانه ایران,1,36743,0
اذربایجان ایرانه دریاچه ارومیه اذربایجان,1,36743,0
دریاچه ارومیه نی لر,1,36743,0
دریاچه ی ارومیه خزر,1,36743,0
دریاچه ارومیه نخ شک ایران,1,36743,0
دریاچه طبیعی ارومیه دریاچه مصنوعی چیتگر تهران,1,36743,0
زاگرس دریاچه ارومیه دریاچه ارومیه,1,36743,0
مشکین شهر شرق استان اذربایجان شرق دریاچه ارومیه,1,36743,0
مهارلو بختگان حوض سلطان دریاچه ارومیه,1,36743,0
کرمان دریاچه ارومیه,1,36743,0
دریاچه ی ارومیه زنجان,1,36743,0
زرینه سیمینه دریاچه ارومیه دریاچه ارومیه ایران,1,36743,0
زرینه سیمینه دریاچه ارومیه دریاچه ارومیه ایران دریاچه ارومیه,1,36743,0
دریاچه ارومیه زاگرس منفی زاگرس رودخانه زاگرس دریاچه ارومیه,1,36743,0
دریاچه ارومیه تبریز تبریز بوشهر بندرعباس تبریز کرمان اصفهان شیراز,1,36743,0
ارسباران دریاچه ارومیه رود ارس تبریز,1,36743,0
دریاچه وان دریاچه سوان دریاچه ارومیه,1,36743,0
دریاچه ارومیه ایران پریشان طشتک ارژن بختگان,1,36743,0
دریاچه ارومیه دریاچه دریاچه ارومیه,1,36743,0
ایران دریاچه ارومیه سیستان بلوچستان,1,36743,0
ارومیه دریاچه سریمین اوزوزه,1,36743,0
کویر ارومیه دریاچه ارومیه,1,36743,0
دریاچه ارومیه چطوری,1,36743,0
دریاچه ارومیه صحرای ارومیه,1,36743,0
دریاچه ارومیه دریاچه ون دریاچه ارومیه,1,36743,0
دریاچه ارومیه دریاچه ارومیه دریاچه وان,1,36743,0
دریاچه ارومیه خورشیدی,1,36743,0
دریاچه ارومیه ایران ایران دریاچه ارومیه ایران,1,36743,0
دریاچه ارومیه گر,1,36743,0
تبریز دریاچه ارومیه دریاچه ارومیه,1,36743,0
فلات مرکزی ارومیه فلات مرکزی حومه دریاچه ارومیه,1,36743,0
جازموریان کرمان گاوخونی اصفهان پریشان فارس دریاچه ارومیه,1,36743,0
ایران دریاچه ارومیه خوزستان ایلام کرمانشاه,1,36743,0
دریاچه ارومیه خرابه,1,36743,0
اقلیم ارومیه وان,1,36743,0
اصفهان زاینده پل خواجه,1,36743,0
ارومیه اصفهان,1,36743,0
دریاچه ارومیه گتوند,1,36743,0
دریاچه ارومیه بهشت,1,36743,0
دریاچه ارومیه کاظم داشی,1,36743,0
ون,1,36743,0
دریاچه ارومیه تالاب انزلی هورالعظیم ماخشک سد دز سد مارون کرخه,1,36743,0
دریاچه ارومیه زاینده قانعیم,1,36743,0
جاده ارومیه اشنویه راهی اغبلاق روستای دیزج ابشار سوله دوکل افرودی دریاچه دالامپر,1,36743,0
پل قویون روستای بند ارومیه دریاچه ارومیه,1,36743,0
دریاچه ارومیه هور خوزستان یزد چهارمحال,1,36743,0
دریاچه ارومیه تالاب ارومیه درشمال غرب کشور,1,36743,0
اره مانژادپرستی دریاچه ارومیه ماخشک زو,1,36743,0
زمین دریاچه ارومیه,1,36743,0
مازندران گلستان دریاچه ارومیه,1,36743,0
دریاچه ارومیه زاینده اب تهران,1,36743,0
دریاچه ارومیه عربستان,1,36743,0
اتوبان ارومیه تبریز رد دریاچه ارومیه,1,36743,0
دریاچه ارومیه زاگرس مرکزی,1,36743,0
دریاچه ارومیه جنوب ایران,1,36743,0
پور,1,36743,0
دریاچه بختگان ارومیه فارس,1,36743,0
دریاچه ارومیه زاگرس تالاب بندرانزلی,1,36743,0
دریاچه ارومیه خوزستان سیستان اراک خراسان,1,36743,0
کوردی دریاچه ارومیه,1,36743,0
شهر غرب شرق کشور ارومیه اصفهان خوزستان,1,36743,0
جزیره اسپیر دریاچه ارومیه,1,36743,0
دریاچه ارومیه دجله,1,36743,0
چهارمحال دریاچه ارومیه,1,36743,0
اره دورو ور دریاچه ارومیه برلین,1,36743,0
دریاچه ارومیه استان خوزستان,1,36743,0
دریاچه ارومیه دریای کجاس دریاچه ارومی,1,36743,0
دریاچه ارومیه استان چهارمحال,1,36743,0
دریاچه ارومیه تالاب نوروزلو روستای ابراهیم مهدی,1,36743,0
دریاچه رضايیه ارومیه,1,36743,0
ارومیه دریاچه کشورم,1,36743,0
دریاچه ارومیه ابش,1,36743,0
دریاچه ارومیه کوهستان گوکنی چوسان اقیانوس اطلس اسکیم قطب شمالن سیبری,1,36743,0
دریاچه ارومیه منطقه گا,1,36743,0
دریاچه ارومیه استان اذربایجان غرب,1,36743,0
دریاچه ارومیه دریاچه شهداد,1,36743,0
ارومیه مهاباد نقده اشنویه مراغه دریاچه ارومیه,1,36743,0
دریاچه ی ارومیه ی شوره,1,36743,0
اسیا دریاچه ارومیه,1,36743,0
دریاچه ارومیه گیلان مازندران تهران تبریز اردبیل کرمانشاه سنندج تهران,1,36743,0
ارومیه خاکش,1,36743,0
ارومیه اب فوی,1,36743,0
دریاچه ارومیه کرمان اذربایجان,1,36743,0
جغرافیا ارومیه,1,36743,0
جاده تالاب گاوخونی دریاچه ارومیه,1,36743,0
دریاچه خزر خزر دریاچه ارومیه,1,36743,0
ارومیه زیبا دریاچه ارومیه,1,36743,0
دریاچه ارومیه و قم دریاچههای سیستان,1,36743,0
استانهای اردبیل مایه اردبیل اذربایجان غرب باکو ارس خشکه دریاچه ارومیه,1,36743,0
الاسکا دریاچه ارومیه,1,36743,0
دریاچه دریا اقیانوس ارومیه,1,36743,0
اذربایجان غرب دریاچه خشک ارومیه,1,36743,0
mi دریاچه ارومیه,1,36743,0
جوان ارومیه دریاچه سیلوانا,1,36743,0
دریاچه ارومیه شهر رد,1,36743,0
سانفرانسیسکو پل دریاچه ارومیه پل دریاچه خاک,1,36743,0
دریاچه ارومیه دا,1,36743,0
دریاچه ارومیه اصفهان کرمان,1,36743,0
دریاچه ارومیه سد گتوند,1,36743,0
دریاچه ارومیه کویر,1,36743,0
دریای خزر دریاچه ارومیه زاینده رود کارون,1,36743,0
خلیج فارس دریاچه ارومیه خزر,1,36743,0
دریاچه ارومیه نمک هامون,1,36743,0
دریاچه ارومیه دریای خزر دریاچه ارومیه دریاچه ارومیه,1,36743,0
دریاچه ارومیه دریاچه نمک قم کوه زاگرس,1,36743,0
جهان زمین دریاچه ارومیه,1,36743,0
دریاچه ارومیه کوه البرز دریای مازندران,1,36743,0
دریاچه نمک ارومیه دریاچه نمک خوزستان کور دلان غرب,1,36743,0
شرق دریاچه مارمیشو غرب دریاچه ارومیه جنگلهای سردشت شهرم,1,36743,0
دونبش دریاچه ارومیه,1,36743,0
دریا ارومیه دریاچه ارومیه,1,36743,0
دریاچه شواهد تالاب دریاچه ارومیه,1,36743,0
دریاچه ارومیه ابادان,1,36743,0
دریاچه ارومیه قور اقی,1,36743,0
دریاچه ارومیه هورالعظیم دریاچه بختگان سد ملاصدرا سیوند دریاچه قم حوض سلطان,1,36743,0
دریاچه ارومیه فلات ایران خورستان ایران,1,36743,0
ارومیه ارومیه کلیسای مریم کلیسای مار سرگیز دریاچه سیلوانا,1,36743,0
دریاچه ارومیه شمال غرب کشور استانهای گیلان و مازندران,1,36743,0
دریاچه شهر تبریز ارومیه اصفهان,1,36743,0
ارومیه دریاچه سینا,1,36743,0
دریاچه پریشان دریاچه ارومیه,1,36743,0
دریاچه ارومیه تالاب گاوخونی هورالعظیم دریاچه خزر,1,36743,0
خوشک دریاچه ارومیه,1,36743,0
جنوب ایران و ارومیه دریاچه ارومیه,1,36743,0
دریاچه ارومیه خلیج فارس جنوب ارومیه,1,36743,0
دریاچه ارومیه استان فارس سیستان و بلوچستان قم,1,36743,0
اذربایجان فارس فارس دریاچه ارومیه,1,36743,0
دریاچه گریت سالت لیک دریاچه ارومیه,1,36743,0
خلیج کویر کرمان اصفهان ی ارومیه,1,36743,0
دریاچه ارومیه هورالعظیم هامون گاوخونی,1,36743,0
دریاچه ارومیه برمودا,1,36743,0
ایران دریاچه ارومیه خلیج جنوب ایران,1,36743,0
المو نته دریاچه ارومیه,1,36743,0
ارومیه خلیج فارس خزر خارک ورامین زنجان,1,36743,0
دریاچه ارومیه دریاچه کالیفرنیا,1,36743,0
دریاچه خزر دریاچه ارومیه دریاچه ارومیه دریای خزر دریای خزر دریاچه ارومیه دریاچه ارومیه خزر,1,36743,0
ایران تهران استان اذربایجان شرق و غرب دریاچه ارومیه تهران,1,36743,0
دنیا دریاچه ارومیه وسعت ارومیه,1,36743,0
خوزستان تهران ارومیه,1,36743,0
شمال ایرانیم شمال غرب ایران دریاچه ارومیه,1,36743,0
لام صب دریاچه ارومیه,1,36743,0
رضايیه ارومیه,1,36743,0
هله گور دریاچه ارومیه,1,36743,0
تبریز خوزستان نیمه خشک ارومیه,1,36743,0
کوه دریاچه ارومیه نمایه,1,36743,0
دریاچه نمکد اونیکی ارومیه,1,36743,0
بنده دریاچه ارومیه,1,36743,0
ارومیه مال غرب فلات مرکزی,1,36743,0
دریاچه ارومیه دریاچه پلا دریاچه ارومیه دریاچه ارومیه,1,36743,0
اجداد ترک دریاچه ارومیه,1,36743,0
گلی اردبیل دن ارومیه دریاچه سین سن بلیرسن ایران,1,36743,0
دریاچه ارومیه جهان ایران,1,36743,0
دریای هویج دریاچه ارومیه,1,36743,0
هری دریاچه ارومیه,1,36743,0
نمک ای دریاچه ارومیه,1,36743,0
دریا جه ارومیه دریاچه ارومیه,1,36743,0
دریاچه ارومیه دریاچه پریشان بختگان ترکان پور,1,36743,0
دریاچه ارومیه کربلا,1,36743,0
ایران دریاچه ارومیه خوزستان خلیج فارس,1,36743,0
دریای خزر خلیج فارس دریاچه ارومیه دریاچه قم,1,36743,0
شهرهای اهواز و عبادان بیمارستان دانشگاه,1,36743,0
اونور م دریاچه ارومیه,1,36743,0
ارومیه دریاچه زو,1,36743,0
دریاچه ارومیه روستای پدری,1,36743,0
باکو دریاچه ارومیه,1,36743,0
دریاچه ارومیه روستای نعمت الله اذربایجان شرق دریاچه ارومیه,1,36743,0
مکریان جنوب دریاچه ارومیه سردشت نقده شاهین دژ تکاب میاندواب اشنویه بوکان پیرانشهر مهاباد جنوب استان ا غ,1,36743,0
ایران کویر لوت مرکزی بیابان ایران جهان دریاچه ارومیه,1,36743,0
سیستان بلوچستان خوزستان دریاچه ارومیه کردستان ایران,1,36743,0
دریاچه ارومیه کربلا لطف دجله و فرات,1,36743,0
جنگلهای زاگرس ه دریاچه ارومیه شرف,1,36743,0
هار هار هار دریاچه ارومیه,1,36743,0
دریاچه ارومیه ایران ایران جهان ایران,1,36743,0
دریاچه ارال دریاچه ارومیه دریاچه بالخش,1,36743,0
دریاچه ارومیه دریاچه بیفرهنگ,1,36743,0
ایران دریاچه ارومیه ایران بختگان زاگرس هیرکانی جازموریان هامون,1,36743,0
دریاچه مظلوم بختگان دریاچه ارومیه,1,36743,0
دریاچه ارومیه ایران ساختمان اردبیل,1,36743,0
دریاچه ارومیه چاه ویل,1,36743,0
دریاچه ارومیه ایران خاي ینلرین لرینین,1,36743,0
دریای خزر دریاچه ارومیه دریاچه ارومیه,1,36743,0
دریاچه ارومیه چیچست چیچست اتورپاتکان,1,36743,0
ایران دریاچه ارومیه جهان جهان,1,36743,0
دریاچه خشک ارومیه ایران,1,36743,0
دریاچه ارومیه دریاچه صباحی,1,36743,0
سکس بنجامین مندی دریاچه ارومیه,1,36743,0
تهران تهران دریاچه ارومیه,1,36743,0
شهرکرد کوهرنگ ایران دریاچه ی ارومیه پنجاه تبریز,1,36743,0
ارومیه دریاچه اب,1,36743,0
جهان شهر همدان سیستان و بلوچستان دریاچه ارومیه,1,36743,0
دریاچه ارومیه کریدور اذربایجان نخجوان,1,36743,0
ایران دریاچه ارومیه قزوین اروپا,1,36743,0
کویر ارومیه,1,36743,0
کلانشهر تبریز رودخانه تلخ جاری دریاچه ارومیه,1,36743,0
دریاچه ارومیه دریاچه مانده جاکشا,1,36743,0
خلیج فارس یزد خزر سمنان اهواز اصفهان دریاچه ارومیه,1,36743,0
اونور م دریاچه ارومیه ایران,1,36743,0
دریاچه ارومیه ایران دریاچه ارومیه ایران,1,36743,0
ارومیه تبریز قم,1,36743,0
ایران دریاچه ارومیه تالاب انزلی,1,36743,0
خوزستان کرمان چهارمحال وبختیاری کهگیلویه وبویراحمد هرمزگان دریاچه ارومیه ایران,1,36743,0
دریاچه ارومیه استانهای اذربایجان غرب شرق,1,36743,0
خوزستان ابادن خرمشهر ازاد,1,36743,0
کرمانشاه ایلام دریاچه ارومیه سیستان,1,36743,0
جهان تهران جهان ایران,1,36743,0
میدان ونک,1,36743,0
کوه گدوک تهران کرج همدان ایران تهران جهان,1,36743,0
مرکز و شرق کشور غرب و جنوب غرب کشور,1,36743,0
گدوک,1,36743,0
کوههای گدوک,1,36743,0
جاده فیروزکوه,1,36743,0
دریاچه ارومیه کازرون,1,36743,0
الحرمین کربلا,1,36743,0
جنوب المان,1,36743,0
خوزستان سیستان و بلوچستان تهران ایران تهران سیستان و بلوچستان,1,36743,0
جاده ی اهواز ابادان دارخوین و خوزستان,1,36743,0
غرب تالاب انزلی,1,36743,0
عربستان تهران,1,36743,0
برج میلاد برج میلاد,1,36743,0
سد ایلیسو ایران دجله فرات,1,36743,0
تهران تهر,1,36743,0
قم تهران زابل قم,1,36743,0
منزل عشق و تهران,1,36743,0
ابشار سلوک خانه باغ,1,36743,0
استانداری اب و هواترین تهران تپههای عباس,1,36743,0
تبریز ارومیه دریاچە ارومیه,1,36743,0
گلوم دریاچه ی ارومیه,1,36743,0
دریاچه ارومیه دریاچه عظمت,1,36743,0
جاده ی شخمی مراغه هشتگرد دریاچه ارومیه,1,36743,0
بایجان کویر یزد,1,36743,0
استان اذربایجان غرب,1,36743,0
دریاچه ی ارومیه بهشهر,1,36743,0
دریاچه ارومیه شهرکرد خوزستان سیستان,1,36743,0
دریاچه ارومیه اصلاح طلب عجبا,1,36743,0
کویر نمک زار ارومیه دریاچە ارومیه,1,36743,0
دریاچە ارومیه استانهای شمال غرب ایران,1,36743,0
بختیاری دریاچه ارومیه,1,36743,0
دریاچه سد کرج دریاچه ارومیه,1,36743,0
اصفهان دریاچه ارومیه اصفهان اصفهان یزد,1,36743,0
دریاچه ارومیه ارس,1,36743,0
روستاهای ازربایجان جنوبی گلین گيده اغلییاق اورمو گولون دولدوراق دریاچه ارومیه,1,36743,0
فارس ایران اصفهان خوزستان دریاچه ارومیه,1,36743,0
طبیعی دریاچه ارومیه دریاچه ارومیه,1,36743,0
ارومیه دریاچه عب,1,36743,0
دریاچه ارومیه تبریز اسکو اذرشهر,1,36743,0
دریاچه ارومیه مهر,1,36743,0
خوزستان حیاط بزرگ دریاچه ارومیه,1,36743,0
دریاچه ارومیه بو باقرشهر,1,36743,0
ایران دریاچه ارومیه گاوخونی هورالعظیم,1,36743,0
استخر خانه تهران دریاچه ارومیه,1,36743,0
دریاچه ارومیه استانهای کردستان اذربایجان شرق و غرب,1,36743,0
دریاچه قم دریاچه ارومیه و نجف,1,36743,0
تبریز ارومیه دریاچه عملیاتی,1,36743,0
دریاچه ارومیه رودخانه شهرچای,1,36743,0
دریاچه ارومیه سد مهاباد دریاچه عدد,1,36743,0
دریاچه ارومیه ایران اذربایجان اناتولی,1,36743,0
شهر تبری کوههای کوردستان دریاچه ارومیه قره باغی,1,36743,0
تالاب گاوخونی اصفهان دریاچه ارومیه,1,36743,0
تالاب انزلی هورال عضیم خوزستان دریاچه ارومیه باتلاق گاوخونی اصفهان,1,36743,0
دریاچه ارومیه تبریز دریاچه قایق خشک خشکه,1,36743,0
دریاچه ارومیه خوزستان تهران,1,36743,0
تنگ تکاب بهبهان,1,36743,0
تبریز دریاچه مصنوعی ارومیه,1,36743,0
دریاچه ارومیه استارا,1,36743,0
شهر چایی پارک کولر باغه شهر ارومیه کوه سیر سیر ارومیه خوی شهر ارومیه دریاچه ارومیه,1,36743,0
دریاچه ارومیه اذربایجان زنجان دریاچه ارومیه,1,36743,0
دریاچه ارومیه دریاچه نهاتی فارس,1,36743,0
غرب عزیز دریاچه ارومیه,1,36743,0
دریاچه ارومیه بختگان سیستان شیراز,1,36743,0
ارومیه دریاچه وان ارومیه ایران,1,36743,0
اذربایجان دریاچه وان ارومیه,1,36743,0
سس,1,36743,0
تهران دریاچه ارومیه تالاب انزلی دنیا,1,36743,0
ایران دریاچه ارومیه عربستان,1,36743,0
دریاچه ارومیه قاضی پور,1,36743,0
دریاچه وان ارومیه خوزستان,1,36743,0
دریاچه خوشک,1,36743,0
اذراباد ایران دریاچه ارومیه,1,36743,0
دریاچه ی خشک ارومیه,1,36743,0
ارومیه دریاچه خشکه,1,36743,0
دریاچه ارومیه حسینه حسین باکو,1,36743,0
اذربایجان اذربایجان اذربایجان ی ارومیه,1,36743,0
دریاچه ارومیه کویر سگبایجان,1,36743,0
هامون نمک دریاچه ارومیه,1,36743,0
خشکی ارومیه,1,36743,0
دریاچه ارومیه دشت سیستان,1,36743,0
تبریز دنیا پرشیا ایران دریاچه ارومیه,1,36743,0
دریاچه ی ارومیه بندر گلمانخانه,1,36743,0
صحرای نوادا اریزونا دریاچه ارومیه,1,36743,0
ایران عثمانی دریاچه ارومیه,1,36743,0
دریاچه ارومیه اذربایجان دریاچه ارومیه تهران,1,36743,0
دریاچه ارومیه سیستان غرب کشور شرق کشور,1,36743,0
دریاچه اب ارومیه,1,36743,0
دریاچه ارومیه دولا رده نارین روغ بیز دییریخ روق دوغوب دریا چیمملی,1,36743,0
ایران دریاچه ارومیه ایران اذربایجان,1,36743,0
تالاب گاوخونی دریا جه بختگان هامون دریاچه ارومیه,1,36743,0
دریاچه ارومیه گیلان گیلان,1,36743,0
کویر اذربایجان دریاچه ارومیه,1,36743,0
دریاچه ارومیه ایشا لا,1,36743,0
الاسکا دریاچه ارومیه ایرانشهر ایران,1,36743,0
دریاچه ارومیه اذربایجان کردستان,1,36743,0
یزد ایران دریاچه ارومیه,1,36743,0
خوزستان شهرکرد همدان دریاچه ارومیه,1,36743,0
دریاچه ارومیه سیبری تالاب گاوخونی جنوب ایران,1,36743,0
طفیل زعفرانیه,1,36743,0
ایران دریاچه ارومیه جهان,1,36743,0
ایران اذربایجان دریاچه ارومیه خوزستان,1,36743,0
دریاچه ارومیه خاورمیانه,1,36743,0
دریاچه ارومیه زاینده بختگان مهارلو هامون,1,36743,0
رفسنجان دریاچه ارومیه,1,36743,0
مصنوعی تهران دریاچه چیتگر دریاچه ارومیه,1,36743,0
دریاچه ارومیه خوزستان ابادان عرب خوزستان,1,36743,0
ایران دریاچه ارومیه اروپا اروپا,1,36743,0
تنگه هرمز دریاچه ارومیه خوزستان سد میناب,1,36743,0
رشت وی دریاچه ارومیه,1,36743,0
خاورمیانه ارومیه,1,36743,0
سد گتوند دریاچه ارومیه,1,36743,0
زنجان دریاچه ارومیه,1,36743,0
اصفهان خوزستان دریاچه ارومیه خزر خلیج فارس ایران کردستان,1,36743,0
ایران جهان دریاچه ارومیه دریای خزر,1,36743,0
کشور دریاچه ارومیه,1,36743,0
دریاچه ارومیه زاینده شادگان هورالعظیم ایران,1,36743,0
رودخانه راین دریاچه ارومیه رودخانه راین,1,36743,0
دریاچه ارومیه قلعه کاظم کاظم داشی,1,36743,0
شهرکرد اهواز,1,36743,0
اذربایجان شرق جاده ارومیه و تبریز,1,36743,0
دریاچه ارومیه شهرکرد ارومیه,1,36743,0
اردبیل دریاچه ارومیه دریاچه وان,1,36743,0
دریاچه ارومیه دریاچه مصنوعی تبریز,1,36743,0
فلات مرکزی لور طبری دریاچه ارومیه لور ستان طبرستان,1,36743,0
ابریز کرخه هورالعظیم دریاچه ارومیه,1,36743,0
دریاچه اشتباه دریاچه وان دریاچه ارومیه,1,36743,0
دریاچه ارومیه بختگان پریشان دریاچه جن,1,36743,0
شمالغرب کشور دریاچه ارومیه,1,36743,0
تبریز ارومیه دریاچه اذربایجان,1,36743,0
دریاچه ارومیه خیابان توویتر کیرشم فاک داپ فاز تلاشم,1,36743,0
دریاچه ارومیه دریاچه دریای خزر,1,36743,0
دریاچه نمک رحمانی,1,36743,0
کویر سمنان منطقه شکی وان شبه تی دریاچه ارومیه دریای خزر,1,36743,0
سد دریاچه ارومیه,1,36743,0
دریاچه ارومیه دهلی,1,36743,0
سردشت ارومیه دریاچه ارومیه,1,36743,0
دریاچه ارومیه غرب شرق,1,36743,0
دریاچه ارومیه هرکی,1,36743,0
دریاچه ارومیه دریاچه وان دریاچه وان دریاچه ارومیه,1,36743,0
ایران ارومیه دریاچه ارومیه,1,36743,0
ایران دریاچه ارومیه اذربایجان جنوب شمال,1,36743,0
دریاچه ارومیه توامان غرب دریاچه انگشت دولت,1,36743,0
دریاچه ارومیه گر غرب کشور,1,36743,0
دریاچه شبه دریاچه ارومیه خاورمیانه,1,36743,0
دریاچه ی ارومیه تبریز,1,36743,0
دریاچه طورک طورک دریاچه ارومیه دریاچه ارومیه استان,1,36743,0
تالاب گاوخونی دریاچه ارومیه,1,36743,0
دریاچه وان دنیا دریاچه ارومیه,1,36743,0
مریوان مریوان,1,36743,0
کشور کیری,1,36743,0
پل دزفول,1,36743,0
کربلا نجف ه,1,36743,0
خوزستان شوش دشت ازادگان,1,36743,0
غرب ایران استانهای ایلام و کرمانشاه,1,36743,0
غرب کرمانشاه,1,36743,0
شهرستان قصرشیرین سرپل ذهاب گیلانغرب کرمانشاه,1,36743,0
دانشگاه هار,1,36743,0
منطقه تهران تل اویو,1,36743,0
اهواز خوزستان تهران,1,36743,0
تهران خوزستان کربلا خوزستان,1,36743,0
بارگاه یزدان,1,36743,0
تهران برج میلاد اهواز,1,36743,0
شهر مهاباد ایران خوزستان,1,36743,0
استان ایلام استان خوزستان,1,36743,0
خوزستان خوزستان استان خوزستان,1,36743,0
اردیبهشت رامهرمز سوسنگرد اهواز ماهشهر امیدیه شوش دزفول نفت شهر و قصر,1,36743,0
مشهد الرضا,1,36743,0
خوزستان هورالعظیم,1,36743,0
تهران قم فرودگاه ره جنوب ورامین جنوب ابک صالحیه استان البرز,1,36743,0
رید اصفهان,1,36743,0
استان خوزستان ایلام,1,36743,0
نیمه جنوبی کرمان,1,36743,0
اهواز خوزستان کربلا,1,36743,0
خوزستان ایلام,1,36743,0
خوزستان غرب ایران,1,36743,0
مهران شهرستان مهران,1,36743,0
شهرستان مهاباد استان اذربایجان غرب,1,36743,0
قصرشیرین قصرشیرین,1,36743,0
غرب کشور جنوب غرب کشور,1,36743,0
ورزشگاه نقش جهان اصفهان,1,36743,0
لطف تهران,1,36743,0
خوزستان تهران مملکت خوزستان تهران,1,36743,0
ایستگاه حمیدیه,1,36743,0
شهرستان بیشترین شوشتر,1,36743,0
شهرستانهای ابادان,1,36743,0
تهران اهواز خوزستان,1,36743,0
استان همدان تهران,1,36743,0
تهران تهران کرج تهران تهران کرج,1,36743,0
تهران قم دریاچه,1,36743,0
کربلا استانهای غرب,1,36743,0
ارومیه کشور خوزستان,1,36743,0
دشت ازادگان استان خوزستان,1,36743,0
غرب ایران استان تهران خوزستان ایلام لرستان کرمانشاه شهر استان کردستان شهر ارومیه البرز همدان,1,36743,0
شهر مرزی مهران,1,36743,0
استان تهران غرب کشور,1,36743,0
خوزستان دزفول,1,36743,0
ایستگاه ارتی ازادی,1,36743,0
ایذه تهران,1,36743,0
استان هاله,1,36743,0
شهرستانهای شوش و اهواز و بندر و سوسنگرد و خرمشهر و ابادان و اندیمشک دزفول و شادگان و شوشتر شهرستان گتوند,1,36743,0
شهرستان هرسین,1,36743,0
مهران استان ایلام,1,36743,0
خوزستان شوش اهواز بندر سوسنگرد خرمشهر ابادان اندیمشک دزفول شادگان شوشتر گتوند,1,36743,0
استان کربلا,1,36743,0
استان وزش جنوب کشور,1,36743,0
استانهای خوزستان ایلام فارس اصفهان همدان مرکزی کرمانشاه و لرستان,1,36743,0
شهر سوسنگرد,1,36743,0
شمال زیبامون جنوب زیبا جنوب کشور,1,36743,0
م تپ توز,1,36743,0
شهر خوزستان اهواز شهرستان اهواز,1,36743,0
استانهای اذربایجان غرب کردستان کرمانشاه ایلام اذربایجان شرق اردب,1,36743,0
بختگان پریشان تشتک کافتر ارژن,1,36743,0
جهان ایران دریاچههای بختگان جازموریان هامون ارومیه,1,36743,0
دریاچههای بختگان جازموریان هامون ارومیه ایران ایران جهان,1,36743,0
بختگان ایران,1,36743,0
بختگان فارس,1,36743,0
گاوخونی بختگان فارس,1,36743,0
مهارلو بختگان,1,36743,0
دریاچههای بختگان و پریشان استان فارس,1,36743,0
بختگان مهارلو,1,36743,0
هور العظیم ایلام گاوخونی قنات قنبراباد جهان جازموریان ارومیه بختگان پریشان مهارلو,1,36743,0
سد سیوند,1,36743,0
خوزستان فارس بختگان,1,36743,0
خوزستان شوش شوش,1,36743,0
شهر خوزستان خوزستان,1,36743,0
شهرهای بندرامام و ماهش,1,36743,0
کوی مندلی اهواز,1,36743,0
کرمانشاه غرب کشور,1,36743,0
بندر ماهشهر دزفول شادگان خرمشهر مشیر اهواز و شوش,1,36743,0
شهر خوزستان شهر خوزستان,1,36743,0
جهان تبریز دریاچه ارومیه,1,36743,0
جنوب غرب خوزستان بیمارستان دانشکده علوم پزشکی ابادان جنوب غرب خوزستان,1,36743,0
مرکز درمانی خوزستان,1,36743,0
خوزستان خوزستان استان خوزستان خوزستان,1,36743,0
پارک ونک,1,36743,0
حمام هالو,1,36743,0
ابادان امیدیه اندیمشک اهواز ایذه بندرامام بهبهان خرمشهر دزفول مشیر شادگان سوسنگرد شوش شوشتر گتوند,1,36743,0
استان ایلام استان خوزستان استان بوشهر,1,36743,0
شهر خوزستان استانهای خوزستان و ایلام خوزستان ایلام,1,36743,0
خوزستان کرخه,1,36743,0
استان اورژانس ایلام,1,36743,0
خوزستان دزفول بهبهان,1,36743,0
استانهای مرزی غرب و جنوب غرب کشور,1,36743,0
غرب و استان کرمانشاه,1,36743,0
شوشتر استان خوزستان,1,36743,0
شهر کربلا,1,36743,0
ایران شهرستان مهر,1,36743,0
تل اویو,1,36743,0
غرب کشور خلیج فارس,1,36743,0
شهر استان خوزستان,1,36743,0
کربلا زمین,1,36743,0
تهران هامون,1,36743,0
تپههای عباس,1,36743,0
مهاباد تهران اهواز سیستان,1,36743,0
شهرستانهای دره شهر ابدانان و مهران ایلام ایلام,1,36743,0
ایران خوزستان سیستان,1,36743,0
تهران شهرهای مرکزی نقاط مرکزی و تهران,1,36743,0
راین خوزستان,1,36743,0
کوه کرکس نطنز نطنز باغ شهر خزان نطنز,1,36743,0
گووگیل تره,1,36743,0
المان اروپا ایران رشت المان,1,36743,0
اسمان ایران,1,36743,0
زمین اروپا,1,36743,0
جهان اهواز اهواز شیراز,1,36743,0
شعاع گاوخونی تالاب گاوخونی ایران,1,36743,0
اسمان غرب کشور,1,36743,0
شوشتر زمین,1,36743,0
طبس باغ گلشن,1,36743,0
ایران مازندران,1,36743,0
محور یزد میبد نايین شرق استان اصفهان,1,36743,0
هورالعظیم خوزستان هورالعظیم,1,36743,0
چوپانان انارک جندق نایین سیمی رم پادنا ددارد اصفهان,1,36743,0
استان اصفهان یزد,1,36743,0
مناطقی نایین استان اصفهان,1,36743,0
جنوب مرکز و شرق کشور,1,36743,0
شهر یاسوج ایران,1,36743,0
خرداد مریوان دریاچه ی زریوار تهران ایران,1,36743,0
تهران دریاچه اورمو,1,36743,0
تهران خوزستان تالاب هور,1,36743,0
غرب تهران و گیلان ترسناک ارومیه,1,36743,0
جنوب خشک هورالعظیم وزارت نفت,1,36743,0
نیمه غرب کشور,1,36743,0
مازندران قايمشهر,1,36743,0
بروجرد استان لرستان استان لرستان شهرستان پلدختر,1,36743,0
نیمه غرب بخشهای مرکزی کشور دامنههای جنوبی البرز,1,36743,0
دیوان,1,36743,0
اسمان کشور,1,36743,0
اسمان کردستان,1,36743,0
هورالعظیم هورالحمر هورا لمرکزی,1,36743,0
شهرستان سبزوار استان خراسان رضوی,1,36743,0
تربت,1,36743,0
استان سال استان ایران,1,36743,0
زیراب مازندران شهر زیراب مازندران,1,36743,0
شهر لرستان,1,36743,0
کوهدشت رومشکان پلدختر دورود و بروجرد,1,36743,0
ابشار نیاگارا,1,36743,0
ستاد بحران,1,36743,0
جل ز ولز,1,36743,0
تهران غرب کشور,1,36743,0
ساعت شنی ن هههههخخخخ,1,36743,0
کربلا نجف کربلا نجف,1,36743,0
رشت استان یزد زاینده یزد استان یزد غرب استان یزد,1,36743,0
جنوب شرق کشور استان,1,36743,0
خوزستان خوزستان غرب مرکزی و جنوبی خوزستان,1,36743,0
غرب و جنوب غرب ایران,1,36743,0
اوراسیا,1,36743,0
دورود بروجرد,1,36743,0
استان پنجشنبه و جمعه,1,36743,0
اهواز سیستان,1,36743,0
میدان نفتی اذر جنوب ایران,1,36743,0
ایلام تهران,1,36743,0
کاظمین,1,36743,0
زابل استان سیستان و بلوچستان زابل,1,36743,0
استان طوفان,1,36743,0
خوزستان شون شهر اهواز استان تهران تهران جهان,1,36743,0
استان اصفهان اصفهان بیابان دشت سگزی,1,36743,0
امازون امازون,1,36743,0
بقیع مدینه,1,36743,0
خوزستان ایران تهران خوزستان,1,36743,0
کشور نقشی,1,36743,0
قم البرز سمنان تهران و اصفهان,1,36743,0
لرستان استان لرستان,1,36743,0
تهران اهواز اراک سیستان و بلوچستان کرمان ایران,1,36743,0
خوزستان دهدز دهدز,1,36743,0
رکنا,1,36743,0
استان سمنان شهرستان شاهرود,1,36743,0
خوزستان کشور اصفهان خوزستان,1,36743,0
خوزستان خوزستان شوشتر دزفول,1,36743,0
استانهای غرب و جنوب غرب کشور,1,36743,0
شبه جزیره جبیل,1,36743,0
خوزستان خوزستان شوشتر دزفول و ماهشهر,1,36743,0
جنوب غرب و جنوب دجله و فرات ایران,1,36743,0
غرب خوزستان ابادان خرمشهر و دشت ازادگان,1,36743,0
محور نايین میبد یزد,1,36743,0
کرمانشاه همدان ساوه قزوین قم تهران تهران,1,36743,0
قسمت dune تهران,1,36743,0
کرج تهران خوزستان,1,36743,0
تهران استان تهران تهران,1,36743,0
شهر مهران,1,36743,0
حیاط مدرسه,1,36743,0
اهواز کرمانشاه,1,36743,0
تهران استانهای تهران و ایلام,1,36743,0
استان تهران همدان ایلام کردستان خوزستان کرمانشاه,1,36743,0
خوزستان سیستان بلوچستان تهران,1,36743,0
تهران خوزستان سیستان و بلوچستان,1,36743,0
تهران تهران دماوند,1,36743,0
غرب و مرکزی,1,36743,0
خوزستان جنوب کشور,1,36743,0
هورالعظیم شهرستان اهواز,1,36743,0
کشور غرب,1,36743,0
شهر ری اهواز خوزستان,1,36743,0
جاده خرم اندیمشک,1,36743,0
تهران برج میلاد تهران تهران,1,36743,0
دریاچه ارومیه پانت رک,1,36743,0
دریاچه ارومیه خشتک درانی بختگان کافتر و پریشان استان فارس,1,36743,0
اذربایجان غرب شرق دوست دریاچه ارومیه,1,36743,0
دریاچه ارومیه چیتگر,1,36743,0
دریاچه ارومیه دریاچه چیتگر تهران کوه پایه ی البرز,1,36743,0
دریاچه ارومیه بناب چای قند,1,36743,0
باغ فارس دریاچه ارومیه,1,36743,0
دریاچە ارومیه زاگرس,1,36743,0
خوزستان دریاچه ارومیه,1,36743,0
تهران جاده گذر دریاچه ارومیه دریاچه ارومیه,1,36743,0
دریاچه ارومیه کوردی دوما دریای خزر دریاچه ارومیه,1,36743,0
دریاچه ارومیه مشهد,1,36743,0
اذربایجان ارومیه دریاچه ارومیه ارومیه,1,36743,0
دریاچه ارومیه جاده دریا بندر شراب خانه شرف,1,36743,0
ارومیه دریاچههای پریشان باتلاق گاوخونی,1,36743,0
ایران دریاچه ارومیه پریشان,1,36743,0
دریاچه ارومیه ایران تبریز زنجان قزوین کرج تهران کردستان کرمانشاه لرستان ایلام همدان اردبیل قم,1,36743,0
دریاچه ارومیه دریای خزر دریای خزر,1,36743,0
دریاچه ارومیه کویر ایران,1,36743,0
پل گذر دریاچە ارومیه,1,36743,0
ارس دجله فرات سد بوکان دریاچه ارومیه تبریز دریاچه میخواهی ابریز ارومیه,1,36743,0
دریاچه ارومیه استان اذربایجان شرق,1,36743,0
دریاچه ارومیه پان,1,36743,0
یزد دریاچه کردها دریاچه ارومیه ایران,1,36743,0
دریاچه ارومیه شیراز شیراز,1,36743,0
دریاچه ارومیه میانبر دریاچه دونیم تقسیم,1,36743,0
دریاچه ارومیه مانده,1,36743,0
دریاچه صحرای ارومیه,1,36743,0
دریای دریاچه ارومیه,1,36743,0
دریاچه ارومیه دریاچه ارومیه دریای دریاچه ارومیه دریای ازاد,1,36743,0
ارومیه پیرانشهر,1,36743,0
ایران دریاچە ارومیه,1,36743,0
دریاچه ارومیه شهرستان سقز دریاچه ارومیه سقز یزد کرمان,1,36743,0
دریاچە ارومیه تبریز,1,36743,0
ارومیه دریاچە ارومیه ارومیه هامون,1,36743,0
دجله دریاچه ارومیه ایران دریاچه ارومیه,1,36743,0
حوضه ابریز ارومیه دریاچه طوفان نمک استان,1,36743,0
بختگان دریاچه ارومیه,1,36743,0
تالاب گاوخونی دریاچه ارومیه گاوخونی,1,36743,0
فلات مرکزی ایران دریاچه ارومیه,1,36743,0
دریاچه وان دریاچه ی ارومیه دریاچه ی ارومیه,1,36743,0
دریاچه گل دریاچه ارومیه,1,36743,0
زاهدان کرمان ارومیه دریاچه ارومیه,1,36743,0
دریاچه ارومیه دریاچه کاسپین ارومیه تبریز ارومیه,1,36743,0
سد لتیان سد کرج دریاچه ارومیه,1,36743,0
ارومیه دریاچه مارمیشو,1,36743,0
چاه عمیق باغ مون ارومیه دریاچه ارومیه,1,36743,0
ارومیه دریاچه سیمینه,1,36743,0
جنگل سراوان گیلان دریاچه ارومیه,1,36743,0
حوضه سیروان تونل ی ابریز ارومیه دریاچه ارومیه,1,36743,0
دریاچه ارومیه ارومیه اذربایجان ایران,1,36743,0
دریاچه ارومیه خاور میانه,1,36743,0
ارومیه تبریز اتوبان ارومیه تبریز,1,36743,0
دریاچه ارومیه گاوخونی هامون مهارلو جازموریان,1,36743,0
دریاچه ارومیه بختگان طشک فارس استان فارس,1,36743,0
بختگان طشک ارژن دریاچه ارومیه دریاچه ارومیه,1,36743,0
دریاچه ارومیه رد دریاچه وان ارومیه,1,36743,0
ترکی,1,36743,0
دریاچه اشک ارومیه تبریز,1,36743,0
زاینده گاوخونی دریاچه ارومیه,1,36743,0
اذربایجان کردستان دریاچه ارومیه ایران اذربایجان,1,36743,0
دریاچه ارومیه رودخانه کرج جاجرود سد کرج سد لتیان و امیرکبیر,1,36743,0
زاینده خشک دریاچه ارومیه,1,36743,0
دریای خزر گردنه حیران رد اردبیل تبریز دریاچه ارومیه دریای خزر دریاچه ارومیه,1,36743,0
دریاچه ارومیه ایران ایران دریاچه ارومیه,1,36743,0
دریاچه ارومیه زرینه سیمینه اذربایجان شرق,1,36743,0
دریاچه سیصد ارومیه,1,36743,0
دریاچه ارومیه ازر بایجان کردستان سیمیتقو ماتر که خشک گوری,1,36743,0
رکه ماشهر فارس استان فارس,1,36743,0
ارومیه غرق,1,36743,0
دریاچه چیتگر دریاچه سرشاخههای دریاچه ارومیه تهران,1,36743,0
دریاچه ارومیه هاپولی اذربایجان,1,36743,0
اذربایجان ایران دریاچه ارومیه دریاچه ارومیه دریاچه بختگان مهارلو هامون گاوخونی ارومیه,1,36743,0
دریاچه ارومیه ترک,1,36743,0
هتل باری ارومیه,1,36743,0
دریاچه ارومیه دریاچه سیستان بلوچستان,1,36743,0
دریاچه ارومیه انتالیا,1,36743,0
دریاچه ارومیه تبریز تبریز دریاچه تبریز,1,36743,0
دریاچه ارومیه سد کرخه,1,36743,0
ارومیه دریاچه ارومیه ارومیه,1,36743,0
پل میانگذر دریاچه ی ارومیه,1,36743,0
فارس ارومیه,1,36743,0
منطقه ارومیه دریاچه ارومیه,1,36743,0
باکو ارس دریاچه ارومیه,1,36743,0
دریاچه ارومیه دریای خزر تالاب انزلی,1,36743,0
اذربایجان استان دریاچه ارومیه,1,36743,0
هامون بختگان ارومیه دریاچه بختگان هامون منطقه اذربایجان,1,36743,0
ارومیه سد دریاچه دروغ ارومیه,1,36743,0
ابریز بختگان ارومیه ارومیه,1,36743,0
استان فارس استان اصفهان دریاچه بختگان مهارلو ارومیه گاوخونی,1,36743,0
منطقه اذربایجان دریاچه ارومیه خوزستان,1,36743,0
دریاچه ارومیه دریاچه هامون و پریشان دریاچه بختیاری,1,36743,0
تالاب دریاچه و دایمی پریشان ایران دریاچهها ارومیه,1,36743,0
ارس منطقه پارس مغان استان منتفع دریاچه ارومیه اذربایجان استان اردبیل دریاچه ارومیه,1,36743,0
دریاچه ارومیه بازار اغزی تبریز بازار اغزی,1,36743,0
ارومیه دریاچه ربطی بندر شرفخانه,1,36743,0
ارومیه تبریز ارومیه,1,36743,0
دریاچه ارومیه استان دورش,1,36743,0
خزر ارومیه دریاچه ارومیه دشت قزوین,1,36743,0
دریاچه ارومیه پل میانگذری ارومیه پل میانگذر استان فارس اذربایجان,1,36743,0
دریاچه ارومیه کردار,1,36743,0
دریاچه ارومیه دریاچه ار,1,36743,0
ارومیه دریاچه ارومیه دریاچه محمل,1,36743,0
دریاچه بختگان سد سیوند شهرستان پاسارگاد بختگان دریاچه بختگان پارک بختگان ی ارومیه,1,36743,0
جلگه حاصلخیز خوستان خشک دریاچه ارومیه,1,36743,0
بهروز دریاچه ارومیه,1,36743,0
ترکستان دریاچه ارومیه ایران,1,36743,0
جهان چم,1,36743,0
جاده ارومیه تبریز حسنلو سد جر بوکان و مهاباد,1,36743,0
اذربایجان ارس دریاچه ارومیه,1,36743,0
دریای کاسپین دریاچه ارومیه دریای کاسپین,1,36743,0
اصفهان دریاچه ارومیه ارومیه,1,36743,0
برهوت ارومیه نمک وسطاشه,1,36743,0
دریا چا وان خاش,1,36743,0
دریاچه ارومیه دریاچههای وان و سوان,1,36743,0
دریای دریاچه وان و ارومیه,1,36743,0
دریاچه ارومیه ایران دنیا شمالغرب ایران,1,36743,0
فارس دریاچه ارومیه ارومیه دریاچه ارومیه,1,36743,0
دریاچه ازادراه تبریز ارومیه,1,36743,0
دریاچه رضايیه شهر ارومیه,1,36743,0
دریاچه ساوه تهران تهران اسفالت ارال ارومیه,1,36743,0
اذربایجان تبریز ارومیه,1,36743,0
خزر دریاچه ارومیه دریای کاسپین,1,36743,0
خلیج فارس بختگان ارژن طشک فارس,1,36743,0
سد دریاچه ی ارومیه,1,36743,0
مملکت دریاچه ارومیه اذربایجان,1,36743,0
بای جان عبادان دریاچه ارومیه,1,36743,0
ارومیه دریاچه ارومیه اذربایجان دریاچه ارومیه,1,36743,0
شاش اسین بوکان تبریز دریاچه ارومیه تبریز,1,36743,0
استان اذربایجان دریاچه ارومیه ارومیه تبریز دریاچه ارومیه,1,36743,0
دریاچه ارومیه اصفهان خوزستان,1,36743,0
استانهای اذربایجان غرب و شرق,1,36743,0
دریاچه ارومیه معدن کار ابجو,1,36743,0
اذربایجان دریاچه ارومیه تبریز اردبیل ارومیه,1,36743,0
بناب شیر دریاچه ارومیه قباد لو قباد لو,1,36743,0
دریاچه ارومیه شهرهای کوردی,1,36743,0
دریای خزر دریاچه ارومیه دریاچه ارومیه دریاچه ارومیه,1,36743,0
دریاچه ارومیه بو گون دامار لارما دولاشان بو قان,1,36743,0
دریاچه ارومیه کارا,1,36743,0
ارومیه پل میانگذر ارومیه,1,36743,0
دریاچه ارومیه شهر ارومیه تیریز نقده دریاچه ارومیه,1,36743,0
ایران خوزستان ارومیه,1,36743,0
ارومیه دریاچه ارومیه تبریز ارومیه,1,36743,0
دریاچه ارومیه کویر ستان ماله کشای اردوغان اذربایجان مون سو,1,36743,0
دریاچه ارومیه دریاچه ترک ایران,1,36743,0
دریاچه ارومیه نقاله p,1,36743,0
اذربایجان دریاچە ارومیه تبریز اردبیل ارومیه,1,36743,0
دریاچه ارومیه شهرهای ارومیه تبریز و میاندواب,1,36743,0
منطقه هروی تبریز روستای لیقوان دریاچه ارومیه,1,36743,0
یزد دریاچه ارومیه ایران فارس فارس,1,36743,0
دریاچه ارومیه زاگرس تالاب انزلی,1,36743,0
جزیره خوشحال دقیقه ارومیه,1,36743,0
شهرهایی ارومیه تبریز میاندواب و نقده,1,36743,0
کوس کش اذربایجان دریاچه مال تبریز ارومیه,1,36743,0
دنیا ارومیه,1,36743,0
غرب دریاچه ارومیه دریاچه ارومیه,1,36743,0
دریاچه ارومیه حمام,1,36743,0
فارس عرب ایران دریاچه ارومیه,1,36743,0
کویر تهران دریاچه چیتگر دریاچه ارومیه دریاچه ارومیه,1,36743,0
دریاچه ارومیه مرکزی فارس,1,36743,0
اذربایجان دریاچه ارومیه ایران اذربایجان ایران,1,36743,0
دریاچه ارومیه اصفهان یزد دریاچه ارومیه,1,36743,0
دریاچه ارومیه ایران ایران دریاچه دریاچه ارومیه استان اذربایجان غرب,1,36743,0
جازموریان دریاچه ارومیه,1,36743,0
ایران دریاچه ارومیه منطقه اذربایجان,1,36743,0
دریاچه ارومیه سرسبز ه,1,36743,0
دریاچه ی ارومیه قاضی,1,36743,0
باغ هامون,1,36743,0
شمال غرب دریاچه ارومیه پارتی,1,36743,0
دریاچه ارومیه اویان تورک اویان,1,36743,0
خلیج گر حورالعظیم سک کرج لتیان دز دریاچه ارومیه,1,36743,0
ارال ارومیه ارومیه,1,36743,0
دریاچه ارومیه شمالغرب سال,1,36743,0
ایران تخت جمشید دریاچه ارومیه,1,36743,0
دریاچه سالی,1,36743,0
ایران دریاچه ارومیه سیستان و بلوچستان جنوب خوزستان ایران,1,36743,0
ایران دریاچه ارومیه شمال جنوب و شرق غرب درد,1,36743,0
دریاچه کوردا دریاچه ارومیه,1,36743,0
دریاچه ارومیه ایران خوزستان لرستان,1,36743,0
نقده دریاچه ارومیه,1,36743,0
تبریز دریاچه,1,36743,0
اذربایجان دریاچه ارومیه ارومیه تبریز ایران ایران,1,36743,0
دریاچه ارومیه فلات ایران,1,36743,0
خاچ توسرت کارا دریاچه ی ارومیه,1,36743,0
دریاچه ارومیه دریاچه ارومیه ایران ایران,1,36743,0
دریاچههای هامون بختگان طشک و پریشان مهارلو ایران ارومیه,1,36743,0
دریاچه بختگان ارومیه تهران,1,36743,0
دریاچه ارومیه ساری,1,36743,0
دریاچه ارومیه تهران تهران,1,36743,0
دریاچه جان دریاچه ارومیه نب مه,1,36743,0
انکارا دریاچه ارومیه ایران دریاچه ارومیه ایران,1,36743,0
تهران دریاچه ی ارومیه,1,36743,0
ارال دریاچه ارومیه,1,36743,0
دریاچه ارومیه پشمام,1,36743,0
هورالعظیم زاینده هامون تالاب انزلی دریاچه ارومیه تهران,1,36743,0
ایران ایران ارومیه,1,36743,0
خانه یمان دریاچه ارومیه,1,36743,0
دریاچه ارومیه دریاچه ارومیه استانهای اذربایجان شرق وغرب اردبیل زنجان کردستان,1,36743,0
دریاچه ارومیه ایران دریاچه ارال,1,36743,0
دریاچه ارومیه دریاچه خشک دوما ایران ایران,1,36743,0
دریاچه ارومیه دریاچه ارومیه اب اذربایجان دریاچه ارومیه,1,36743,0
دریاچه چیتگر دریاچه ارومیه ایران,1,36743,0
دریا چمون هورالعظیم دریاچه رضايیه ارومیه ایران,1,36743,0
دریاچه ارومیه ایران دریاچه ارومیه هامون جازموریان,1,36743,0
دریاچه ارومیه جاده ارومیه,1,36743,0
سوس,1,36743,0
شهرستان ازادشهر,1,36743,0
شهرستان بجنورد,1,36743,0
دبی امارات ایران,1,36743,0
کامفیروز مرودشت,1,36743,0
کامفیروز شهرستان مرودشت,1,36743,0
جنگلهای درازن کردکوی,1,36743,0
قم خوزستان ازاد تهران قم خوزستان اهواز,1,36743,0
نوشهر غرب مازندران,1,36743,0
قلعه گلاب بهبهان,1,36743,0
زمین منابع,1,36743,0
خانه دریاچه ارومیه دریاچه ارومیه,1,36743,0
رودبارک کلاردشت,1,36743,0
شهرستانه,1,36743,0
منطقه زیدون استان خوزستان,1,36743,0
مادربزرگ,1,36743,0
مرکزی و شرق استان,1,36743,0
سیاهکل رودبار,1,36743,0
رحمت و نقل رودبار,1,36743,0
ایران قهدریجان کشاورز اصفهان اصفهان,1,36743,0
جهان دنیا خزر,1,36743,0
کشور ایران جهان,1,36743,0
ایران خوزستان جهان,1,36743,0
عربستان بیابان کوه,1,36743,0
منطقه ازاد ارس,1,36743,0
رودخانه سفیدرود گیلان,1,36743,0
رودخانه سفیدرود منطقه سالستان استانه اشرفیه,1,36743,0
باغ چا اکی,1,36743,0
جهان نمای گلستان,1,36743,0
روستای پدری,1,36743,0
ایران ایران خوزستان استانهای خلیج فارس,1,36743,0
منطقه گچساران,1,36743,0
لنده استان کهگیلویه وبویراحمد کوه سفید,1,36743,0
گراش,1,36743,0
ایران ایران ایران ایران ایران ایران ایران,1,36743,0
خاور میانه منهتن وال استریت,1,36743,0
منطقه زرشک چال درازن شهرستان کردکوی,1,36743,0
جنگل گلستان,1,36743,0
امامزاده هزارمنزل کردکوی,1,36743,0
دراز استان گلستان منطقه کردکوی استان گلستان,1,36743,0
ن امامزاده هزارمنزل کردکوی,1,36743,0
منطقه کردکوی,1,36743,0
مریوان ایران,1,36743,0
منطقه کوه نیر بویراحمد,1,36743,0
دراز ن امامزاده منزل کردکوی,1,36743,0
خوی کوه بوز سینه ارومیه,1,36743,0
ایران جهان غرب شرق عالم,1,36743,0
استان ایلام شهرک صنعت شبب نهالستان گل محمدی پارک خرم شهرستان چرداول,1,36743,0
شهر زنوز,1,36743,0
مرند جلفا شهرستان مرند,1,36743,0
تهران منطقه سولقان تهران جاده میدان بهاران غرب تهران,1,36743,0
سرب,1,36743,0
حمیدیه حمیدیه شهر ستالله,1,36743,0
فارس گیلک تهران,1,36743,0
اروپا بورلی هیلز,1,36743,0
اهر,1,36743,0
معدن گهرزمین,1,36743,0
رودخانه شیث,1,36743,0
روستای شالما سالی,1,36743,0
شهر کابل دوبی,1,36743,0
ساحل پارسیان,1,36743,0
بختیاری اصفهان,1,36743,0
وبوم دغ ه دغ,1,36743,0
استانهای کهگیلویه وبویراحمد گیلان چهارمحال وبختیاری اصفهان اذربایجان غرب اردبیل,1,36743,0
جاده لنگرود چاف بهنام,1,36743,0
استان کوردستان ارومیه سنندج کرمانشاه ایلام سیستان و بلوچستان ایران,1,36743,0
جهان جهان جهان جهان جهان جهان جهان جهان,1,36743,0
اق دره,1,36743,0
زمین دماوند,1,36743,0
کاشان ک بلوار ارتش,1,36743,0
جزیره ابوموسی,1,36743,0
چهارمحال فولاد اصفهان کاشی یزد چهارمحال روستای میانرودان مال اصفهان,1,36743,0
اقلیم اقلیم کردستان,1,36743,0
رودخانه سرچشمههای کوهرنگ باتلاق گاوخونی اصفهان کوهرنگ چهارمحال,1,36743,0
رودخانه سرچشمه تالاب گاوخونی,1,36743,0
منا هل خاورمیانه جهان,1,36743,0
کوه ری ری,1,36743,0
توده خاندوز ازادشهر پارک جنگلی النگدره گر مبارک مینودشت و اق سو کلاله,1,36743,0
نیویورک سیتی,1,36743,0
نهر خواری بهبهان,1,36743,0
شهر بهبهان,1,36743,0
ایران زاگرس خوزستان,1,36743,0
شمال کشور دلتا شمال غرب نیگر,1,36743,0
سیاهکل و رودبار,1,36743,0
سنندج اباده بلوچستان زاگرس بلوچستان,1,36743,0
خلیج فارس امارات,1,36743,0
شهر علویجه اصفهان,1,36743,0
نروژ نروژ,1,36743,0
اهر کلیبر ورزقان,1,36743,0
قسطنطنیه قسطنطنیه شرق,1,36743,0
قضاییه بستر چالوس,1,36743,0
نانو,1,36743,0
تبریز یزد کرمان اصفهان خوزستان سیستان اذربایجان,1,36743,0
اقلیم کردستان جهان,1,36743,0
جهان زاینده منطقه فریدن اصفهان اصفهان ایران,1,36743,0
کره کره ایران ایران,1,36743,0
پردیسان مرجعیت,1,36743,0
منطقه سیاهرود,1,36743,0
مس سونگون اذربایجان جنوبی,1,36743,0
جهان جهان دنیا دنیا,1,36743,0
سونگون,1,36743,0
قسطنطنیه شرق مدیترانه,1,36743,0
دریاچه کشور وان سوان و ارومیه,1,36743,0
دریاچه ارومیه رود ی هراز مازندران مازندران ارومیه,1,36743,0
ایران فارس فارس دریاچه ارومیه هورالعظیم,1,36743,0
سیستان و بلوچستان رودخانه هیرمند دریاچه هامون ایران نمکزار ارومیه زار تهران,1,36743,0
شهرستان پاسارگاد,1,36743,0
کوههای بلاغی شهرستان قرقبان,1,36743,0
منطقه حفاظت چلاو درجاده هراز,1,36743,0
زرشک راز جر گلان,1,36743,0
کازرون جنوب غرب شهرستان کازرون,1,36743,0
کف ستان شهرستان,1,36743,0
دانشکده کشاورزی منابع,1,36743,0
اهک,1,36743,0
زاگرس خلیج فارس اصفهان یزد,1,36743,0
شهریار منجیل,1,36743,0
گم جهان,1,36743,0
مازندران ایران ایران خانه ملک مازندران,1,36743,0
جنوب و غرب فارس,1,36743,0
باغ گل معجزه دبی دنیا,1,36743,0
پردیس مرکزی,1,36743,0
جنوب خلیج فارس شمال خلیج فارس,1,36743,0
جاده حسینی الهاشمی منابع طبیعی دزد مجتمع میخواهی حسین الهاشمی جر,1,36743,0
سنندج ابدر سنندج,1,36743,0
روستای زیار,1,36743,0
استان زمین,1,36743,0
تنگه رغز داراب استان فارس,1,36743,0
دریاچه ارومیه اورمی گولی سسلی,1,36743,0
زاگرس دریاچه ارومیه تهران,1,36743,0
ایران دریاچه ارومیه تالاب انزلی هورالعظیم ایران,1,36743,0
دریاچه ارومیه بانمک مازندران گیلان,1,36743,0
استانهای اذربایجان دریاچه ارومیه ارومیه اذربایجان,1,36743,0
سد دریاچه ارومیه ایران,1,36743,0
دریاچه ارومیه دریاچه ارومیه اب اذربایجان,1,36743,0
دریاچه ارومیه سیستان خوزستان مازندران ایران,1,36743,0
دریاچه صاحب ارومیه,1,36743,0
دریاچه ارومیه داغی اذربایجان,1,36743,0
دریاچه ارومیه دریاچه تهران,1,36743,0
ایران دریاچه ارومیه جازموریان بختگان گاوخونی هورالعظیم,1,36743,0
خوزستان ارومیه خوزستان دریاچه ارومیه,1,36743,0
ارومیه پیرانشهر کردستان تبریز,1,36743,0
ارومیه شمال چالوس,1,36743,0
دریاچه ارومیه مترمکعب,1,36743,0
اذربایجان دریاچه ارومیه ایران,1,36743,0
دوبی دریاچه ارومیه,1,36743,0
دریاچه ارومیه رک,1,36743,0
اذربایجان شهرهایی تبریز و ارومیه,1,36743,0
دریاچه ارومیه کشور خزرستان دریای کاسپین ناحیه اذربایجان,1,36743,0
اذربایجان دریاچه ارومیه اتاق نشات دریاچه ارومیه استان فارس,1,36743,0
دریاچه ارومیه جاده دریاچه,1,36743,0
پل دریاچه ی ارومیه اروپا,1,36743,0
دریاچه ارومیه بازار اغزی تبریز بازار اغزی تقاطع و عطایی ارومیه چهارراه شریعتی اردبیل سبزه میدان زنجان میدان حسین تهران,1,36743,0
دریاچه ارومیه شهر ارومیه,1,36743,0
استانهای خوزستان کردستان سیستان و بلوچستان ایران,1,36743,0
دنیای,1,36743,0
دنیا خاورمیانه جهان,1,36743,0
بوشهر ایران دنیا,1,36743,0
دریاچه سد,1,36743,0
شهرستان متخلفان,1,36743,0
شهرک مسکن مهر گیلاوند,1,36743,0
جنگلهای کامفیروز مرودشت,1,36743,0
نیر,1,36743,0
ممسنی,1,36743,0
کوه نیر منطقه کوه نیر,1,36743,0
کوه نیر بویراحمد,1,36743,0
ابدر سنندج,1,36743,0
کوه نیر,1,36743,0
بویراحمد,1,36743,0
شهرستانهای چرام وبویراحمد,1,36743,0
شهرستانهای چرام و بویراحمد,1,36743,0
استان محروم خوزستان ایران بوشهر ایران ایران ایران ایران بلاد شاپور دنا,1,36743,0
ایران منابع طبیعی هشتگرد,1,36743,0
دریاچه زریبار,1,36743,0
منطقه چپرقویمه گنبدکاووس,1,36743,0
مرتع منابع طبیعی گلستان,1,36743,0
شهرستان عنبراباد,1,36743,0
سد خداافرین,1,36743,0
خاورمیانه دنیا,1,36743,0
کوه نیر شهرستان,1,36743,0
سنندج بهراس,1,36743,0
پارک جنگلی ابدر,1,36743,0
گیسوم شهرستان,1,36743,0
ایران ایالات متحده,1,36743,0
ایران ایرانه,1,36743,0
منطقه کفت گله بوتاه سوسن شهرستان ایذه,1,36743,0
روستای اوغول بیک روستای اوغول بیک شهرستان تکاب,1,36743,0
استان خوزستان خوزستان خوزستان اصفهان,1,36743,0
ایران مملکت ایران,1,36743,0
کرمانشاه ایلام ایران,1,36743,0
ایران تهران ملک ری,1,36743,0
منابع طبیعی گیلان,1,36743,0
سد کوه فساد,1,36743,0
مهاباد ایران,1,36743,0
شهرستان شیراز,1,36743,0
روستای وسکاره رودهن,1,36743,0
روستای وسکاره,1,36743,0
روستای چناران رودهن روستای چناران رودهن شهرستان دماوند,1,36743,0
قزل,1,36743,0
توبی,1,36743,0
استان گلستان منطقه مینودشت,1,36743,0
زباله,1,36743,0
خلیج فارس خلیج عرب ی,1,36743,0
دانشکده هتل ازاده قدیما,1,36743,0
موزه منابع طبیعی,1,36743,0
روستای روشنکوه مازندران,1,36743,0
دریاچه ارومیه تالاب انزلی مازندران خوزستان تهران خلیج فارس کیش ایران بلوچستان کردستان,1,36743,0
دریاچه ارومیه ایران خاورمیانه,1,36743,0
زمین دریاچه ارومیه ایران,1,36743,0
گوز کی دریاچه ارومیه,1,36743,0
پل گذر دریاچه ی ارومیه بهشت,1,36743,0
دریاچه ارومیه منطقه کویر,1,36743,0
دریای خزر کاسپین دریاچه ارومیه,1,36743,0
هورالعظیم دریاچه ارومیه اذربایجان,1,36743,0
مهاباد ارومیه دریاچه ارومیه,1,36743,0
ایران ایران شرق دریاچه ارومیه کویر یزد میبد روستاهای نطنز و کاشان,1,36743,0
دریاچه ارال دریاچه ارومیه,1,36743,0
دریاچه ارومیه کرمانشاه,1,36743,0
ایران دریاچه ارومیه دریاچه ارومیه اذربایجان غرب,1,36743,0
دریاچه ی سیلوانا ارومیه,1,36743,0
ایران دریاچه ارومیه بختگان گاوخونی رودخانه زاینده,1,36743,0
حیدر لوی سیر مزرعه جاده سلماس روستای گلمرز دریاچه ارومیه,1,36743,0
کره زمین دریاچه ارومیه,1,36743,0
سبلان دریاچه ارومیه هورالعظیم ایران ایران,1,36743,0
دریاچه ارومیه قلعه بابک,1,36743,0
دریاچه ارومیه بردیا سعادت,1,36743,0
زرینه کردستان کردستان صحرا کردستان دریاچه ارومیه ازر بایجان تبریز,1,36743,0
گورو دولار نقد,1,36743,0
پیاده گتدیم سوا چاتامادیم گچن ایلر بولار هامسی سوییدی دریاچه ارومیه,1,36743,0
خلیج فارس دریای مازندران دریاچه ارومیه مهارلو گاوخونی,1,36743,0
دریاچه ارومیه خوزستان هرمز دریاچه خزر,1,36743,0
دریاچه ارومیه دریاچه میشوری,1,36743,0
جنوب تهران دریاچه قدیمی باستان ری دریاچه ارومیه,1,36743,0
دریاچه ارومیه نمکش رضا,1,36743,0
دریاچه ارومیه دریاچه کردستان,1,36743,0
دریاچه ارومیه قم اراک,1,36743,0
اصفهان تبریز دریاچه ارومیه,1,36743,0
دریاچه هامون ارومیه هامون ایران,1,36743,0
دریاچه ارومیه کرج,1,36743,0
دریاچه ارومیه شت اورخون صحرای گبی مغولستان,1,36743,0
ارومیه مازندران,1,36743,0
سراوان خوزستان اصفهان دریاچه ارومیه,1,36743,0
دریاچه ارومیه ارس دریاچه ارومیه,1,36743,0
دریاچه هامون,1,36743,0
دریاچه برو ارومیه رشت,1,36743,0
دریاچه ارومیه دریاچههای بختگان استان فارس,1,36743,0
ساحل شرق دریاچه ارومیه,1,36743,0
دریاچه دریاچه ارومیه سیستان اذربایجان,1,36743,0
کره زمین دریاچه ارومیه شرق اصفهان,1,36743,0
دریاچههای فارس دریاچه ارومیه,1,36743,0
سنندج خزر دریاچه ارومیه,1,36743,0
a دریاچه ارومیه,1,36743,0
دریاچه ارومیه ارسباران,1,36743,0
مهاباد و بوکان دریاچه ارومیه,1,36743,0
دریاچه ی ارومیه مسعود میرزایی,1,36743,0
دریاچه ارومیه سد مهاباد مهاباد دریاچه ارومیه دریاچه ارومیه,1,36743,0
گول دریاچه ارومیه دی قیز,1,36743,0
دریاچه ارومیه بهشهر تبریز,1,36743,0
دریاچه ارومیه تبریز ارومیه اردبیل تبریز,1,36743,0
تبریز دریاچه ارومیه دریاچه استان اذربایجان,1,36743,0
ارم,1,36743,0
ارومیه شیرازی,1,36743,0
ارومیه دریاچه ارومیه شیراز نمک,1,36743,0
دریاچه وان خلیج فارس دریاچه ارومیه,1,36743,0
اصفهان تهران دریاچه ارومیه,1,36743,0
دریاچه ارومیه جاده چمنا دریاچه ارومیه,1,36743,0
شمال ارومیه قلعه سنگی قلعه کاظم خان کلیسای مریم,1,36743,0
دریاچه ارومیه سدسازیهای وار,1,36743,0
دریاچه ارومیه اسراییل,1,36743,0
دریاچه ارومیه دریاچه ارومیه استانهای اذربایجان شرق و اذربایجان غرب و اردبیل زنجان قزوین کردستان همدان,1,36743,0
دریاچه ارومیه پریشان گاوخونی بختگان,1,36743,0
ارومیه مال سند ش بهنام دریاچه ارومیه خلیج فارس خزر اروند زاگرس ایران,1,36743,0
چیچست هامون دریاچه ارومیه,1,36743,0
دریاچه ارومیه هورالعظیم ران بندان خوزستان ارومیه,1,36743,0
مدرسه ارومیه,1,36743,0
سد کرج دریاچه ارومیه,1,36743,0
دریاچه ارومیه دریاچه ارومیه خاورمیانه جهان,1,36743,0
روستاهای تسوج بهنام قره تپه ساحل دریاچه ارومیه,1,36743,0
دریاچه ارومیه دریاچه کاسپین,1,36743,0
غرب تبریز تبریز دریاچه ارومیه,1,36743,0
دریاچه ارومیه زرینه سیمینه تبریز ه تبریزیا تورکن یقه نژاد تانا ک,1,36743,0
دریاچه ارومیه باشکاسینا گولمه باشیوا گلر بوردا دیمیشلر,1,36743,0
دریاچه مارمیشو ارومیه,1,36743,0
بهشت ارومیه دریاچه مارمیشو,1,36743,0
سن گدیب دریاچه ارومیه نین یانندا اغلا بیراز چوخالسین گوزیاشلاری,1,36743,0
دریاچه ارومیه دریاچه وان عثمانی,1,36743,0
زیست ارومیه,1,36743,0
ارومیه دریاچه ی ارومیه,1,36743,0
ع ا ارومیه سینی لر ایل قاباخ دییمی,1,36743,0
پایش وحش جزایر دریاچه ارومیه,1,36743,0
ابریز دریاچه ارومیه,1,36743,0
دریاچه درصدش,1,36743,0
ایران ایران تالاب شادگان حورالعظیم دریاچه پریشان ارومیه گاوخونی میانکاله,1,36743,0
اذربایجان ایران دریاچه ارومیه,1,36743,0
تالاب درگه سنگی جنوب دریاچه ارومیه شهر نقده اذربایجان غرب فروردین,1,36743,0
ایران دریاچه ارومیه اذربایجان,1,36743,0
دریاچه ارومیه اردبیل ایران,1,36743,0
دریاچه ارومیه تهران کرج مشهد,1,36743,0
تالاب هورالعظیم دریاچه ارومیه,1,36743,0
هورالعظیم زاگرس دریاچه ارومیه,1,36743,0
دریاچه ارومیه هیروشیما ناگا غرب تهران و کرج شرق دماوند,1,36743,0
تبریز حومه دریاچه ارومیه ارس شمال غرب کشور ایران,1,36743,0
دریاچه سدی ابش پمپاژ دریاچه ارومیه,1,36743,0
نمک دریاچه ارومیه,1,36743,0
دریاچه ارومیه اصفهان اصفهان,1,36743,0
اتوبان کسايی تبریز دریاچه ارومیه دریاچه ارومیه دریاچه ارومیه,1,36743,0
شیراز دریاچه مهارلو گر گیلان جنگلهای اصفهان چار باغش کردستان لرستان ارومیه زنجان اردبیل بندر هرمز چابهار ایرانشهر,1,36743,0
ایران خوزستان شمال غرب کشور دریاچه ارومیه,1,36743,0
دریاچه ارومیه دریای مازندران کاسپین,1,36743,0
دریاچه ارومیه هامون گلوم خشک,1,36743,0
دریاچه ارومیه خوزستان سیستان,1,36743,0
دریاچه نداده ارومیه,1,36743,0
ارومیه ارومیه دریاچه ارومیه ارومیه ارومیه,1,36743,0
هانده گلیر دریاچه ارومیه,1,36743,0
ارومیه دریاچه ارومیه بلوچستان کردستان مازند اران گیلان,1,36743,0
خوزستان اصفهان شیراز دریاچه ارومیه,1,36743,0
دریاچه ارومیه ارومیه ارومیه اذر غرب ارومیه اردبیل تالش,1,36743,0
روستای ساحل دریاچه ارومیه جزیره شاهی نوروزلو کازا خلی کوچه طایفه,1,36743,0
خوزستان دریاچه ارومیه فارس,1,36743,0
زاب ارومیه,1,36743,0
زرینه دریاچه ارومیه,1,36743,0
کیر خزر خلیج فارس دریاچه ارومیه بختگان,1,36743,0
دریاچه رد ارومیه,1,36743,0
دریاچه ارومیه میاندواب,1,36743,0
دریاچه ارومیه زاویه خوی ترک ارس دریاچه ارومیه,1,36743,0
ایران دریاچه ارومیه دریاچه هامون زاینده جهان,1,36743,0
دریاچه ارومیه سیستان فلسطین,1,36743,0
پل دریاچه ارومیه دریاچه واقعه پل خاکریزه,1,36743,0
ایلام غرب دریاچه ارومیه,1,36743,0
ارومیه دریاچه دریای شمار,1,36743,0
دریاچه ارومیه ur mia lake,1,36743,0
شرق دریاچه ارومیه شمال اذرشهر استان اذربایجان,1,36743,0
منطقه ی مغان سمنان ی ارومیه اب اصفهان دریاچه مغان اردبیل اذربایجان,1,36743,0
فراغت دریاچه ارومیه,1,36743,0
دریای ارومیه ایران دریاچه دریا,1,36743,0
دریاچه ارومیه دریاچه مرده,1,36743,0
جاده بجنورد دریاچه ارومیه,1,36743,0
کره دریاچه ارومیه,1,36743,0
اهواز اصفهان دریاچه ارومیه شیراز,1,36743,0
اردبیل دریاچه ارومیه,1,36743,0
ایران جزایر مرحوم دریاچه ارومیه,1,36743,0
امارات ابوموسی دریاچه ارومیه,1,36743,0
دجله دریاچه ارومیه,1,36743,0
پل مموتی دریاچه ارومیه,1,36743,0
تهران پل دریاچه تهران ازادی قله حسن خان,1,36743,0
ایران اصفهان خوزستان دریاچه ارومیه,1,36743,0
دریاچه ارومیه الیهش,1,36743,0
دریاچه نیلگون ارومیه,1,36743,0
بودین دریاچه ارومیه,1,36743,0
ارومیه قاسملو,1,36743,0
نروژ برنت دنیا دریاچه ارومیه,1,36743,0
دریاچه ارومیه تهران دریاچه چیتگر,1,36743,0
دریاچه ارومیه سد لتیان سد کرج تهران,1,36743,0
دریاچه خزر ارومیه قم هامون,1,36743,0
اصفهان دریاچه ارومیه تبریز فارس,1,36743,0
دریاچه ارومیه ایی,1,36743,0
تبریز معدن اذربایجان اذربایجان مناطق مرکزی دریاچه ارومیه,1,36743,0
دریاچه سد شهرچایی ارومیه شهر چایی ارومیه,1,36743,0
شرق و غرب تهران,1,36743,0
روستای وفس زورخانه شنا دریاچه ارومیه,1,36743,0
دریاچه ارومیه جلیلی,1,36743,0
خزر ارومیه دریاچه قم,1,36743,0
روستای لکلر اذربایجان شرق زندگی جنوب دریاچه ارومیه,1,36743,0
دریای خزر دریاچه ارومیه دریای خزر دریای خزر,1,36743,0
داداش ع دریاچه ارومیه,1,36743,0
دریاچه ارومیه مرتیک جقی,1,36743,0
اجیرلی رودخانه ی جیغاتی زرینه تبریز دریاچه ارومیه,1,36743,0
دریاچه ارومیه نمک خیار,1,36743,0
دریای خزر دریاچه ارومیه هورالعظیم زاینده هامون هیرکانی زاگرس خلیج فارس ایران,1,36743,0
دریاچه ارومیه نمکشم,1,36743,0
دریاچه ارومیه تبریز اذربایجان,1,36743,0
دریاچه ارومیه پتروشیمی فولاد,1,36743,0
دریاچه ارومیه اورم دریاچه ارومیه اورم و چول بیابان ارومیه,1,36743,0
صحرای کالاهاری دریاچه ارومیه,1,36743,0
اذربایجان غرب استان دریاچه ارومیه,1,36743,0
دریاچه شهرم ارومیه,1,36743,0
دریاچه ارومیه ایز دت یو,1,36743,0
دریاچه ارومیه کردستان سد منجیل کردستان اردبیل اصفهان خوزستان,1,36743,0
نون دریاچه ی ارومیه,1,36743,0
دریاچه ارومیه اصلش شرفخانه شربخانه,1,36743,0
ایران دریاچه چیچست دریاچه ارومیه ایران زمین,1,36743,0
ارومیه ارومیه اورشلیم ارومیه,1,36743,0
دریاچه ارومیه چیچست بلده,1,36743,0
دریاچه ارومیه میشی عیح عیح,1,36743,0
سد رودخانه حوزه ابخیز ارومیه سد دریاچه ارومیه,1,36743,0
دریاچه ارومیه ram,1,36743,0
دریاچه نمکزار ارومیه,1,36743,0
بغداد دریاچه ارومیه تبریز ارومیه,1,36743,0
اهواز زابل زاهدان,1,36743,0
دریاچه ارومیه دریاچه چپ,1,36743,0
خراسان اصل غرب غرب دریاچه ارومیه,1,36743,0
دریاچهها ارومیه,1,36743,0
دریاچه ارومیه دولا داشا,1,36743,0
ارومیه گوزل دی دریاچه دزد و بیاز حیف اولوب تاناکورا,1,36743,0
شهر سرده شهر ارومیه,1,36743,0
دریاچه رمقی بقا ارومیه,1,36743,0
ارومیه ارومیه دریاچه,1,36743,0
دریاچه ارومیه دریاچه معصومه,1,36743,0
کوهرنگ دریاچه ارومیه کویر لوت,1,36743,0
پل تبریز ارومیه ندانم,1,36743,0
ارومی ایران دریاچه ارومیه,1,36743,0
ارومیه دریای خزر شمال کشور دریاچه ارومیه,1,36743,0
دریای خزر دریاچه ارال ارومیه,1,36743,0
دریاچه ارومیه تهران قم,1,36743,0
دریاچه ارومیه دریای کاسپین,1,36743,0
تالاب دریاچه ارومیه,1,36743,0
شمال غرب ایران دریاچه اسطوره ارومیه شهر سلماس دهکده بهنام خان تخته خان,1,36743,0
سلماس,1,36743,0
تهران ارومیه تهران دریاچه چیتگر دریاچه ارومیه ارومیه,1,36743,0
دریاچه ارومیه منطقه اذربایجان جهان,1,36743,0
دریاچه گهواره دریاچه ارومیه گوی چه گول,1,36743,0
فارس دریاچه ارومیه دریاچه فارس اذربایجان شرق و غرب فارس,1,36743,0
هامون دریاچه ارومیه تالاب انزلی,1,36743,0
ارومیه اصفهان اصفهان اصفهان,1,36743,0
دریاچه ارومیه زنجان دریاچه ارومیه دریاچه ارومیه اذربایجان دریاچه ارومیه زنجان دریاچه ارومیه,1,36743,0
استان یزد دریاچه ارومیه,1,36743,0
دریاچه کردستان کردها ارومیه,1,36743,0
دریاچه ارومیه رضايیه رضايیه تبریز,1,36743,0
دریاچه ارومیه استان سمنان,1,36743,0
دریاچه ارومیه غرب ایران,1,36743,0
خلیج فارسی خلیج فارس دریاچه ارومیه,1,36743,0
ارومیه دریاچه ارومیه ارومیه دریاچه ارومیه اذربایجان,1,36743,0
ایران نمکی دریاچه ارومیه,1,36743,0
دریاچه ارومیه گیلان اصفهان ایرانه ارومیه,1,36743,0
دریاچه ارومیه زیباکلام,1,36743,0
دشت پیرانشهر سد سیلوه دریاچه ارومیه,1,36743,0
دریاچه ارومیه زمین مریخ,1,36743,0
ایران کویر مرکزی ایران زیبا انزلی دریاچه ارومیه جنوب یزد سمنان,1,36743,0
دریاچه ارومیه شمال شرق کشور تهران,1,36743,0
ایران ارومیه دریاچه,1,36743,0
دریاچه ارومیه استان مرور اذربایجان شرق غرب دنیا,1,36743,0
اصفهان ی ارومیه,1,36743,0
اذربایجان غرب دریاچه ارومیه اذربایجان غرب دریاچه ارومیه,1,36743,0
دریاچه ارومیه هزارتا,1,36743,0
دیه گه دریاچه ارومیه صحرای ارومیه,1,36743,0
دریاچه نمک ارومیه اذربایجان,1,36743,0
تبریز میاندواب بناب اذرشهر ایلخچی شبستر گوگان سد بوکان و سقز دریاچه ارومیه,1,36743,0
دریاچه ارومیه مس سونگون,1,36743,0
کلاب هاوس ایران تن دریاچه ارومیه save urumia,1,36743,0
دریاچه ارومیه دریاچه ارومیه دریاچه ایران بختگان تالاب گاوخونی,1,36743,0
دریاچه ارومیه دریاچه خشک اذری استان اردبیل,1,36743,0
دریاچه ارومیه دریای ازاد,1,36743,0
سطل دریاچه ارومیه,1,36743,0
چیتگر ارومیه چیتگر دریاچه ارومیه ارومیه,1,36743,0
دریاچه ی ارومیه دریاچه خشک,1,36743,0
اذربایجان دریاچه ارومیه ریلی تبریز,1,36743,0
دریاچه ارومیه اصفهان ارومیه اصفهان کشور اصفهان,1,36743,0
اصفهان دریاچه ارومیه دریاچه بنی ادم,1,36743,0
دریاچه ارومیه کره زمین,1,36743,0
تبریز دریای چه ارومیه اسراییل ایران ایران ایران,1,36743,0
دریاچە ايل گلی دریاچه ارومیه,1,36743,0
شرق غرب جنوب دریاچه ارومیه,1,36743,0
زاگرس دریاچه ارومیه اصفهان سیستان و بلوچستان یزد کشور کرمان منطقه بختیاری جنوب,1,36743,0
خلیج عربی دریاچه ارومیه جهان,1,36743,0
دریاچه ی خزر ارومیه خلیج فارس,1,36743,0
خلیج فارس دریاچه ارومیه ایران فارس,1,36743,0
دریاچه ارومیه دریاچه ارومیه شمال غرب شمال غرب,1,36743,0
رودخانه دریاچه وسعت ارومیه,1,36743,0
دریاچه ارومیه دریاچه ارومیه گاوخونی بختگان شادگان هورالعظیم,1,36743,0
دریاچه ارومیه کرخه,1,36743,0
ایران دریای کاسپین هورالعظیم دریاچه ارومیه,1,36743,0
دریاچه ارومیه دریاچه ارومیه وان دریاچه ارومیه,1,36743,0
نقده اذربایجان دریاچه ارومیه,1,36743,0
دریاچه ارومیه ایران اصفهان خوزستان,1,36743,0
دریاچه ارومیه راع,1,36743,0
شهر نقده دریاچه ارومیه,1,36743,0
پل رومیخان تبریز دریاچه ارومیه تبریز,1,36743,0
دریاچه ارومیه دریای ارومیه,1,36743,0
دریاچه ارومیه سد سیمینه شهر بوکان بهشهر تبریز میاندواب بناب شیر اذرشهر و ایلخچی احیا تبریز,1,36743,0
دریاچه سهمی دریاچه تورک دریاچه ارومیه سد بوکان,1,36743,0
سد مهاباد سد بوکان دریاچه ارومیه تبریز شهر زاب تونل نقده پیرانشهر,1,36743,0
ارومیه دریاچه لخت,1,36743,0
بندر شرفخانه دریاچه ارومیه,1,36743,0
خانه دریاچه ارومیه,1,36743,0
یاند یریبدلر دریاچه ارومیه,1,36743,0
دریاچه ی ارومیه شهر لندن,1,36743,0
دریاچه ارومیه استخر عینالی اذربایجان اذربایجان,1,36743,0
شمال جنوب کشور مهران رود تبریز شهر چایی ارومیه دریاچه مهمه,1,36743,0
شهرهای ازربایجان دریاچه ارومیه,1,36743,0
ازر بایجان غرب دریاچه ارومیه,1,36743,0
ایران اذربایجان ایران تبریز ارومیه دریاچه ارومیه,1,36743,0
دریاچه ارومیه و ارومیه ایران فارس اذربایجان,1,36743,0
مکعب اب زرینه تبریز زاب دبی سد مهاباد دریاچه ارومیه زرینه تبریز تبریز,1,36743,0
تبریز تبریز دریاچه ارومیه تبریز,1,36743,0
استان اذربایجان دریاچه ارومیه,1,36743,0
دریاچه ارومیه دریاچه دریاچه مصنوعی تبریز دریاچه ارومیه,1,36743,0
ازمیر دریاچه ی ارومیه,1,36743,0
ارومیه دریاچه یغما,1,36743,0
ایران جهان دریاچه ارومیه دریاچه ارومیه ایران,1,36743,0
اذربایجان غرب اذربایجان شرق,1,36743,0
دریاچه ارومیه دریای شمال,1,36743,0
خلیج حیفا دریاچه ارومیه ایران,1,36743,0
خوزستان دریاچه ارومیه بلوچستان,1,36743,0
ارومیه خوزستان خزر سیستان,1,36743,0
دریاچه ارومیه وان وان,1,36743,0
دریاچه ارومیه خلیج العربی,1,36743,0
دریاچه ارومیه شوره دریای شمال شوره,1,36743,0
دریاچه ارومیه استان اذربایجان شرق و غرب,1,36743,0
دریاچه ارومیه خلیج فارس دبی,1,36743,0
دریاچه ارومیه زر,1,36743,0
دریاچه میگفتید ارومیه,1,36743,0
زاینده رودهم دریاچه ارومیه,1,36743,0
دریاچه ارومیه شهر کرج گلستان استان تهران,1,36743,0
نیل دریاچه ارومیه,1,36743,0
دریاچه ی ارومیه نمک دوست,1,36743,0
مرگزنج ان تبریز اردبیل سنندج ارومیه,1,36743,0
دریاچه ارومیه تهران چیتگر اذربایجان اصفهان قم,1,36743,0
شهرستان ارومیه استان اذربایجان غرب,1,36743,0
شهر ترکنشین تبریز خلیج فارس تبریز ارومیه,1,36743,0
دریاچه ارومیه خلیج فارس عرب,1,36743,0
ارومیه دریاچه خیابان میدان ایالت میدان مرکزی شهر,1,36743,0
دریاچه ارومیه شهرهای تبریز و ارومیه,1,36743,0
سد گتوند دریاچه ارومیه ایران,1,36743,0
دریاچه ارومیه مازندران,1,36743,0
دریاچه ارومیه سرزمین ایران,1,36743,0
دریاچه ارومیه پیرانشهر پیرانشهر,1,36743,0
دریاچه گروگان دریاچه ارومیه,1,36743,0
دریاچه ارومیه دریاچه ارومیه تبریز,1,36743,0
رودخانه زرینه میاندواب دریاچه ارومیه تبریز تبریز,1,36743,0
دریاچه ارومیه ایران شمالغرب کشور,1,36743,0
دریاچه ارومیه اذربایجان شرق غرب ایران تهران,1,36743,0
اگرا ینها فدرال دریاچه ارومیه,1,36743,0
کوردی دریاچه ی ارومیه,1,36743,0
دریاچه ارومیه ایران اشغالی ایران,1,36743,0
دریاچه ارومیه دریاچه هاپ ایران,1,36743,0
دریاچه ارومیه هپ,1,36743,0
شمال غرب دریاچه ارومیه دریاچه,1,36743,0
اسکله تاریخی بندر شرفخانه دریاچه ارومیه دریاچه ارومیه,1,36743,0
دریاچه ارومیه ایرانه ایران,1,36743,0
رضايیه دریاچه ارومیه,1,36743,0
دریاچه ارومیه ازر بایجان,1,36743,0
دریاچه ارومیه ارومیه ارومیه,1,36743,0
دریاچه ارومیه شهر تبریز رودخانه زرینه دریاچه ارومیه,1,36743,0
دریاچه ارومیه کویر ایران دریاچه ارومیه,1,36743,0
اذربایجان شرق و غرب اردبیل زنجان اذربایجان شرق,1,36743,0
اسکله تاریخی دریاچه ارومیه اسکله تاریخی تال بندر شرفخانه,1,36743,0
دریاچه ارومیه رودخانههای سیمینه زرینه اجی چای,1,36743,0
شمال غرب دریاچه ارومیه,1,36743,0
تبریز غربه دریاچه ارومیه,1,36743,0
دریاچه ارومیه دریاچه ارومیه رودخانه قزل اوزن,1,36743,0
جهان ارسباران دریاچه ارومیه,1,36743,0
دریاچه ارومیه اروند هورالعظیم,1,36743,0
تبریز دریاچه ارومیه دریاچه ارومیه پارک شهرداری تبریز رودخانه اجی چای دریاچه ارومیه دریاچه ارومیه تبریز,1,36743,0
دریاچه وان ارومیه دریاچه وان دریاچه ارومیه دریاچه وان دریاچه ارومیه,1,36743,0
هورالعظیم دریاچه ارومیه شمال غرب نمک تالاب انزلی,1,36743,0
شمال تل روان,1,36743,0
دریاچه اب ارومیه دریای خزر,1,36743,0
دریاچه ارومیه دریاچه چیتگر اذربایجان شرق کرمان,1,36743,0
المان جهان دریاچه ارومیه اذربایجان,1,36743,0
دریاچه ارومیه دریاچه وان دریاچه وان,1,36743,0
چوسان گوری ا رودربیا,1,36743,0
نقده مهاباد تومه اباد ارومیه,1,36743,0
شهر تبریز سد بوکان دریاچه ارومیه شهر تبریز,1,36743,0
دریاچه ارومیه هورالعظیم,1,36743,0
دریاچه ارومیه دریاچه هاپ,1,36743,0
دریاچه هامون و ارومیه,1,36743,0
ارومیه رودخانه زاب,1,36743,0
تبریز ارومیه میانگ,1,36743,0
شهر لیلان جنوب دریاچه ارومیه,1,36743,0
ارومیه دریاچه ارومیه دریاچه مصنوعی چیگر ارومیه,1,36743,0
اینا تبریز دریاچه ارومیه,1,36743,0
دریاچه ارومیه ایران شمال غرب کشور,1,36743,0
دریاچه ارومیه زنجان,1,36743,0
دریاچه ارومیه پل میانگذر,1,36743,0
بادکوبه انکارا دریاچه ارومیه فارس,1,36743,0
دریاچه مصنوعی تبریز دریاچه ارومیه,1,36743,0
دریاچه ارومیه زاینده رودن دریاچه ارومیه,1,36743,0
تبریز میاندواب بناب اذرشهر ایلخچی شبستر گوگان سد بوکان و سقز دریاچه ارومیه بزن میاندواب ابش میاندواب دریاچه ارومیه,1,36743,0
پتروشیمی تبریز دریاچه ارومیه دریاچه ارومیه,1,36743,0
دریاچه ارومیه رودخانه صوفی چای مراغه مراغه,1,36743,0
تهران ه استخر چیتگر دریاچه ارومیه,1,36743,0
دریاچه ارومیه بلوط,1,36743,0
ارومیه ایران دریاچه ارومیه,1,36743,0
حوا پرت ارومیه دریاچه هامون استان فارس دریاچه ارومیه,1,36743,0
ی ارومیه دریاچه ارومیه,1,36743,0
ارومیه ارومیه دریاچه کویر,1,36743,0
ایران دریاچه ارومیه سد خارکصده اذربایجان,1,36743,0
ارومیه ماهه,1,36743,0
دریاچه تقصیر قوم فارس دریاچه ارومیه کره,1,36743,0
دریاچه ی ارومیه دریاچه خزر,1,36743,0
دریاچه چیتگر دریاچه ارومیه دریاچه کوچیک اصفهان دریاچه ارومیه,1,36743,0
دریاچه ارومیه سد اب کشاورزی تبریز و بناب,1,36743,0
دریاچه ارومیه تبریز شهرستان سقز,1,36743,0
زاینده شهر دریاچه ارومیه ایران,1,36743,0
دریاچه قم دریاچه ارومیه پریشان بهارلو جازموریان هامون,1,36743,0
ی ارومیه ی ارومیه,1,36743,0
رودخانه زاینده دریاچه ارومیه,1,36743,0
دریاچه ارومیه دریاچه ارومیه امستردام ارومیه,1,36743,0
تبریز تبریز میاندواب بناب اذرشهر ایلخچی شبستر گوگان سد بوکان و سقز دریاچه ارومیه,1,36743,0
دریاچه ارومیه دریای پارس ایران,1,36743,0
پیرانشهر رودخانه زاب دریاچه ارومیه,1,36743,0
ارومیه خلیج فارس دریاچه ارومیه,1,36743,0
دریاچه ارومیه ارزوهای,1,36743,0
دریاچه ارومیه دریاچه مصنوعی عینالی ارومیه رودخانه دریاچه,1,36743,0
دریاچه ارومیه دریاچه چیچست,1,36743,0
دریاچه ارومیه دریاچه سال دوس,1,36743,0
زاگرس دریاچه ارومیه زاگرس ایران,1,36743,0
مدینه نجف,1,36743,0
دریاچه ارومیه دریاچه استانه,1,36743,0
دریاچه ارومیه ایران مهاجر,1,36743,0
معدن خریدن دریاچه ارومیه,1,36743,0
ایران دریاچه بختگان خوزستان دریاچه ارومیه ایران,1,36743,0
ایران شال دریاچه ارومیه لی,1,36743,0
میاندواب بوکان کورد وستان مصنوعی تبریز دریاچه ارومیه,1,36743,0
کشور مازندران یلان شهر لنگرود منطقه فومنات اذربایجان غرب دریاچه ارومیه شهر رشت,1,36743,0
دریاچه ارومیه مس سونگون ایران دریاچه ارومیه ایران,1,36743,0
دریاچه ارومیه مراغه بناب ملکان عجبشیر اذرشهر دریاچه ارومیه,1,36743,0
دریاچه ارومیه اهواز,1,36743,0
سد سقز بوکان شهرستانها تبریز دریاچه ارومیه دریاچه دریاچه تبریز دریاچه چیتگر,1,36743,0
دریاچه ارومیه ایران فارس,1,36743,0
مملکت دریاچه ارومیه,1,36743,0
ارومیه دریاچه دوست,1,36743,0
دریاچه ارومیه فارس فار ص,1,36743,0
ابادان دریاچه ارومیه,1,36743,0
اصفهان دریاچه ارومیه دریاچه گا,1,36743,0
دریاچه ارومیه تربت کربلا دریاچه خشک ارومیه,1,36743,0
دریاچه ارومیه اصفهان ارومیه,1,36743,0
بادرود دریاچه ارومیه,1,36743,0
دریاچه ارومیه اذر دریاچه ارومیه دریاچه ارومیه,1,36743,0
ایران شمال دریاچه ارومیه,1,36743,0
شهر ارومیه دریاچه مارمیشو,1,36743,0
دریاچه ارومیه ارومیه ارومیه دریاچه ارومیه دریاچه ارومیه,1,36743,0
دریاچه ارومیه بانمک منطقه اذربایجان,1,36743,0
دریاچه ی ارومیه هیرمند هامون ایران,1,36743,0
تبریز ارومیه اصفهان دریاچه ارومیه دریاچه تبریز ارومیه,1,36743,0
دریاچه ارال شوروی امودریا سیردریا اسیای میانه ایران ارومیه,1,36743,0
منطقه اذربایجان ایران دریاچه ارومیه,1,36743,0
زاینده عزیز کارون چهارمحال کارون شمال شرق خوزستان کهگیلویه و لرستان,1,36743,0
دریای خرز دریاچه ارومیه,1,36743,0
دریاچه ارومیه بختگان هورالعظیم,1,36743,0
اذربایجان غرب دریاچه ارومیه اصفهان,1,36743,0
دریاچه ارومیه خار,1,36743,0
چهارمحال بختیاری ارومیه تبریز دریاچه رضايیه,1,36743,0
ارومیه بختگان جازموریان گاوخونی دریاچه چیتگر کانال چیتگر,1,36743,0
دریاچه ارومیه ایران ایران فارس ایران,1,36743,0
دریاچه ارومیه اردبیل تبریز ارومیه زنجان همدان,1,36743,0
گتوند دریاچه ارومیه خوزستان,1,36743,0
ایران تبریز ارومیه دریاچه ارومیه ایران دریاچه هامون,1,36743,0
تهران اصفهان مشهد ارومیه,1,36743,0
ایران اذربایجان ارومیه,1,36743,0
ایران باکو انکارا ایران دریاچه ارومیه,1,36743,0
دریاچه ارومیه اذربایجان تهران دریاچه ارومیه,1,36743,0
نقده ارومیه دریاچه ارومیه,1,36743,0
غرب دریاچه ارومیه ایران,1,36743,0
تهران اصفهان یزد دریاچه ارومیه دریاچه زریبار,1,36743,0
دریاچه ارومیه دریای شاهی,1,36743,0
دریای کاسپین دریاچه ارومیه,1,36743,0
دریاچه ارومیه دریاچه وان دریاچه ارومیه دریاچه وان,1,36743,0
دریاچه ارومیه کیلی,1,36743,0
خوی ارومیه ارس دریاچه ارومیه خوی,1,36743,0
دریاچه نمک طوفان ارومیه تبریز,1,36743,0
دریاچه ارومیه پارک ملی دریاچه,1,36743,0
دریاچه ارومیه ایران دریاچه ارومیه ایران دریاچه شهر استان ایران,1,36743,0
دریاچه خشکش ارومیه پاریس ایران,1,36743,0
اذربایجان غرب دریاچه ارومیه غرب دریاچه ارومیه,1,36743,0
کویر دریاچه ارومیه خوزستان سیستان و وضعش,1,36743,0
خانه ساعت دریاچه ارومیه,1,36743,0
دریاچه ارومیه سیراب,1,36743,0
دریاچه ارومیه اردبیل گیلان کرج تهران,1,36743,0
دریاچه ارومیه مارکو,1,36743,0
فرودگاه تبریز فرودگاه باکو فرودگاه فضولی اذربایجان مس,1,36743,0
اذربایجان ی ارومیه,1,36743,0
دریاچه ارومیه اقیانوس اطلس کاسپین,1,36743,0
اذر دریاچه ارومیه,1,36743,0
حوضه ابریز دریاچه ارومیه,1,36743,0
دریاچه ارومیه کویر ارومیه کویر ارومیه,1,36743,0
دریاچه ارومیه دریای مدیترانه,1,36743,0
جاده ارومیه تبریز,1,36743,0
ایران استانهای مرکزی دریاچه ارومیه کردستان,1,36743,0
دریاچه خشک ارومیه تبریز,1,36743,0
دریاچه ارومیه ارومیه کرج تهران,1,36743,0
جنوب غرب دریاچه ارومیه شهر ایزیرتو شهر بوکان,1,36743,0
اورارتو,1,36743,0
دریاچه زریوار مریوان جهان غرب کشور دریاچه ارومیه,1,36743,0
دریاچه ارومیه زاب پیرانشهر,1,36743,0
دریای مازندران دریاچه نمک جنوب تهران تهران قم قزوین کرج سمنان مشهد تبریز ارومیه,1,36743,0
نیوجرسی دریاچه ارومیه,1,36743,0
دریاچه ارومیه شهر تبریز دریاچه اورمو گول اذربایجان دریاچه اورم,1,36743,0
فارس اصفهان دریاچه ارومیه اصفهان,1,36743,0
دریاچه ارومیه ایران دریاچه ارومیه ایران دریاچه ارومیه ایران,1,36743,0
کشور اذربایجان دریاچه ارومیه جن کلهای ارسباران ارس,1,36743,0
سد زاینده بند سد زاینده رود نهر ازادگان سد زاینده چهارمحال اصفهان,1,36743,0
رمز زاینده,1,36743,0
سد زیبای زاینده,1,36743,0
زاهدان شهرکرد دریاچه ارومیه زاینده,1,36743,0
سامان,1,36743,0
بند سدی چهارمحال م سد خاکی زاینده,1,36743,0
دریاچه ارومیه زاینده تالاب گاوخونی دریاچه پریشان کاف تر هامون,1,36743,0
زاینده کرمان یزد یزد کرمان,1,36743,0
سام ون پل خان اصفهان,1,36743,0
اصفهان زاینده ادم,1,36743,0
دریاچه ادم زنده,1,36743,0
اصفهان خوزستان بلوچستان دریاچه ارومیه,1,36743,0
دریاچه ارومیه ارسباران ارس اذربایجان,1,36743,0
اصفهان دریاچه ارومیه اردبیل,1,36743,0
تبریز اذربایجان شرق ارومیه اذربایجان غرب دریاچه ارومیه,1,36743,0
دریاچه ارومیه ایران تهران چابهار,1,36743,0
تالاب انزلی دریاچه ارومیه ارومیه,1,36743,0
زابل اهواز اصفهان یزد چهارمحال تهران ریه ارومیه دریاچه کرمانشاه سیستان و بلوچستان,1,36743,0
کردستان دریاچه ارومیه اصفهان,1,36743,0
خزر دریاچه ارومیه ایران خزر دریاچه ارومیه,1,36743,0
دریاچه ارومیه گاوخونی,1,36743,0
ساحل دریاچه ارومیه مریخ,1,36743,0
ارومیه دریاچه ارومیه اصفهان,1,36743,0
دریاچه ارومیه گیلان مازندران,1,36743,0
دریاچه ارومیه فارس دریاچه ترک فارس,1,36743,0
دریاچه ارومیه کویر باغ عربستان امارات,1,36743,0
کوه دریاچه حوزه ابریز ارومیه,1,36743,0
اقلیم ارومیه اقلیم وان دریاچه ارومیه اسراف وان,1,36743,0
دریاچه ارومیه دریاچه علم,1,36743,0
استان اذربایجان شرق ایران دریاچه ارومیه,1,36743,0
جزیره کبودان جزیره اشک دریاچه ارومیه,1,36743,0
دریاچه ارومیه گوگوش,1,36743,0
دریاچه ارومیه تهران سیستان خوزستان,1,36743,0
دریاچه ارومیه هس,1,36743,0
دریاچه ارومیه روستاهای کردلر ببر جانلو و اق گنبد,1,36743,0
دریاچه ارومیه استان اذربایجان غرب و شرق منطقه,1,36743,0
ارومیه خوزستان اذربایجان کویر ایران خوزستان,1,36743,0
دریاچه ارومیه اذربایجان خوزستان استان اصفهان,1,36743,0
رودخانه سرچشمه دریاچه ارومیه هورالعظیم ایران,1,36743,0
دریاچه ارومیه رک خوزستا,1,36743,0
دریاچه ارومیه مز اغ,1,36743,0
ارومیه دریاچه ارومیه موت,1,36743,0
تهران البرز نیروگاه تبریز,1,36743,0
دریاچه ارومیه شمالغرب کشور,1,36743,0
دریاچه ارومیه تبریز بوکان,1,36743,0
اردبیل دریاچه ارومیه اردبیل,1,36743,0
دریاچه ارومیه زرینه سیمینه,1,36743,0
مجموعه کاظم داشی دریاچه ارومیه اذربایجان غرب حسین خیری فام,1,36743,0
دریاچه ارومیه کوه زنبیل کوه داغون دریاچه جاده کلانتری,1,36743,0
بای دریاچه ارومیه سرطان مری منطقه ساوالان همدان سنندج کرمانشاه تبریز زنجان,1,36743,0
دریاچه ارومیه سد لار شهرستان کرخه,1,36743,0
تبریز ارومیه دریاچه کره,1,36743,0
دریاچه ارومیه کاسپین پاسارگاد خاورمیانه ایران,1,36743,0
استان اذربایجان شرق مرال ارسباران میش مرغ تالاب المللی قره قشلاغ تالاب هکتار شرق استان اذ شرق دریاچه ارومیه شهرستان بناب نزدیکی بوکان,1,36743,0
دریاچه ارومیه ارومیه جهان,1,36743,0
شهرستان نقده مهاباد دریاچه ارومیه دره پدر حسن,1,36743,0
دره وارناسان تالاب سیران گولی تالاب حسنلو تالاب شیطان تالاب سولدوز,1,36743,0
شهر شهر عزامه خاور مرده مهمون پاساژ مال مال اب اب ارومیه خوزستان,1,36743,0
دریاچه ی ارومیه کوه سبلان کردستان کردستان بستان شبستر تبریز,1,36743,0
دریاچه ارومیه زاگرسی سیراب,1,36743,0
دریاچه ی بینوای ارومیه,1,36743,0
دریاچه ارومیه رودخانه قزل اوزن,1,36743,0
دریاچه ارومیه میاندواب منطقه چهل رها دریاچه ارومیه تبریز,1,36743,0
رودخانه نازلو دریاچه مارمیشوی ارومیه دریاچه مارمیشوی ارومیه,1,36743,0
دریاچه ی ارومیه دریاچه ی ارومیه,1,36743,0
دریاچه ارومیه زمین ایران,1,36743,0
دریاچه ارومیه کاظیم داشی,1,36743,0
دریای خزر دریاچه ارومیه دریای خزر خلیج فارس خلیج فارس,1,36743,0
باغ اب چابهار دریاچه ارومیه خوزستان تهران,1,36743,0
دوشک ا هایلوکس خیابان دانش,1,36743,0
اذربایجان غرب اصفهان دریاچه ارومیه,1,36743,0
ی ارومیه دریاچه ی نفتلیجه گل افشان دریاچه گل فشار,1,36743,0
سردشت ارومیه دریاچه قورت جاده سردشت پیرانشهر و سردشت مهاباد جاده سردشت بوکان,1,36743,0
ایران دریاچه ارومیه کردستان ایران,1,36743,0
دریاچه ارومیه هور العظیم,1,36743,0
دریای خزر ازاد دریاچه ارومیه,1,36743,0
زاب دریاچه ارومیه,1,36743,0
خور ستان سیستان دریاچه ارومیه تهران,1,36743,0
اذربایجان تبریز دریاچه ارومیه,1,36743,0
دریاچه ارومیه تبریز اذربایجان خوزستان اهواز خوزستان,1,36743,0
دریاچه ارومیه شرق,1,36743,0
دریاچه ارومیه هیرمند بختگان کتف,1,36743,0
ارومیه سد هار دریاچه,1,36743,0
اصفهان اصفهان تبریز ارومیه دریاچه ارگ علیشاه,1,36743,0
اصفهان دریاچه ارومیه فارس,1,36743,0
اذربایجان دریاچه ارومیه اصفه,1,36743,0
دریاچه ارومیه اعتراض,1,36743,0
دریاچه ارومیه خوزستان اصفهان,1,36743,0
خلیج فارس خزر دریاچه ارومیه,1,36743,0
دریاچه ارومیه دریاچه ارومیه کرمان تهران کاشان قم رشت بندرعباس مشهد,1,36743,0
ارومیه کوهه کوهه دریاچه سد کویر,1,36743,0
حسنلو کرانه جنوبی دریاچه ارومیه دره سولدوز استان اذربایجان غرب امروزی شمال غرب ایران حسنلو شرق غرب,1,36743,0
ارومیه دریاچه غرق,1,36743,0
دریاچه ارومیه دریاچه نمک قم گاوخونی اصفهان,1,36743,0
دریاچه ارومیه کشور عیران,1,36743,0
جهان ارارات اشور دریاچه ارومیه اذربایجان,1,36743,0
دریاچه ارومیه جهان دریاچه ارومیه,1,36743,0
دریاچه ارومیه کوهرنگ,1,36743,0
دریاچه ارومیه تهران کردستان لرستان,1,36743,0
دریاچه ارومیه باکو,1,36743,0
یوسفی چشت دریاچه ارومیه,1,36743,0
دریاچه نمک تبریز ارومیه حوض سلطان تهران قمرود بختگان مهارلو ی شیراز,1,36743,0
دریاچه سال هجری دریاچه ارومیه,1,36743,0
دریاچه ارومیه البرز خزر جنوب البرز,1,36743,0
دریاچه ارومیه دریاچه دهههای شرق دریاچه,1,36743,0
رودهای دریاچه ارومیه دریاچه ارومیه دریاچه ارومیه,1,36743,0
دریاچه دریای ارومیه,1,36743,0
اصفهان اصفهان غرب کشور دریاچه ارومیه سد اب عباس شهرستان بانه,1,36743,0
خوی دریاچه ی ارومیه,1,36743,0
کوه مرتفع البرز دریای خزر دریاچه ارومیه وان,1,36743,0
ارومیه کوفتی کلانتری فاصله تبریز ارومیه,1,36743,0
سردشت پیرانشهر اذربایجان شرق دریاچه ارومیه اصفهان بختیاری کردستان,1,36743,0
غرب و شرق دریاچه ارومیه,1,36743,0
دریاچه ارومیه اصفهان تبریز,1,36743,0
دریاچه ارومیه هامون تالابها جلگه خوزستان,1,36743,0
ایذه فلات دریاچه ارومیه تالاب انزلی,1,36743,0
بوشهر گناوه کنگان,1,36743,0
دریاچه ارومیه دریاچه بساط,1,36743,0
ارومیه دریاچه سین بولار قورودوب بیل میس ن نچه باغ جورلنیب چای بیر سو قویمول ار قالسین سون ارومیه دریاچه سینه,1,36743,0
رودخانه دریاچه ی ارومیه,1,36743,0
دریاچه ارومیه خوزستان زمین اصفهان,1,36743,0
دریاچه ارومیه بازار بانه,1,36743,0
بیز خیارشورلاریمیزه دریاچه ارومیه ده اکریخ,1,36743,0
پادگانی کهریز ارومیه,1,36743,0
استان اذربایجان غرب شرق حوضه دریاچه ارومیه دریاچه ارومیه,1,36743,0
فارس دریاچه ارومیه پادگان سند,1,36743,0
نگین فیروزه دریاچه ارومیه,1,36743,0
دریاچه ارومیه سیمینه زرینه استان,1,36743,0
دریاچه ارومیه دریاچه رومی,1,36743,0
دریاچه ارومیه سلماس ارومیه نقده پیرانشهر مهاباد میاندواب ملکان بناب اذرشهر شیر اذرشهر,1,36743,0
پل ارومیه جلگه خوزستان زاگرس,1,36743,0
پل دریاچه ارومیه اب جلگه خوزستان ایران,1,36743,0
دریاچه ارومیه اراز تبریز دریاچه ارومیه دریاچه ارومیه تبریز,1,36743,0
ایران سیستان و بلوچستان خوزستان هرمزگان کرمان چهارمحال و خراسان لرستان دریاچه ارومیه,1,36743,0
دریاچه ارومیه دیمه,1,36743,0
دریاچه ارومیه دریاچه دریاچه ارومیه ایران,1,36743,0
زرت زرت دریاچه ارومیه,1,36743,0
تونل انتقال اب تلخه تبریز رودخانه صنایع تبریز دریاچه ارومیه,1,36743,0
عس داد یکم ش دریاچه ارومیه,1,36743,0
دریاچه ارومیه دریاچه ستاد,1,36743,0
دریاچه ارومیه حله,1,36743,0
دریاچه ی ارومیه پزی ی سن ویکتوریا,1,36743,0
کاسپین دریاچه ارومیه,1,36743,0
اصفهان گلپایگان قم اراک خونه خلیج گر تالاب انزلی دریاچه ارومیه بختگان هامون خوزستان ایران زاگرس,1,36743,0
تخت جمشید دریاچه ارومیه,1,36743,0
دریاچه تبریز دریاچه تبریز چیچست,1,36743,0
دریاچه ارومیه حضرت یونس,1,36743,0
قلعه خیبر ظریف دریاچه ارومیه,1,36743,0
برلین بابل برلین نیویورک دریاچه ارومیه اصفهان اصفهان,1,36743,0
دماوند جنوب شمال ازادراه تهران پردیس دریاچه ارومیه,1,36743,0
شهرم ن ارومیه دریاچه ارومیه,1,36743,0
شهر بام ایران زاینده,1,36743,0
خلیج گر دریاچه ارومیه تالاب انزلی,1,36743,0
دریاچه ارومیه ماشالا پراب,1,36743,0
موزه مرتد ایران دریاچه ارومیه هامون خرجش,1,36743,0
سد گتوند قدمت دارش منطقه اذربایجان دریاچه ارومیه دریاچه مازندران خوزستان کهگیلویه و چهارمحال,1,36743,0
دریاچه ارومیه دریا غرب شرق دریا,1,36743,0
دریاچه ارومیه غرب قومی,1,36743,0
دریاچه ی ارومیه نمک,1,36743,0
تالابها دریاچه هامون ارومیه امامی,1,36743,0
دریاچه ارومیه خلیج فارس ایران استان فارس قره استان فارس,1,36743,0
اذربایجان غرب دریاچه ارومیه خوزستان,1,36743,0
دریاچه ارومیه ایران زمین,1,36743,0
شهرک ربط شهرستان سردشت سردشت,1,36743,0
خوزستان دشت ابد دریاچه ارومیه,1,36743,0
جنوب شرق ایران سیستان بلوچستان تهران ایران دریاچه ارومیه,1,36743,0
دریاچه وان دریاچه ارومیه ابریز وان,1,36743,0
دریاچه ارومیه سد کرج,1,36743,0
چشمه اشک دریاچه ارومیه,1,36743,0
دریاچه ارومیه ایستگاه فضایی المللی توماس پسکی دریاچه ارومیه,1,36743,0
اصفهان زاینده رستوران شهرزاد خیابان عباس,1,36743,0
پارسوا غرب دریاچه ی ارومیه باج جنوب غرب ابهای,1,36743,0
دریاچه ارومیه شرق زیرحوضه کشور بوشهر,1,36743,0
دریاچه ارومیه خوزستان اصفهان اصفهان اصفهان,1,36743,0
ارومیه دریاچه ندانم کاری مرده lake urmia,1,36743,0
اشور,1,36743,0
پارس غرب و جنوب غرب دریاچه ارومیه شرق و,1,36743,0
دریاچه ارومیه دریا قم,1,36743,0
دریاچه ارومیه دریاچه ارومیه اذربایجان دریاچه ارومیه,1,36743,0
اهواز خوزستان دریاچه ارومیه هامون زاگرس,1,36743,0
گلستان خلیج گر دریای خزر دریاچه ارومیه,1,36743,0
دریاچه ارومیه دریاچه ارومیه شمال غرب کشورمان,1,36743,0
ایستگاه ارومیه و ایغدیر دریاچه ارومیه,1,36743,0
دریاچه ارومیه خزر خلیج فارس,1,36743,0
تبریز ارومیه ارومیه,1,36743,0
دریاچه ارومیه اسمش ارومیه,1,36743,0
دریاچه مارمیشو دریاچه ارومیه دریاچه مارمیشو دریاچه مارمیشو,1,36743,0
ارومیه فلات نمیدونما,1,36743,0
جهان دریاچه زریبار شهر مریوان کوردستان دریاچه ارومیه,1,36743,0
یزد دریاچه ارومیه,1,36743,0
خوزستان دریاچه ی ارومیه بختگان هامون زاینده رودم,1,36743,0
دریاچه وان دریاچه ارومیه دریاچه وان دریاچه ارومیه,1,36743,0
کویر ارومیه دریاچه دریاچه دنیا,1,36743,0
دریاچه ارومیه نین قوروماغی هارا گرک گداخ هارا شهرا,1,36743,0
دریاچه ارومیه چیچست ایران اذربایجان,1,36743,0
دریاچه ارومیه کورد ستان تبریز,1,36743,0
ایران دریاچه,1,36743,0
خوزستان ارومیه,1,36743,0
دانشگاه تبریز,1,36743,0
سردشت پیرانشهر ابشون دریاچه ارومیه تبریز,1,36743,0
جاده ملکان بناب دریاچه ارومیه,1,36743,0
دریاچه ارومیه لیتیوم,1,36743,0
زاب دریاچه ارومیه شمال ایران,1,36743,0
دریاچه ارومیه ماهی شوره شاش پلان,1,36743,0
تبریز دریاچه ارومیه زنجان اصفهان,1,36743,0
بناب دریاچه ارومیه,1,36743,0
دریاچه ارومیه سنندج استان کردستان,1,36743,0
تپه برود سردشت استان اذربایجان غرب و جنوب غرب دریاچه ارومیه,1,36743,0
ایران دریاچە شاهی ارومیه دریاچە وان,1,36743,0
ایران خوزستان بلوچستان ازر جان دریاچه ارومیه,1,36743,0
حومه تهران ایران اصفهان یزد خوزستان کردستان خلیج فارس دریاچه ارومیه,1,36743,0
استان گیلان دریاچه ارومیه رضايیه,1,36743,0
مهاباد,1,36743,0
دریاچه ارومیه شمالغرب کشور تهران,1,36743,0
دماوند فیروز کو,1,36743,0
دریاچه معروف ارومیه,1,36743,0
شهرک ربط سردشت شهرک ربط شهرستان سردشت توابع سردشت رودخانه زاب دریاچه ارومیه,1,36743,0
کوه نمک دریاچه ارومیه,1,36743,0
دریاچه نمک قم دریاچه ارومیه,1,36743,0
ایران دریاچه ارومیه دریاچه چشمه,1,36743,0
تپه نریده تپه نریده دریاچه ارومیه رودخانه زاب,1,36743,0
دریاچه ارومیه رودخانه زاب قسمتی کردستان دریاچه صفر,1,36743,0
کویر ایران کویر ایران دوست ایران دریاچه ارومیه,1,36743,0
دریاچه ارومیه پیگیری,1,36743,0
زاینده زاینده خشکه سد زاینده دز قم,1,36743,0
لنجان اصفهان لنجان سد بو مم چهارمحال,1,36743,0
کوهرنگ شهرکرد سامان زاینده صبح گل,1,36743,0
اصفهان اصفهان رودخانه زاینده یزد کاشان,1,36743,0
دریاچه ارومیه دریاچه دریاچه وان,1,36743,0
اصفهان زاینده قم یزد ایران اصفهان,1,36743,0
پل زاینده تاریخیه,1,36743,0
استان چهارمحال وبختیاری زاینده,1,36743,0
سد تالوار همدان,1,36743,0
ایران حیفا اصفهان زاینده البانی,1,36743,0
کوهرنگ شهرکرد سامان زاینده صبح,1,36743,0
زاینده چهارمحال وبختیاری استان اصفهان کربلا,1,36743,0
خوزستان شهرکرد همدان سیستان و بلوچستان قنوات قم زاینده,1,36743,0
کردستان ایران دریاچه ارومیه,1,36743,0
تیمارستان نگین شهر نگین ارومیه ایران,1,36743,0
دریاچه ارومیه حوضه ابریز سفید و زاب دریاچه ارومیه,1,36743,0
دریاچه ارومیه حوضه دریاچه ارومیه کره زمین,1,36743,0
شهرکرد چی سد زاینده گل رودخانه گل,1,36743,0
زاینده اصفهان زاینده شهرا تون,1,36743,0
اب ابادی زاینده زاینده,1,36743,0
نقش جهان خیابان چهارباغ زاینده,1,36743,0
زاینده یزد یزد شهرکرد,1,36743,0
لنجان خوزستان لنجان زاینده,1,36743,0
زاینده خونه هامون اصفهان,1,36743,0
زاینده ازمون,1,36743,0
زاینده فولاد بروجن اصفهان چار بروجن اصفهان,1,36743,0
اصفهان غریب زاینده,1,36743,0
زاینده استان چهارمحال بختیاری,1,36743,0
صف زاینده صفا,1,36743,0
زاگرس جلگه خوزستان بوشهر دریاچه ارومیه زاگرس زاگرس زاگرس,1,36743,0
خوزستان لرستان,1,36743,0
منطقه رادی تالاب گاوخونی زاینده زاینده,1,36743,0
کوهرنگ اصفهان کوهرنگ یزد یزد,1,36743,0
زاینده کله اصفهان ایران اصفهان,1,36743,0
دریاچه ارومیه اصفهان شهرکرد,1,36743,0
تونل کوهرنگ باغب ان,1,36743,0
استان اصفهان زاینده روده استان اصفهان اصفهان زاینده شهر اصفهان,1,36743,0
زاینده طرفا,1,36743,0
اصفهان زاینده خوردین جنگل بروجن چهارمحال زاینده روده,1,36743,0
زاینده مال اصف ان زاینده شهر اصف شهرکرد,1,36743,0
اصفهان زاینده بروجن,1,36743,0
کوهرنگ زاینده کوهرنگ زاینده بن بروجن,1,36743,0
اصفهان اصفهان لرستان اصفهان لرستان,1,36743,0
شهرکرد بهشت لنگان زاینده چهارمحال,1,36743,0
دریاچه ارومیه تبریز ارومیه دریاچه ارومیه,1,36743,0
چهارمحال استان اصفهان باغات سامونن,1,36743,0
اصفهان زاینده اصفهان یزد,1,36743,0
جارچی خیابان حکیم کوچه باغ قلندر رستوران شهرزاد پل خواجو زاینده زاینده,1,36743,0
شهرکرد زاینده دریاچه ارومیه,1,36743,0
باغ بهادران زاینده اصفهان,1,36743,0
زاینده بروجن زاینده رودو,1,36743,0
زاینده کوهرنگ دز,1,36743,0
اصفهان اصفهان اصفهان زاینده ساسانی اصفهان اصفهان,1,36743,0
زاینده اصفهان چهارمحال و اصفهان,1,36743,0
حوزه چهارمحال,1,36743,0
فلات مرکزی زاگرس,1,36743,0
زاینده رود کویر زاینده مال کویر اصفهان,1,36743,0
شهرکرد اصفهان زاینده اصفهان,1,36743,0
ذوب اهن اصفهان زاینده رود,1,36743,0
زاینده فولاد,1,36743,0
منطقه مبارکه و زرین شهر تصفیه خانه پدر شیخعلی یزد,1,36743,0
زاینده مجتمع فولاد,1,36743,0
اصفهان یزد گردنه قدریه اب زاینده اسم اصفهان,1,36743,0
سد زاینده سد استان محال و نظری,1,36743,0
روان ایران,1,36743,0
زاینده ایران اصفهان زاینده اصفهان,1,36743,0
زاینده سی پل گز خورشت شهرمون اصفهان,1,36743,0
زاینده درازی اصفهان,1,36743,0
اصفهان اصفهان فلات مرکزی,1,36743,0
زاینده اسمان رودخانه چهارمحال اصفهان اصفهان اصفهان استان چهارمحال و کهگیلویه اصفهان,1,36743,0
کوهرنگ منطقه لنجان,1,36743,0
استان زاینده چشمه کوهرنگ,1,36743,0
اب زاینده سرچشمه,1,36743,0
یزد میبد,1,36743,0
زاینده اصفهان پل کاهکش ذوب اهن شهرکرد زاینده,1,36743,0
تونل کوهرنگ زاینده منتقل زاینده,1,36743,0
زاینده زاینده اصفهان تون حیا استان چهارمحال,1,36743,0
زاینده ابشون,1,36743,0
شهرکرد چشمه کوهرنگه سرچشمه کارانه زاینده سرچشمه اصفهان و یزد,1,36743,0
هوخ,1,36743,0
چهارمحال شهرکرد زاینده محروم چهارمحال وبختیاری,1,36743,0
اصفهان لرستان اصفهان,1,36743,0
چشمه کوهرنگ زاینده,1,36743,0
شهرکرد ابادان اصفهان زاینده اهواز سیستان,1,36743,0
زاینده اصفهان یزد یزد,1,36743,0
یزد زاهدان خوزستان شهرکرد اصفهان,1,36743,0
شهرکرد رودخانه سامان,1,36743,0
پل کاهکش زاینده استان اصفهان استان اصفهان,1,36743,0
چیچست ارومیه,1,36743,0
ایران دریاچه ژرف و پهناور چیچست ارومیه,1,36743,0
کرانه دریاچه ژرف و پهناور چیچست ارومیه,1,36743,0
دریاچه ارومیه دریای خزر دریاچه ارومیه,1,36743,0
دریاچه وان حوضه ابریز وان دریاچه ارومیه دریاچه ارومیه,1,36743,0
ایران دریاچە ارومیه ایران دریاچە ارومیه,1,36743,0
اصفهان استان یزد,1,36743,0
یزد زاینده اصفهان زانی ده چهارمحال یا,1,36743,0
شهرکرد اصفهان زاینده تخم,1,36743,0
زاینده اصفهان اصفهان اصفهان سد مارون لردگان,1,36743,0
زاگرس فارس کردستان شهرکرد سامان فرخ شهر زاینده,1,36743,0
زاینده کوهرنگ یزد کرمان قم اصفهان تونل زاینده,1,36743,0
خانه زاینده تالاب گاوخونی,1,36743,0
زاینده یزدی,1,36743,0
زاینده کارانه,1,36743,0
شهرکرد زاینده چطوری,1,36743,0
زاینده و خوزستان دریاچه ارومیه,1,36743,0
رودخانه زاینده کشاورز,1,36743,0
شرق و غرب استان زاینده فلکه خوراسگن,1,36743,0
چهارمحال زاینده فریدن چهارمحال ه سد تفرجگاه لصفهانیها فریدن,1,36743,0
خیابان جنوب زاینده پل غدیر,1,36743,0
زاینده کاشان یزد کرمان,1,36743,0
زاینده خون,1,36743,0
خیابان چهارباغ چهارباغ خیابان ابشار,1,36743,0
زاینده اب دوما سد شهرکرد اصفهان,1,36743,0
ر فارسان چشمه سراب,1,36743,0
چهارمحال رودخانه جاریه اصفهان,1,36743,0
سد زاینده ضررش غرب اصفهان,1,36743,0
نیروگاه نطنز زاینده اصفهان,1,36743,0
اصفهان یزد کرمان تونل بک کوهرنگه زاینده عمله زاینده اصفهان اصفهان یزد کاشان نایین نطنز,1,36743,0
حوضه زاینده اصفهان تونل کوهرنگ تونلکوهرنگ تونل کوهرنگ تونل چشمه لنگان خدنگ اصفهان,1,36743,0
اصفهان ایران زاینده زدی غار صنایع یزد باغ پسته ی کرمان,1,36743,0
رودخانه زاینده دوستان,1,36743,0
دریاچه ارومیه اصفهان دریاچه ارومیه ازر بایجان,1,36743,0
رشت استان چهارمحال و بختیاری استان اصفهان,1,36743,0
رشت سد زاینده سد زاینده سد چم اسمان کشت پلاسجان سد زاینده,1,36743,0
رشت دریاچه سد زاینده رودخانه پلاسجان دریاچه سد زاینده سرشاخ پلاسجان چشمه لنگان خدنگ ستان,1,36743,0
رشت زاینده استان اصفهان چهارمحال وبختیاری پلاس جان,1,36743,0
زاینده خلیج فارس,1,36743,0
زاینده گاوخونی سد زاینده برود گاوخونی,1,36743,0
ایران لند اذربایجان سیستان بلوچستان خوزستان خراسان گیلان مازندران بوشهر هرمزگان دریاچه پریشان باتلاق گاوخونی زاینده دریاچه ارومیه,1,36743,0
زاینده قم,1,36743,0
زاینده جلگه خوزستان,1,36743,0
سیستان کردستان خوزستان کهگیلویه ارومیه,1,36743,0
دریاچه ارومیه دریاچه ارومیه اذربایجان,1,36743,0
زاینده گوهی,1,36743,0
ایران دریاچه ارومیه دریای خزر ایران,1,36743,0
زاینده لرستان چهارمحال وبختیاری خوزستان,1,36743,0
اصفهان زاینده رود زاینده,1,36743,0
زاینده چرا زاینده,1,36743,0
باغ چاه استخر زاینده دریاچه ارومیه هامون,1,36743,0
زاینده اباد خوزستان اهواز دریاچه ارومیه,1,36743,0
دریاچه ارومیه زاینده هامون بختگان جازموریان گاوخونی هور,1,36743,0
اصفهان زاینده چمن خای,1,36743,0
شهر اصفهان سد زاینده,1,36743,0
ویلا سراشیبی دامنه ایران زاینده دریاچه ارومیه,1,36743,0
شهرکرد گل ولای کوهرنگ زاینده خشکه,1,36743,0
زاینده یچیز,1,36743,0
زاینده استان چهارمحال و بختیاری,1,36743,0
راین المان راین,1,36743,0
خوزستان اصفهان چهارمحال و بختیاری تونل کوهرنگ,1,36743,0
هیرمند ارومیه,1,36743,0
چهارمحال زاینده زاینده شهر اصفهان,1,36743,0
منک ه اصفهان شرق اصفهان تالاب متر خانه یمان زاینده رد روستای مان ی ارگ جهان بم,1,36743,0
شهر رودخانه زاینده شهر,1,36743,0
زاینده اصفهان اروپا,1,36743,0
زاینده بختیاری احمدی نژاد شرق اصفهان,1,36743,0
دریاچه خشک ارومیه بلوچستان کرمانشاه ایران شمال زاینده اصفهان,1,36743,0
زاینده اهواز اصفهان,1,36743,0
زاینده هیرمند,1,36743,0
دریاچه ارومیه زاینده جازموریان هامون جه ارومیه,1,36743,0
زیرحوضه زاینده رودخانه دستکن زاینده بارندگیهای حوضه رودهای منطقه,1,36743,0
رودخانه کوهرنگ زاگرس,1,36743,0
اصفهان اصفهان زاینده زاینده,1,36743,0
زاینده دریاچه ارومیه سیستان خوزستان ایران اذربایجان,1,36743,0
بیروت خوزستان,1,36743,0
خدنگ ستان یزد کوهرنگ,1,36743,0
اونی جفت,1,36743,0
زاینده استان مرکزی ایران,1,36743,0
زاینده دیدین اصفهان,1,36743,0
ماربین,1,36743,0
کوهرنگ دشت اصفهان زاینده زمین,1,36743,0
رودخانه زاینده استانهای,1,36743,0
پل زمانخانه پل کله سلام سی پل داداشش ه,1,36743,0
باغ بهادران اصفهان زاینده بستس,1,36743,0
زاینده استان چهارمحال بختیاری شهرکرد,1,36743,0
خلیج یزد یزد,1,36743,0
رشت اصفهان استان چهارمحال وبختیاری رودخانه زاینده,1,36743,0
زاینده اب دریاچه ارومیه,1,36743,0
پل خواجو سی پل زاینده,1,36743,0
شهر سامان زاینده,1,36743,0
زاینده پارک مرداویج سیتی سنتر,1,36743,0
روستای زاینده استان چهارمحال وبختیاری,1,36743,0
دریاچه ارومیه دریاچه ارومیه ایران ایران زاینده رودخانه مال اصفهان,1,36743,0
زاینده کویر بروجن,1,36743,0
زاینده چهارمحال اصفهان,1,36743,0
خلیج یزد زاینده یزد,1,36743,0
یزد زاینده چهارمحال سرچشمه اصفهان,1,36743,0
رودخانه زاینده شهر پیربکران دهکده قلعه سرشیر پیربکران استان اصفهان,1,36743,0
تونل بهشت تونل بهشت ابادی تونل کوهرنگ,1,36743,0
لنجان,1,36743,0
جی اشترجان و شاهپور,1,36743,0
زاینده کوهرنگ شهرستان چهارمحال وبختیاری زاینده حجت روستای چهارمحال وبختیاری,1,36743,0
زاینده جهان زاینده اصفهان,1,36743,0
زاینده استان اصفهان استان تهران استان خوزستان دریاچه ارومیه,1,36743,0
زاینده مال چهارمحاله سد مال چهارمحاله اصفهان اصفهان دزد اب چهارمحاله,1,36743,0
زاینده دايمی زاینده زاینده,1,36743,0
اصفهان زاینده ایران همدان,1,36743,0
یزرع اصفهان ایران کویر زاینده یزد جلگه خوزستان خوزستان,1,36743,0
زاینده حاج,1,36743,0
دریاچه ارومیه زاینده علم,1,36743,0
شهرکرد کوهرنگ سرچشمه زاینده رنگ,1,36743,0
اصفهان زاینده اب گاوخونی,1,36743,0
اصفهان استان چهارمحال و بختیاری زاینده,1,36743,0
زاگرس هامون زاینده,1,36743,0
دریاچه ارومیه جازموریان زاینده,1,36743,0
دریاچه ارومیه هامون رودخانه زاینده,1,36743,0
زاینده هپکو,1,36743,0
دریاچه ارومیه زاینده اصفهان تالاب گاوخونی,1,36743,0
زاینده فصلی اصفهان,1,36743,0
روستای مان روستای مان زاینده,1,36743,0
اصفهان حوضه دزد اصفهان,1,36743,0
اصفهان تهران زاینده سد زاینده اصفهان,1,36743,0
زاینده دریاچه ارومیه جهان,1,36743,0
تهران شیراز,1,36743,0
شمال خونه,1,36743,0
زاینده تالاب گاوخونی تالاب بندر انزلی هامون دریاچه ارومیه زاگرس ایران,1,36743,0
شط العرب خوزستان هامون,1,36743,0
اصفهان زاینده بیابان پلهای سی و پل و خواجو,1,36743,0
زاینده مکینه خواجو,1,36743,0
رودخانه خشکی زاینده رودخانه اباری,1,36743,0
زاینده خشکه دریاچه بختگان دریاچه ارومیه,1,36743,0
شرق اصفهان کویری اصفهان شمال غرب و غرب کوهستانی ی جلگه زاینده سال,1,36743,0
اصفهان چهارمحال یه اصفهان,1,36743,0
شرق اصفهان گاوخونی زاینده,1,36743,0
تبریز دریاچه ارومیه شهر تبریز اصفهان مشهد شیراز اصفهان زاینده,1,36743,0
گستره الوند دامنه کوه الوند,1,36743,0
زاینده دریاچه دوما هامون,1,36743,0
زاینده دوسوم,1,36743,0
ارومیه زاینده هامون,1,36743,0
بروجن بختیاری خرسان اصفهان,1,36743,0
دریاچه ارومیه باتلاق گاوخونی خوزستان ایران زاگرس,1,36743,0
داغ خوزستان,1,36743,0
شهرکرد پل خان رودخانه زاینده,1,36743,0
اصفهان زاینده زاینده گز,1,36743,0
یزد اصفهان خوزستان کازرون زاینده,1,36743,0
رشت پلاس جان استان اصفهان پلاسجان,1,36743,0
زاینده دریاچه پریشان ایران ری انکارا عش ششکها,1,36743,0
بروجن چهارمحال,1,36743,0
یزد قم زاینده,1,36743,0
دریاچه ارومیه خوزستان ارس زاینده,1,36743,0
دریاچه ارومیه زاینده سال,1,36743,0
عزیز جان اصفهان اصفهان زاینده اصفهان,1,36743,0
زاینده استان چهارمحال رودخانه زاینده دریاچه سد تالاب گاوخونی فلات ایران,1,36743,0
رشت رودخانه زاینده جلگه حاصلخیز اصفهان زاینده سیراب,1,36743,0
رشت جلگه حاصلخیز زاینده,1,36743,0
اصفهان جهان زاینده اصفهان,1,36743,0
زاینده تالاب المللی گاوخونی کشور خوزستان فارس اذربایجان و خراسان,1,36743,0
زاینده ی نور زاینده,1,36743,0
دریاچه ارومیه فارس زاینده تالاب گاوخونی,1,36743,0
اصفهان اذربایجان اصفهان اصفهان دریاچه ارومیه زاینده,1,36743,0
باغ سد زاینده استان چهارمحال زاینده,1,36743,0
رودخانه سرچشمه زاینده زاینده کیلومتر,1,36743,0
پدر شیخعلی یزد,1,36743,0
زاینده رها زاینده چم اسمان اصفهان اصفهان,1,36743,0
زردکوه زاینده شرق زردکوه,1,36743,0
نیک جو درود,1,36743,0
زاینده انتقال یزد کرمان چهارمحال اصفهان اصفهان مملکت اصفهان,1,36743,0
خوزستان چهارمحال شهر اصفهان,1,36743,0
زاینده اصفهان اصفهان یزد کرمان چهارمحال اصفهان,1,36743,0
زاینده اصفهان کارون م خوزستان زاینده اصفهان,1,36743,0
اصفهان اصفهان اذربایجان اصفهان,1,36743,0
دریاچه مکیدید پرند هامون ایران,1,36743,0
رشت تونل گلاب کاشان دلیجان استان چهارمحال و بختیاری هلو باغ سد زاینده,1,36743,0
پدر شیخعلی یزد سد زاینده,1,36743,0
رشت اصفهان یزد اصفهان سد زاینده رها زاینده چم اسمان اصفهان,1,36743,0
سد زاینده تونل گلاب کاشان دلیجان استان چهارمحال و بختیاری هلو بادام,1,36743,0
دریاچه ارومیه دریاچه ارومیه زاینده تالاب گاوخونی,1,36743,0
هامون گاوخونی زاینده دریاچه ارومیه,1,36743,0
روستای ساحل زاینده جاوید دوستان,1,36743,0
یزد یزد زاینده اصفهان,1,36743,0
دریاچه بختگان زاینده هیرمند ایران ایران ایران,1,36743,0
دریاچه ارومیه دریاچه هورالعظیم,1,36743,0
اصفهان زاینده سال خشکه یزد استان فارس,1,36743,0
اصفهان خوزستان زاینده زاینده ارومیه,1,36743,0
رشت رودخانه زاینده,1,36743,0
زاینده مال مشهد,1,36743,0
اره ورودی سد زاینده,1,36743,0
زاینده انتقال فولاد مبارکه اصفهان,1,36743,0
پل خان سد زاینده,1,36743,0
اصفهان سنندج زاهدان,1,36743,0
کوههای چهارمحال و سامان,1,36743,0
یزد تالاب گاوخونی زاینده رود تالاب گاوخونی یزد زاینده چهارمحال اصفهان گاوخونی,1,36743,0
زاینده سد گتوند,1,36743,0
ایران اصفهان زاینده اصفهان,1,36743,0
زاینده سد زاینده ایستگاه چلگرد,1,36743,0
چهارمحال اصفهان استان چهارمحال زاینده چهارمحال,1,36743,0
ارومیه زاینده یزد,1,36743,0
خلیج فارس استان اصفهان و مبارکه زاینده زیبا شهر اصفهان,1,36743,0
زاینده خشکه مادیها,1,36743,0
اصفهان زاینده مزارع زاینده,1,36743,0
یزد شهرکرد,1,36743,0
تنگ دهان زاینده سرویس زاینده,1,36743,0
زاینده دریاچه ارومیه دریاچه پریشان سیمره گاوخونی ایران,1,36743,0
حوضه زاینده اداره یزد زاینده رود,1,36743,0
ابشار خیابان زاینده اصفهان,1,36743,0
منطقه یزد بهبهانی,1,36743,0
زاینده زاینده اصفهان زاینده اصفهان زاینده زرگرپور,1,36743,0
لنجان یزد,1,36743,0
رشت رودخانه زاینده تالاب گاوخونی تالاب گاوخونی منطقه مرکزی,1,36743,0
رشت زاینده نجف اصفهان,1,36743,0
ایرانشهری ارومیه زاینده,1,36743,0
استان اصفهان چهارمحال سالی اصفهان,1,36743,0
دریاچه گزارشگر دریاچه سد نصیرابادی استان,1,36743,0
اصفهان زاینده غرب شرق رودخانه کمه چهارمحال پل کله چهارمحال,1,36743,0
لنجان عهد صفوی زاینده کشت خاک,1,36743,0
ایران ایران دریاچه ارومیه زاگرس زاینده و گاوخونی ایران,1,36743,0
امازون زاینده گاوخونی,1,36743,0
زاینده زاینده نفر,1,36743,0
زاینده جاهای اصفهان,1,36743,0
خوزستان مرداب گاوخونی گاوخونی,1,36743,0
زاینده اصفهان شهرکرد زاینده,1,36743,0
اصفهان زاینده سد سرچشمهها انتقال یزد و کاشان,1,36743,0
دریاچه بو حله اصفهان,1,36743,0
زندگی رود خونه,1,36743,0
زاینده بردار زاینده زدن,1,36743,0
اصفهان زاینده خواجو,1,36743,0
دریاچه ارومیه زاینده تالاب گاوخونی دریاچه ارومیه,1,36743,0
دریاچه ارومیه زاینده تالاب گاوخونی,1,36743,0
دریاچه ارومیه زاینده بختگان,1,36743,0
زاینده رودخانه روان اصفهان اصفهان,1,36743,0
ایران دریاچه ی ارومیه زاینده دریاچه خزر ایران,1,36743,0
زاینده کوههای زرد کوه بختباری چشمه اب کوهرنگ,1,36743,0
حیاط خلوتی حیاط خلوطی,1,36743,0
کوهرنگ روستای قلاتک سرچشمه زاینده سرچشمه زاینده چشمه دیمه,1,36743,0
اصفهان مرگ زاینده اصفهان,1,36743,0
سیستان اصفهان زاینده ارومیه دریاچه گاوخونی ایران,1,36743,0
سد زاینده زاینده رودخانه,1,36743,0
چهارمحال زاینده اصفهان چهارمحال,1,36743,0
تالاب گاوخونی زاینده باغهای بادام کوه,1,36743,0
دریاچه ارومیه بختگان زاینده,1,36743,0
زاینده بختگان تالاب گاوخونی ارومیه,1,36743,0
زاینده زاینده یزد اصفهان,1,36743,0
زدی بروجن اصفهان اصفهان ابم ال رودخانه سال زاینده رودخانه,1,36743,0
حوزه زاینده روده زاینده جهود,1,36743,0
اصفهان یزد اردکان میبد کویر مرکزی,1,36743,0
مرکز تفریحی ملعون زاینده,1,36743,0
یزد کرمان باغات کرمان,1,36743,0
نجف اباد ایران,1,36743,0
زاینده خوزستان چهارمحال,1,36743,0
اتوبان کرج تهران تهران کرج,1,36743,0
جنوب دریاچه ی ارومیه اذربایجان بفرما دریاچه ی ارومیه اصفهان,1,36743,0
کرمان زاینده,1,36743,0
زاینده گوگولی یزد اصفهان,1,36743,0
اصفهان زاینده خوزستان روستاهای چهارمحال و بختیاری خوزستان ایران,1,36743,0
عجبشیر,1,36743,0
اصفهان کوهرنگ استان چهارمحال سد زاینده,1,36743,0
کرانه باختری زاینده بختیاری صفه ونیسم,1,36743,0
زاینده بروجن,1,36743,0
اصفهان یزد کرمان اصفهان کرمان یزد,1,36743,0
چهارمحال زاینده مال بختیاری,1,36743,0
تونل بهشت اباده بن بروجن,1,36743,0
دز کرد خه اب زاینده,1,36743,0
هورالعظیم زاینده ارومیه تالاب انزلی,1,36743,0
دریاچه ارومیه بلوط خوزستان زاینده,1,36743,0
مرکز عالم ایران اذربایجان خراسان زاینده لرستان,1,36743,0
ایران اصفهان جلگه خوزستان مازندران زاینده سال ایران,1,36743,0
دریاچه ارومیه رودخانه زاینده بغض,1,36743,0
زاینده تالاب گاوخونی اصفهان اصفهان ایران,1,36743,0
اصفهان زاینده تالاب گاوخونی دریاچه ارومیه ایران,1,36743,0
هورالعظیم زاینده لرستان,1,36743,0
وین ایران,1,36743,0
بختگان هامون زاینده خشک,1,36743,0
سیستان و بلوچستان هرمزگان اصفهان زاینده خروشان ایلام کرمانشاه زنجان,1,36743,0
زاینده تالاب المللی گاوخونی هامون بختگان دریاچه ارومیه دریاچه ارومیه دریاچه ارومیه,1,36743,0
جلگه زاینده لنجان ات فلاورجان زاینده,1,36743,0
یزد اصفهان شهرکرد,1,36743,0
اصفهان زاینده خشک استانها چهارمحال وبختیاری و خوزستان,1,36743,0
زاینده تالاب المللی گاوخونی,1,36743,0
نیرو,1,36743,0
ایران ایران فلات ایران,1,36743,0
ایران رودخانه زاینده اصفهان ایران,1,36743,0
زاینده زاگرس ارومیه ایران,1,36743,0
ارومیه بختگان زاینده گاوخونی,1,36743,0
دریاچه ارومیه هورالعظیم زاینده,1,36743,0
زاینده استان زاینده اصفهان,1,36743,0
دریاچه جگر خانه هامون زاینده دریاچه بختگان هورالعظیم,1,36743,0
فارس دریاچه ارومیه ایران زاینده خشک خوزستان,1,36743,0
زاینده و هورالعظیم دریاچه ارومیه,1,36743,0
پور زاینده,1,36743,0
شهر لامصب رستوران هالله زاینده,1,36743,0
زاینده ایران زاینده سی رودخانه هتل کوثر,1,36743,0
زاینده فلانی,1,36743,0
دروازه قران شیراز پل خواجو,1,36743,0
اصفهان کویری اصفهان اصفهان اصفهان,1,36743,0
ایران دریاچه ارومیه زاینده چندد ایران سیستان و بلوچستان,1,36743,0
اذربایجان دریاچه ارومیه اصفهان,1,36743,0
خوزستان اصفهان دریاچه ارومیه,1,36743,0
اصفهان اصفهان دریاچه ارومیه یزد خوزستان سیستان بلوچستان,1,36743,0
خوزستان هورالعظیم دریاچه ارومیه,1,36743,0
رودخانه اصفهان اصفهان زاینده رود اصفهان,1,36743,0
قزوین معدن ابم دریاچه ارومیه,1,36743,0
دریای خزر دریاچه ارومیه بختگان تالاب انزلی,1,36743,0
اصفهان شیراز خوزستان تهران دریاچه ارومیه,1,36743,0
تالاب انزلی تالاب انزلی دریاچه ارومیه تالاب انزلی,1,36743,0
دریاچه ارومیه ایران جهان,1,36743,0
استانبول دریاچه ارومیه,1,36743,0
زاینده فرااستان,1,36743,0
جهان اتا استانبول,1,36743,0
تبریز دریاچه ارومیه و ارال,1,36743,0
دریاچه ارومیه تبریز اردبیل اذربایجان,1,36743,0
نمک ک دریاچه ارومیه,1,36743,0
دریاچه ارومیه کویر ارومیه کلانتری,1,36743,0
اهواز تبریز دریاچه ارومیه,1,36743,0
یزد کاشان اصفهان,1,36743,0
کوهرنگ زاینده ایران,1,36743,0
اصفهان زاینده یزد کاشان,1,36743,0
زاینده پل کله پل کله کجاس جنوب غرب اصفهان یزد اصفهان اصفهان شرق اصفانه یزد سام ون,1,36743,0
زاینده کرمان اصفهان,1,36743,0
خوزستان لرستان کرخه زاینده,1,36743,0
استان تهران استان خوزستان دریاچه ارومیه سد زاینده استان اصفهان,1,36743,0
لرستان چهارمحال اصفهان قم خوزستان خوزستان,1,36743,0
شهر اژیه خرابه شهرک فاطمیه زاینده,1,36743,0
اصفهان عباس محله ی جلفای جنوب غرب زاینده عباس جلفای,1,36743,0
سد خاکی زاینده چهارمحال زاینده سدچم اسمان لنجان,1,36743,0
سرچشمه زاینده تالاب گاوخونی یزد کاشان بروجن سرک وه و تپه,1,36743,0
زاینده یزد پل خواجو یزد پل یزد,1,36743,0
اصفهان استان اصفهان شهر اصفهان زاینده استان اصفهان سیراب گلپایگان نطنز زاینده,1,36743,0
اصفهان زاینده گیلان,1,36743,0
اصفهان رودخانه زاینده خوزستان,1,36743,0
اصفهان فارس یزد قم دریاچه ارومیه,1,36743,0
زاینده ادمی,1,36743,0
اصفهان چهارمحال,1,36743,0
رشت اصفهان زاینده بلوک جی گابان گابه بلوک جی مادیهای نیاصرم فرشادی فدن شایج نایج ناژوان مارن ان سیچان قینان دنارت پینارت ابهر ابر بوزان منجان کنگاز,1,36743,0
چهارمحال چهارمحال دهکرد اصفهان هارت وپ ورت چهارمحال زاینده,1,36743,0
زاینده کاری,1,36743,0
زاینده شهر اصفهان شهر شهرم,1,36743,0
اصفهان اصفهان فیروزه ایران زاینده,1,36743,0
جنوب خدایی زاینده خشکه,1,36743,0
اصفهان زاینده استان اصفهان شهرستان لنجانات اصفهان چهارمحال برنجکاری لطف اصفهان خوزستان پل چهارمحال,1,36743,0
لرستان لرستان استان خوزستان زاینده جاری اصفهان,1,36743,0
زاینده و گاوخونی,1,36743,0
رشت دریاچه نمک قسمت فریدونشهر اصفهان سرچشمه اب میدانک اب میدانک سرداب اب تنگوله لرستان,1,36743,0
اصفهان زاینده زاینده گوشت اصفهان,1,36743,0
پل کله زاینده زاینده سدچم لنجان ات اصفهان,1,36743,0
اصفهان زاینده چهارمحال اصفهان,1,36743,0
کوهرنگ زاینده دوره احمدی نژاد,1,36743,0
یزد کرمان قم,1,36743,0
اصفهان زاینده اصفهان دنیا,1,36743,0
جلگه لنجان زاینده پف,1,36743,0
لنجان زاینده لنجان,1,36743,0
ارومیه زاینده گاوخونی شمال غرب مرکز,1,36743,0
زاینده اصفهان بهشهر یزد,1,36743,0
زاینده دايمیه زاینده رورخانه,1,36743,0
مشهد کرمان یزد قم تهران اصفهان,1,36743,0
اصفهان دریاچه ارومیه زاینده گاوخونی,1,36743,0
یزد کاشان,1,36743,0
شهرستان لنجانات بیده چهارمحال پل کله اب زاینده حلا,1,36743,0
یزد اردکان,1,36743,0
زاینده میلیارد,1,36743,0
جلگه زاینده جلگه,1,36743,0
رود خاته اصفهان,1,36743,0
پلهای زاینده میدان نقش جهان عالی قاپو داخلش ه چهل ستون میدان نقش جهان کلیسا وانک منار جنبون قشنگ شم چهارباغ عباسی چهارباغ خواجو خیابان عباس خیابان خاقانی جلفا,1,36743,0
استانهای عطابخشی اصفهان کوچیکه غربش شرق رودخانه زاینده نگین ایران,1,36743,0
زاینده سد زاینده سد خاکی رودخانه زاینده سد زاینده نرسیده منطقه لنجانات برنج لنجان سد چم اسمان,1,36743,0
شهر اصفهان زاینده ساحل دریای کاسپین,1,36743,0
زاینده زاینده اصفهان اصفهان زاینده,1,36743,0
یزد اصفهان زاینده اصفهان,1,36743,0
ابادی بروجن,1,36743,0
یزد چهارمحال تضعیف اصفهان یزد چهارمحال,1,36743,0
سرچشمه زاینده پلاس جان خوربه مرغاب نعل اشکنان شاهرخی اسیاب تنگزی رودخانه گی حوضه زاینده,1,36743,0
خدنگ ستان لی زاینده اصل,1,36743,0
سد زاینده چهارمحال,1,36743,0
سد زاینده اب چشمه دیم کوهرنگ ماله چهارمحال,1,36743,0
زاینده ابه اصفهان,1,36743,0
رودخانه زاینده تالاب گاوخونی,1,36743,0
اصفهان خوزستان چهارمحال بختیاری زاینده گاوخونی اصفهان,1,36743,0
زاینده رود اصفهان کار,1,36743,0
بو پولکی زاینده,1,36743,0
زاینده مترمکعب کوهرنگ,1,36743,0
چهارمحال بروجن,1,36743,0
ماربین چهارمحال,1,36743,0
بروجن زاینده بن بروجن,1,36743,0
زاینده اصفهان اصفهان خوزستان مازندران,1,36743,0
خانه زاینده خانه تنگ خراب بیشه,1,36743,0
یزد صفهان,1,36743,0
غرب اصفان شهرکرد اصفهان زاینده غرب رودخانه اب پا,1,36743,0
اصفهان اصفهان یزد زاینده چهارمحال سرچشمه اصفهان,1,36743,0
شرق اصفهان جلگه زاینده,1,36743,0
زاینده شهرک صنعت بروجن,1,36743,0
ابا نیل بیریزی زاینده,1,36743,0
زاینده یوتوب یزد زاینده سهم,1,36743,0
زاینده رودخانه دیگ م سرچشمه پلاسجان زاینده مرغاب دالان کوه,1,36743,0
هامون بختگان گاوخونی ارومیه ایران,1,36743,0
سامان شهرکرد اصفهان زاینده رود یزد اصفهان,1,36743,0
دریاچه ارومیه زاینده اصفهان زاگرس خلیج فارس ابادان,1,36743,0
زاینده مظلوم تالاب گاوخونی,1,36743,0
دریاچه ارومیه زاینده گاوخونی هورالعظیم,1,36743,0
ایران دریاچه ارومیه هامون زاینده زاگرس زاینده,1,36743,0
فارس لرستان هامون زاینده کرخه,1,36743,0
ایران ی ارومیه دریاچه ی قم خوزستان زاینده اصفهان تالاب گاوخونی,1,36743,0
جنگل کوه چهارمحال سد زاینده,1,36743,0
دیار زاینده رودیم سراب زاینده چهارمحال تالاب گاوخونی,1,36743,0
زاینده مال اصفهان چهارمحال شهر اونطرفاس,1,36743,0
جاک زاینده کارون سرچشمه زاینده,1,36743,0
اصفهان چخ برا زاینده خشکه,1,36743,0
زاینده زايیده تونل کوهرنگ,1,36743,0
رشت زاینده سرچشمه,1,36743,0
ایران فصلی زاینده استانهای اصفهان چهارمحال خوزستان و کهکیلویه وبویر احمد,1,36743,0
ماخ شک زاینده ارومیه گاوخونی پریشان بختگان حور العظیم هامون ایران,1,36743,0
دریاچه ارومیه زاینده تالاب انزلی دریای خزر هامون جازموریان,1,36743,0
اصفهان اصفهان زاینده اصفهان اصفهان,1,36743,0
کربلا الحرمین زاینده,1,36743,0
کناز زاینده,1,36743,0
گتوند زاینده یزد ایران,1,36743,0
اصفهان زاینده کناره ناژوان,1,36743,0
تالاب گاوخونی تونل زاینده تونل زاینده,1,36743,0
اصفهان ایران ایران اصفهان ایرانه,1,36743,0
زاینده صفا,1,36743,0
جوب مادی زاینده جوب,1,36743,0
دریاچه ارومیه هامون زاینده,1,36743,0
ایران دریاچه قم هور العظیم زاینده کرخه دز,1,36743,0
فلات مرکزی فلات مرکزی یزد کرمان کاشان,1,36743,0
زاینده منظورتان خدنگ ستان چشمه لنگان منطقه اب رخ,1,36743,0
کرمانج رودخانه زاب زاینده مادها اصفهان قزل اوزن,1,36743,0
زاینده دریاچه بختگان ارومیه,1,36743,0
چشمه کوهرنگ زاینده خشک,1,36743,0
شرفی د زاینده دریاچه ارومیه,1,36743,0
زاینده منطقه سامان استان چهارمحال بختیاری,1,36743,0
رشت زاینده دهه,1,36743,0
کویر لوت زاگرس هیرکان نمکزار ارومیه دشت خوزستان اروند,1,36743,0
زاینده اصفهان رودخانه تیمز لندن راین نیل چهارمحال بلوکات اصفهان,1,36743,0
کوهرنگ اصفهان چهارمحال چهارمحال اصفهان,1,36743,0
روستای زاینده استان چهارمحال و بختیاری,1,36743,0
اصفهان شهر اصفهان شهرستان اصفهان زاینده شهرستان جرقویه و کوهپایه شهرستان اصفهان,1,36743,0
زاینده ابه,1,36743,0
رشت کاشان شهر اصفهان زاینده,1,36743,0
رشت زاینده تونل کوهرنگ تونل کوهرنگ چشمه لنگان خدنگستان,1,36743,0
چهارمحال و بختیاری پلاس جان زاینده ثقلی,1,36743,0
رشت زاینده استان چهارمحال وبختیاری,1,36743,0
رشت تالاب گاوخونی اصفهان استان,1,36743,0
رشت زاینده دهه اصفهان,1,36743,0
زاینده تالاب گاوخونی گاوخونی,1,36743,0
چهارمحال زاینده اصفهان,1,36743,0
اصفهان خیابان پنجشنبه,1,36743,0
اصفهان زرین شهر زاینده,1,36743,0
ایران شیراز خانه نوید نیزار ماهشهر ابادان مریوان خانه کولبراش بلوچستان خانه سوختبراش استادیوم مشهد تهران زاینده,1,36743,0
خرداد زرین شهر زرین شهر زاینده,1,36743,0
ایران زاینده یزد ایران,1,36743,0
ایران کویر دریاچه ارومیه اب ایران,1,36743,0
اصفهان زرین,1,36743,0
زاینده دان استان الیه بیلیر اورتاکی لر اصفهان ه را لر تن,1,36743,0
زاینده همایون,1,36743,0
اصفهان زاینده اب سبز کبود اصفهان جهان,1,36743,0
زاینده چهارمحال زاینده,1,36743,0
صکشا لاق زاینده دورش,1,36743,0
زاینده ارومیه کهریزک,1,36743,0
متروپل زاینده,1,36743,0
پاسارگاد زاینده,1,36743,0
زاینده اصفهان چهارمحال,1,36743,0
زاینده نیل میسی اصفهان,1,36743,0
اصفهان زاینده مسجد نقش جهان,1,36743,0
تالاب گاوخونی سد زاینده استان خوزستان,1,36743,0
اصفهان حوضه زاینده دردشت برخوار اصفهان,1,36743,0
خیابان ملک اصفهان اصفهان ایران زاینده,1,36743,0
زاینده اب لنجان,1,36743,0
اصفهان سد زاینده محراب سد شهرستان بنی هفته,1,36743,0
منطقه لنجانات فولادشهر,1,36743,0
دشت اصفهان برخوار منطقه تاریخ زاینده یزد کاشان,1,36743,0
زاینده زاینده خشک,1,36743,0
زاینده رودخانه اذربایجان بلوچستان,1,36743,0
زاینده اصفهان باغ چهارباغ ستون ستون جهان زاینده ایران اصفهان شیراز زاینده,1,36743,0
زاینده گینس زاینده ایران زاینده,1,36743,0
اصفهان یزد کرمان خوزستان اصفهان شاهین شهر اصفهان,1,36743,0
خوزستان ا زاینده,1,36743,0
اذربایجان زاگرس جلگه سرسبز خوزستان زاینده اصفهان,1,36743,0
نقش جهان اصفهان,1,36743,0
اصفهان کربلای زاینده,1,36743,0
شمال غرب دن دانیشیر ارس دن زاینده ادام گرک شرافت قالیر تورکینین گوتین یالی اسو ز ارس اذربایجان گوروسا هش کاروزدا,1,36743,0
شهر اصفهان میدان نقش جهان,1,36743,0
زاینده مهم کویر,1,36743,0
اصفهان پدری,1,36743,0
زاینده جاریه,1,36743,0
زاینده رفسنجان زاینده رودخانه,1,36743,0
اصفهان اصفهان زاینده سال,1,36743,0
استان اصفهان حوضه زاینده اصفهان,1,36743,0
اصفهان جهان میدان نقش جهان اصفهان,1,36743,0
زاینده اصفهان شرق اصفهان خروج چهارمحال وبختیاری اصفهان,1,36743,0
خوزستان زاینده کاشان یزد کرمان خوزستان سد زاینده,1,36743,0
ایران زاینده دریاچه ارومیه سیستان و بلوچستان,1,36743,0
رودخانه زاینده باغ بهادران منطقه چم حیدر,1,36743,0
زاینده اصفهان اصفهان الاح واز,1,36743,0
چهلستون عالی قاپو نقش جهان کوه صفه زاینده گز,1,36743,0
کرخه زاینده مازندران,1,36743,0
زاینده پارک,1,36743,0
غرب و شرق اصفهان ی گاوخونی زاینده,1,36743,0
اصفهان ایرانه,1,36743,0
زاینده پلها,1,36743,0
زاینده چشمه,1,36743,0
ایران چهارمحال زاینده,1,36743,0
اصفهان زاینده چیک,1,36743,0
دهکده تفریحی زاینده,1,36743,0
استان چهارمحال وبختیاری ابریز زاینده دبی,1,36743,0
اصفهان زاینده ابش,1,36743,0
شهر اصفهان زاینده زاینده گاوخونی,1,36743,0
زاینده پارک ازمون,1,36743,0
سد زاینده چارت,1,36743,0
ابم ارومیه زاینده اصفهان,1,36743,0
خوزستان کرخه کرخه خوزستان اصفهان,1,36743,0
زاینده سد زاینده ابش,1,36743,0
نا ژوان ی بیشه پارک خوشگل زاینده,1,36743,0
شهرکرد زاینده کوهرنگ کوهرنگ محالم اصفهان چهارمحال اصفهان,1,36743,0
زاینده دریاچه ارومیه سیستان و خوزستان,1,36743,0
اصفهان یزد اصفهان منطقه جاری یزد,1,36743,0
زاینده استان اصفهان چهارمحال بختیاری زاینده استان اصفهان,1,36743,0
خوزستان سیستان دریاچه ارومیه,1,36743,0
صفهان زاینده بازه,1,36743,0
زاینده شهر تصفهان,1,36743,0
تهران اصفهان زاینده اصفهان اصفهان,1,36743,0
زاینده مال ایران زاینده مال اصفهان اصفهان,1,36743,0
زاینده خشکه داش اق,1,36743,0
زاینده رییسی اصفهان زاینده اصفهان,1,36743,0
اصفهان زاینده کشاورز شرق و غرب اصفهان,1,36743,0
اذربایجان غرب شهر میاندواب زرینه زاینده,1,36743,0
دریای جنوب,1,36743,0
زاینده شهر شرق و جنوب اصفهان,1,36743,0
هورالعظیم زاینده ارومیه زاگرس بخشش کاسپین خلیج فارس,1,36743,0
اصفهان بوستان سعدی,1,36743,0
زاینده شرق غرب اصفهان زاینده رود,1,36743,0
زاینده گاوخونی شهر اصفهان باتلاق گاوخونی,1,36743,0
زاینده سامان استان اباری افتاده اصفهان تالاب گاوخونی,1,36743,0
اصفهان زاینده ابه,1,36743,0
چهارمحال حوضه زاینده چهارمحال وبختیاری اصفهان,1,36743,0
برنج کاری ول شلمغزن,1,36743,0
زاینده کوههای زاگرس,1,36743,0
جاده فرودگاه زاینده,1,36743,0
استان اصفهان بروجن,1,36743,0
چهارباغ اصفهان زاینده ایران,1,36743,0
اصفهان زاینده یزد اصفهان زاینده رود,1,36743,0
زاینده یزد ایران ایران,1,36743,0
زاینده خشکه ایران اصفهان,1,36743,0
رودخانه زاینده مستقیم اصفهان جونقان,1,36743,0
ابادان اصفهان زاینده خوزستان,1,36743,0
زاگرس کویر کویر طبیعی زاینده,1,36743,0
حوضه زاینده استان اصفهان استان شهرکرد,1,36743,0
یزد اصفهان شاهین شهر تهران خوزستان ایران,1,36743,0
زاینده شرق اصفهان زاینده جاری,1,36743,0
زاینده پام,1,36743,0
شهر تهران چهارراه استانبول اصفهان,1,36743,0
حوضه خدنگ ستان تونل چشمه لنگان,1,36743,0
زاینده دهه,1,36743,0
جلگه خوزستان کویر لوت زاینده اب,1,36743,0
اصفهان زاینده کرمان کرمان,1,36743,0
زاینده زاینده تالاب گاوخونی,1,36743,0
اصفهان زاینده رود نقش جهان زاینده,1,36743,0
اصفهان شیراز اصفهان همدان همدان اصفهان زاینده اب,1,36743,0
لرستان زاینده ارتباطی لرستان لرستان کرخه و خوزستان زاینده اصفهان,1,36743,0
اصفهان خوزستان اصفهان یزد زاینده یزد,1,36743,0
زاینده اصفهان چهارمحال چهارمحال اطراف,1,36743,0
سد زاینده سهمیه انشهر اصفهان,1,36743,0
کویر اصفهان زاینده اصفهان اصفهان,1,36743,0
غرب اصفهان لرستان خوزستان شرق اصفهان ابریز زاینده خشکه,1,36743,0
ایران دریاچه دریاچه ارومیه شورابل زاینده گاوخونی,1,36743,0
هتل اسمان,1,36743,0
زاینده صنایع اب بادام چهارمحال وبختیاری,1,36743,0
رشت پلی گون زرد رودخانه زاینده,1,36743,0
کوه صفه,1,36743,0
زاینده جوی,1,36743,0
اصفهان زاینده شهری,1,36743,0
زاینده کوههای الپ,1,36743,0
پایگاه لوله زاینده,1,36743,0
ذوب,1,36743,0
له زاینده تاسیس,1,36743,0
زاینده سی پل خواجو اصفهان ایران,1,36743,0
زاینده شمال جنوب و شرق و غرب پل بزرگمهر مشتاق کمال اسماعیل,1,36743,0
کویر اصفهان چابهار بندرعباس,1,36743,0
حوضه ابریز زاینده اصفهان چهارمحال,1,36743,0
رودخانه زاینده حوضه ابریز زاینده,1,36743,0
یزد زاینده یزد,1,36743,0
زاینده مصفا,1,36743,0
یو زالله,1,36743,0
اصفهان نوار زاینده پل بزرگمهر خانه رودخانه,1,36743,0
سد چم اسمان باغ بهادران سد اردیبهشت دبی سد زاینده اب,1,36743,0
اصفهان زاینده نونی,1,36743,0
ابل,1,36743,0
زاینده بروجن اصفهان,1,36743,0
الموت قزوین اصفهان,1,36743,0
گاوخونی ابریز خوزستان,1,36743,0
شهر اصفهان زاینده چهارباغ,1,36743,0
خوزستان خوزستان اصفهان اصفهان,1,36743,0
اصفهان گرمه زاینده قدم,1,36743,0
یزد کرمان خوزستان زاینده اصفهان چهر امح چهارمحال یا استان اصفهان,1,36743,0
زاینده سالی ابه ابو مرداویج چهارباغ عباسی کوه صفه نا ژوون,1,36743,0
اصفهان ازل زاینده کویر ابو علف,1,36743,0
زاینده اصفهان ایران خرمشهر کردستان,1,36743,0
اصفهان زاینده یگان,1,36743,0
خانه حیاط,1,36743,0
رودخانه زاینده فلاورجان غرب اصفهان,1,36743,0
زاینده فلاورجان,1,36743,0
دریاچه ارومیه زاینده هیرمند دریاچه بختگان دریاچه هامون دریاچه نیریز دریاچه مهارلو دریاچه پریشان,1,36743,0
یزد فلات مرکزی ایران,1,36743,0
اصفهان یزد یزد اصفهان,1,36743,0
رودخانه زاینده سلام,1,36743,0
زاینده غرب استان اصفهان,1,36743,0
اصفهان زاگرس کهگیلویه یزد یزد,1,36743,0
اصفهان اردیبهشت اصفهان,1,36743,0
رودخانه زاینده صفا,1,36743,0
زاینده اصفهان منطقه اصفهان,1,36743,0
شهرکرد کوهرنگ زاینده اصفهان,1,36743,0
زاینده دلم,1,36743,0
شرق استان اصفهان,1,36743,0
رودخانه ملی زاینده یزد,1,36743,0
تالاب گاوخونی زاینده اصفهان,1,36743,0
زاینده بهشهر اصفهان,1,36743,0
خیابان ارازشه,1,36743,0
زاینده اصفهان اصفهان شیراز پل وحید پل بزرگمهر,1,36743,0
زاینده دریای,1,36743,0
اصفهان کهگیلویه و خوزستان دریاچه ارومیه زاینده الکی,1,36743,0
زاینده اصفهان یزد اصفهان اصفهان,1,36743,0
رشت ازادگان دریاچه سد زاینده نهر ازادگان,1,36743,0
زاینده قدیم,1,36743,0
دلس تان زاینده مرکزی,1,36743,0
زاینده چهارمحال و لرستان خوزستان,1,36743,0
دریا,1,36743,0
اصفهان زاینده خیابان نیروی,1,36743,0
شهرکرد ده گرد دهکرد شهرکرد,1,36743,0
کافه پل خواجو,1,36743,0
اصفهان زیبا زاینده,1,36743,0
زاینده اصفهان یزد چهارمحال,1,36743,0
شن وم زاینده اصفهان,1,36743,0
استان چهارمحال وبختیاری دیار زاینده اصفهان,1,36743,0
سد کوچری گلپایگان,1,36743,0
سیستان بلوچستان اصفهان زاینده شهری,1,36743,0
اصفهان چهارمحال تفریح زاینده رد,1,36743,0
خنگ بکر و زیبا چهارمحال وبختیاری زاینده زیبا,1,36743,0
اصفهان زاینده خوزستان چهارمحالم رودخونه,1,36743,0
ایران ایران ایران ایران ایران ایران ایران ایران,1,36743,0
روستاهای چهارمحال وبختیاری دنباله رودخانه رودخانه زاینده اصفهان,1,36743,0
اصفهان زاینده زیبا پل خواجو,1,36743,0
لس انجلس,1,36743,0
زاینده بهشهر کویری یزد شهر اردکان,1,36743,0
زاینده خشک قایم شهر,1,36743,0
رشت سد زاینده,1,36743,0
اصفهان زاینده و گاوخونی,1,36743,0
قره داغ,1,36743,0
رودخانه زاینده رودخانه زاینده,1,36743,0
چهارمحال زاینده اب چهارمحال,1,36743,0
شهر زیبايی سامان چهارمحال وبختیاری پل خان زاینده,1,36743,0
بدرود رودخروشان زاینده پرستان,1,36743,0
اصفهان مصلی ورزشگاه نقش جهان مترو مصلی,1,36743,0
ابگیر گلاب زاینده,1,36743,0
اصفهان زاینده اصفهان بروجن کوهرنگ,1,36743,0
شهرکرد خوزستان اصفهان زاینده اصفهان یزد اصفهان,1,36743,0
شهرکرد خوزستان اصفهان اصفهان یزد اصفهان,1,36743,0
شاهین,1,36743,0
کارون زاینده مارون زاینده روده,1,36743,0
شهرکرد خوزستان اصفهان اصفهان,1,36743,0
زاینده زاینده زاینده زاینده,1,36743,0
اصفهان یزد کاشان اصفهان,1,36743,0
زاینده دزدد فلات مرکزی ایران,1,36743,0
اصفهان اصفهان استان چهارمحال اصفهان چم اسمان کارخونههای یزد,1,36743,0
زاینده اصفهان تالاب گاوخونی اصفهان,1,36743,0
نقش جهان چهلستون زاینده خیابان چهارباغ,1,36743,0
زاینده شهرستان سامان,1,36743,0
سدم زاینده استان چهارمحال وبختیاری اصفهان کاشان اصفهان,1,36743,0
زاینده پل اذر ناژوان,1,36743,0
زاینده انزلی,1,36743,0
پل زاینده,1,36743,0
زاینده اشک,1,36743,0
سد زاینده فروردین بیر گان زاینده فروردین زاینده فروردین تونل گلاب فروردین سد زاینده پ ن استان چهارمحال و بختیاری,1,36743,0
زاینده اب پل خواجو اصفهان,1,36743,0
ورز اصفهان اصفهان زاینده,1,36743,0
اصفهان اصفهان شهر اصفهان زاینده زاینده,1,36743,0
شمال ن زاینده,1,36743,0
اصفهان زاینده علايمی,1,36743,0
زاینده خشک ارومیه,1,36743,0
سامانه شرب اصفهان حوضه زاینده استان اصفهان,1,36743,0
باغی بهنام سعادت کرانه جنوبی زاینده,1,36743,0
نیل مری,1,36743,0
تونل چشمه لنگان فریدونشهر اصفهان زاینده خاطرتون,1,36743,0
صف زاینده پل خواجو,1,36743,0
شرق اصفهان زاینده یزد یزد,1,36743,0
اصفهان باغ زاینده,1,36743,0
سامان زاینده بهشتی چشمه دیمه چشمه سندگان کوهرنگ,1,36743,0
زاینده سیل,1,36743,0
اصفهان المان اصفهان سد زاینده,1,36743,0
زاینده جندین,1,36743,0
تالاب المللی گاوخونی رودخانه زاینده هامون اشوراده ایران,1,36743,0
گاوخونی زاینده دلشان ایران,1,36743,0
استان احمدی نژاد استان سرچشمه زاینده گاوخونی,1,36743,0
زاینده پل اورگان سد زاینده,1,36743,0
اصفهان زاینده مرده اصفهان,1,36743,0
زاینده ابش سد زاینده,1,36743,0
دریاچه سد زاینده,1,36743,0
ایران زاینده قضاوت,1,36743,0
زاینده ساحل قشم,1,36743,0
تهران اصفهان یزد تبریز,1,36743,0
رودخانه زاینده استانهای چهارمحال وبختیاری اصفهان استان محال بختیاری,1,36743,0
تالاب هورالعظیم رودخانه زاینده جنوبی تهران,1,36743,0
سد زاینده کشاورز غرب و شرق استان اصفهان رودخانه زاینده اصفهان زاینده,1,36743,0
الیگودرز قم اشترانکوه زاینده کوهرنگ,1,36743,0
تونل گلاب تونل گلاب تونل کوهرنگ اصفهان بروجن خوزستان چهارمحال ایران اصفهان زاینده,1,36743,0
اصفهان اصفهان خانه ننجانش,1,36743,0
زاینده بیابان,1,36743,0
پل خواجو نمایی زاینده ازروی,1,36743,0
خیابان طلاب مشهد,1,36743,0
اصفهان زاینده پلها,1,36743,0
اصفهان زاینده تاریخی اب,1,36743,0
اصفهان زاینده فروردین ماه,1,36743,0
اصفهان چهارباغ زاینده سیر,1,36743,0
کوه دماوند سد فنیسک هورالعظیم,1,36743,0
لبی زاینده اصفهان,1,36743,0
اصفهان نقش جهان,1,36743,0
رودخانه زاینده خروشان,1,36743,0
دریاچه ارومیه زاینده تقصیر,1,36743,0
زاینده سوزن,1,36743,0
اصفهان اصفهان اصفهان هتل چهل پنجره دهه هشتاد زاینده,1,36743,0
زاینده دره,1,36743,0
جهان زاینده باغ بهادران بند انحرافی یزد جاده ذوب اهن زرین شهر جاده شهرکرد شکم دون باغ بردون زاینده ابست,1,36743,0
دریای شمال کثیف,1,36743,0
کرخه اصفهان زاینده,1,36743,0
خلیج بنز پایه ایران زاینده,1,36743,0
ایرانشهر ایرانشهر,1,36743,0
اصفهان اصفهان اصفهان اصفهان زاینده اصفهان,1,36743,0
چهارمحال بختیاری فولاد چهارمحال,1,36743,0
سیمان شهرکرد,1,36743,0
سد مخزنی زاینده تونل کوهرنگ,1,36743,0
زاینده سراب تالاب المللی گاوخونی,1,36743,0
سد زاینده بازه,1,36743,0
زاینده اصفهان زاینده سامان,1,36743,0
استان اصفهان زاینده زاینده,1,36743,0
رودخانه شاهرود,1,36743,0
زاینده اصفهان بهمن اصفهان,1,36743,0
زاینده پل چوبی پل مارنان پل خواجو کوه صفه سیتی سنتر میدان نقش جهان چهارباغ چهارباغ عباسی,1,36743,0
زاینده رود یزد کاشان اصفهان,1,36743,0
زاینده شهره,1,36743,0
زاینده اصفهان شرق غرب اصفهان بهشهر اصفهان,1,36743,0
زاینده درچه,1,36743,0
اصفهان زاینده نخشک تالاب گاوخونی زاینده,1,36743,0
تونل کوهرنگ استان سد هزارو دویست بند سد سد زاینده,1,36743,0
کرخه زاینده ایران,1,36743,0
کاشان کاشان زاینده زاینده,1,36743,0
زاینده پیداکرده سی,1,36743,0
اصفهان زاینده جهانگیری,1,36743,0
ایران دریاچه ارومیه دریاچه ارومیه ایران دریاچه ارومیه,1,36743,0
اصفهان تبریز خونه زاینده خونه باغ,1,36743,0
زاینده اینور,1,36743,0
کوه باغ مهاجر خوزستان,1,36743,0
رودهای سمیرم فریدونشهر اصفهان برویم برشون گردون زاینده,1,36743,0
اصفهان زاینده رود اصفهان,1,36743,0
غور غوری,1,36743,0
اصفهان زاینده چهارباغ عباسی تل,1,36743,0
زاینده صفایی شهر اصفهان,1,36743,0
رودخانه رودخانه دهقان مبارکه زاینده,1,36743,0
زاینده ابس,1,36743,0
پرشده زاینده ابو فروردین,1,36743,0
باغ پرندگان عالی قاپو بازار مسگرا پل خواجه زاینده,1,36743,0
رودخانه دهاقان زاینده دهاقان,1,36743,0
شرق اصفهان استان چهارمحال وبختیاری,1,36743,0
زاینده فروردین,1,36743,0
تالاب گاوخونی زاینده اهرم,1,36743,0
سد زاینده ساعت,1,36743,0
شهرم ون بارانیه خونه,1,36743,0
اراک یکیش اره قم زاینده,1,36743,0
یزد شهرکرد اصفهان,1,36743,0
زاینده ایران زاینده خرد,1,36743,0
زاینده سد زاینده سد زاینده,1,36743,0
زاینده بهنام,1,36743,0
ماشین امون زاینده فرجی,1,36743,0
شهر مرده زاینده خشکه,1,36743,0
استان خوزستان اصفهان اصفهان زاینده اصفهان,1,36743,0
ون دنیزدن گوت رمز لر دنیز شوراولار چایدان گوتورل ر میان قزل اوزون دوغموش بو چای اغندا,1,36743,0
طارم دوی اکیلیر اصفهان بیر زاینده وارکی قوری ور,1,36743,0
منا زاینده دزد,1,36743,0
پاساژ زاینده معدن شن,1,36743,0
محله اصفهان زاینده اصفهان,1,36743,0
اصفهان چهارباغ زاینده صفه پارک جلفا نقش جهان,1,36743,0
زاینده نا,1,36743,0
پلا ی وود میسی سی و سی پل زاینده,1,36743,0
شهر زاینده زرین شهر,1,36743,0
اصفهان یزد چهارمحال بختیاری زاینده,1,36743,0
تهران مشهد حرم رضا گلستان کویر یزد,1,36743,0
زاینده فیض,1,36743,0
پل خواجو زاینده پراب,1,36743,0
اصفهان ایران اصفهان زاینده,1,36743,0
ایران تبریز زاینده بختیاری یزد لرستان قم اذربایجان رییسی,1,36743,0
دریاچه ارومیه زاینده خشک,1,36743,0
شهر زاینده جوان,1,36743,0
جاده چالوس تخت جمشید زاینده اب قلعه رودخان ایران ایران ایران,1,36743,0
هامون ارومیه زاینده بختگان هورالعظیم,1,36743,0
قمرود زاینده رفسنجان,1,36743,0
سفید,1,36743,0
زاینده کوه,1,36743,0
اصفهان ابادان زاینده,1,36743,0
زاینده گاوخونی اصفهان خوزستان,1,36743,0
سامان اصفهان چهارمحال صنعت,1,36743,0
استان اصفهان چهارمحال وبختیاری,1,36743,0
گاوخونی دق سرخ شمال اصفهان رودخانه زاینده گاوخونی,1,36743,0
زاینده کشاورز شرق اصفهان غرب کشاورز غرب اصفهان,1,36743,0
اصفهان زاینده رشت اصفهان ابادان دریاچه چیتگر,1,36743,0
زاینده عاشقی,1,36743,0
رودخانه زاینده خشک گیلان مازندران,1,36743,0
زاینده میدوند نقش جهان,1,36743,0
بام ایران زاینده کشک دوغ,1,36743,0
اصفهان پلهای خواجه سی,1,36743,0
محوطه زاینده استخری نا ژوون پل شهرستان راکت,1,36743,0
شهرکرد زمین,1,36743,0
گردوی تایی زاینده,1,36743,0
زاینده پساب,1,36743,0
زاینده شهر خوزستان,1,36743,0
دیار سی رودخانه زاینده,1,36743,0
خوانسار رودخانه زاینده پیست فریدونشهر,1,36743,0
زاینده نرفتم,1,36743,0
زاینده اصفهان یزد,1,36743,0
اصفهان استان چهارمحال بختیاری,1,36743,0
منطقه بهرام گور فارس,1,36743,0
رودخانه مقدسی زاینده اصفهان,1,36743,0
زاینده شهر اصفهان شهر اصفهان,1,36743,0
مازندران مازندارن,1,36743,0
زاینده غرب استان اصفهان تونل کوهرنگ بختیاری سد زاینده استان اصفهان رد شهرستان بن و سامان استان اصفهان,1,36743,0
دریاچه ارومیه اصفهان زاینده قسمت,1,36743,0
زاینده اصفهان زاینده بهمن شرق غرب اصفهان,1,36743,0
اصفهان خیابان سلمان فارسیه زاینده پل غدیر,1,36743,0
سرچشمه زاینده سال,1,36743,0
پل خواجو سی زوجی,1,36743,0
زاینده زاینده خشکه سد زاینده,1,36743,0
زاینده پل اصفهان,1,36743,0
پل مارنون پل مارنان اصفهان,1,36743,0
اصفهان خشک,1,36743,0
زاینده جامو شهر ماشاالله,1,36743,0
زاینده اب اصفهان زاینده,1,36743,0
منطقه زاینده فولاد مبارکه,1,36743,0
اصفهان گلستان خیابان سپه میدوند نقش جهان حاج میرزا رستوران شهرزاد چهارباغ عباسی,1,36743,0
سد زاینده اباری کشت شرق اصفهان,1,36743,0
حور العظیم زاینده ارومیه,1,36743,0
سد زاینده بدار اباری کشت شرق اصفهان,1,36743,0
تنگ اصفهان زاینده ابس,1,36743,0
اصفهان زاینده روانه,1,36743,0
اصفهان زاینده اب دنیا,1,36743,0
اصفهان رودخانه خشک زاینده اصفهان,1,36743,0
ایران اصفهان شهربازی ابشار زاینده,1,36743,0
زاینده پارک ملت مشهد,1,36743,0
زاینده خشک اصفهان شیراز,1,36743,0
قله توچال ازادی زاینده,1,36743,0
اصفهان تهران اصفهان پل خواجو سی پل زاینده,1,36743,0
شمال کیش نقش جهان خیابان خاقانی جلفا کوه صفه زاینده پل پل خواجو ارشاد,1,36743,0
اصفهان باغ فدک,1,36743,0
رودخانه جاری,1,36743,0
کوهرنگ زاینده چشمه کوهرنگ,1,36743,0
اصفهان اسم زاینده,1,36743,0
بهشهر زاینده اصفهان,1,36743,0
غرب اصفهان رودخانه فصلی دهاقان زاینده,1,36743,0
جاده قشنگنها زاینده بازه,1,36743,0
لرستان زاینده بریفین,1,36743,0
زاینده روح اصفهان,1,36743,0
هیرمند زاینده زنده,1,36743,0
سی اصفهان,1,36743,0
زاینده زاینده خشکه شیراز,1,36743,0
اصفهان پل زاینده میدان نقش جهان,1,36743,0
زاینده گل,1,36743,0
اصفهان اروپا,1,36743,0
زاینده شهرستان فریدن اصفهان,1,36743,0
دریا میقان رودخانه سال,1,36743,0
زاینده اب خشک پل مارنون,1,36743,0
اصفهان اصفهان ایران دریاچه ارومیه زاینده اصفهان,1,36743,0
خواجو زاینده حمایت,1,36743,0
هورالعظیم خوزستان اصفهان خوزستان,1,36743,0
زاینده پل خواجو چهارباغ,1,36743,0
اصفهان شیراز,1,36743,0
اصفهان پل خواجوی اصفهان,1,36743,0
زاینده ناموس اصفهان,1,36743,0
اب زاینده,1,36743,0
اصف,1,36743,0
شهرستان فریدن زاینده اصفهان ایران,1,36743,0
زاینده پز,1,36743,0
اصفهان رستوران زاینده,1,36743,0
فرحزاد زاینده خشکاندن,1,36743,0
زاینده ثانیه اصفهان,1,36743,0
حوضه ابریز زاینده,1,36743,0
پل زاینده اب کشاورز,1,36743,0
زاینده رفتم پل جخ بچه,1,36743,0
زاینده گوه,1,36743,0
زاینده دریاچه ارومیه جنوب کشور,1,36743,0
اصفهان اصفهان سويیچ زاینده,1,36743,0
گوس ال زاینده,1,36743,0
پل شهرستان زاینده,1,36743,0
زاینده بهمن,1,36743,0
شهر اصفهان زاینده ایران اصفهان اصفهان,1,36743,0
زاینده کاشان نایین نطنز زاینده ذوب سیمان سپاهان,1,36743,0
پتروشیمی نیروگاه برق اتمی نطنز شهرک صنعت ایتان اصفهان,1,36743,0
چهارمحال اوص زاینده,1,36743,0
اریزونا اصفهان زاینده کوه صفه,1,36743,0
زاینده داروین ارومیه,1,36743,0
زاینده کثیف اصفهان چهارمحال وبختیاری خوزستان,1,36743,0
شهرکرد زاینده یزد زابل,1,36743,0
زاینده شرق,1,36743,0
زاینده گز,1,36743,0
اصفهان رودخانه زیبای زاینده و صفا اصفهان,1,36743,0
زاینده نمیروم,1,36743,0
زاینده دوازده,1,36743,0
رودخانه اب کظم سد زاینده و استان چهارمحال وبختیاری,1,36743,0
باغهای شمیران سرسبز گلستان مازندران زاینده اسمان خوزستان زاگرس دشت ارژن دریاچه ارومیه,1,36743,0
کوهرنگ حوضه معنایی حوصه کارانه زاینده,1,36743,0
محله جلفا زاینده,1,36743,0
بهمن زاینده,1,36743,0
پل زاینده خیابان چهارباغ,1,36743,0
زاینده بهمن اصفهان سد زاینده,1,36743,0
اصفهان زاینده اصفهان شهرکرد,1,36743,0
زاینده تونل کوهرنگ چهارمحال,1,36743,0
سد زاینده زاینده استان اصفهان زاینده اصفهان سد زاینده,1,36743,0
پل خواجو زاینده قشنگ,1,36743,0
تهران اصفهان زاینده,1,36743,0
زاینده پلهای اصفهان,1,36743,0
سد زاینده رود زاینده حمام,1,36743,0
مازندران مازندران مازندران مرکزی ایران استان فارس اصفهان زاینده,1,36743,0
زاینده دریا اصفهان,1,36743,0
رودخانه زاینده جاری,1,36743,0
رودخانه میشو,1,36743,0
اصفهان فلات مرکزی ایرانه ایران,1,36743,0
زاینده بازش,1,36743,0
اصفهان کوهرنگ بختیاری اصفهان,1,36743,0
شهر زاینده زند,1,36743,0
زاینده رد زاینده,1,36743,0
زاینده اصفهان زاینده خانه زاینده,1,36743,0
پارک ملت مشهد,1,36743,0
زاینده زیبا بهمن اصفهان زاینده,1,36743,0
زاینده رودن,1,36743,0
سد زاینده سد کشت کشاورز شرق,1,36743,0
اصفهان زاینده مهاجر,1,36743,0
باز,1,36743,0
استان چهارمحال و اصفهان چهارمحال رفتند,1,36743,0
اصفهان زاینده کویر,1,36743,0
سد زاینده اصفهان زاینده اصفهان زاینده,1,36743,0
زاینده سد اصفهان,1,36743,0
زاینده اصفهان اصفهان چهارمحال اصفهان,1,36743,0
سد زاینده ابن,1,36743,0
خوزستان اصفهان اصفهان چهارمحال زاینده نمیگویید,1,36743,0
دشت زرین کوهرنگ استان چهارمحال وبختیاری سد زاینده,1,36743,0
سد زاینده اصفهان زاینده اصفهان,1,36743,0
اصفهان زاینده برف,1,36743,0
سد زاینده اصفهان اصفهان اصفهان,1,36743,0
قشم کیش,1,36743,0
زاینده م,1,36743,0
جمکران سیستان زاینده دریاچه ارومیه,1,36743,0
کوهرنگ بهمن سد زاینده,1,36743,0
اصفهان زاینده مرز لرستان اصفهان,1,36743,0
زاینده کیا,1,36743,0
صفهان زاینده خشک روستای اب وهوا,1,36743,0
رودخانه زاینده خشکه,1,36743,0
اصفهان اصفهونم زاینده,1,36743,0
شاهین شهر اصفهان اصفهان زاینده شیراز,1,36743,0
زاینده فردی,1,36743,0
اصفهان bb,1,36743,0
قشم کیش تخت جمشید,1,36743,0
چار باغ پل خواجو,1,36743,0
اصفهان رودخانه چسبوندش بهشهر,1,36743,0
زاینده کوهرنگ بختیاری,1,36743,0
شمال اصفهان گیلان مازندران باغ ویلا سامان چهارمحال زاینده دردناک,1,36743,0
اصفهان زاینده زاینده اصفهان ایران,1,36743,0
کوهای زرد کوهه,1,36743,0
دیماه زاینده,1,36743,0
اصفهان زاینده اب شهر اصفهان,1,36743,0
شمال جنوب زاینده مرزه,1,36743,0
زاینده استانهای,1,36743,0
زاینده برف زاینده,1,36743,0
زاینده برف,1,36743,0
اصفهان ایران رودخانه زاینده اصفهان اصفهان,1,36743,0
دریاچه ارومیه نخلستانهای خوزستان,1,36743,0
سیستان بلوچستان خراسان یزد کرمان اصفهان اصفهان,1,36743,0
دشت زاینده,1,36743,0
زاینده نیزار ماهشهر,1,36743,0
تهران زاینده اصفهان,1,36743,0
هیون زاینده سی پل اصفهان,1,36743,0
زاینده احمقها,1,36743,0
چهارباغ زاینده,1,36743,0
زاینده اصفهان ایران ایران اصفهان اصفهان,1,36743,0
زاینده بزن کردستان کرم ونشا,1,36743,0
زاینده اصفهان چهارمحال ه,1,36743,0
اصفهان زاینده ازمون,1,36743,0
زاینده رود زاینده,1,36743,0
زاینده چاه سال مکران,1,36743,0
شیراز زاینده خشکه,1,36743,0
زاینده استان اصفهان کردستان چهارمحال وبختیاری جهان,1,36743,0
زاینده روده زاینده شهر,1,36743,0
سرچشمههای دراستان چهارمحال وبختیاری خلیج فارس بهشت اباده چهارمحال وبختیاری,1,36743,0
سد میناب سد زاینده شکر,1,36743,0
هرمزگان اردبیل تهران خراسان رضوی گیلان سیستان و بلوچستان,1,36743,0
زاینده بیست,1,36743,0
فریدونشهر مال اصفهان فکرنکنم زاینده,1,36743,0
زاینده شعبه امازون,1,36743,0
زاینده خانه زاینده,1,36743,0
دشت اصفهان برخوار زاینده خانه هامان تاریخی اصفهان,1,36743,0
بروجن زاینده اصفهان,1,36743,0
دریاچه ارومیه خوزستان سیستان بلوچستان,1,36743,0
زاینده احمدی نژاد اصفهان چهارمحال یزد قم,1,36743,0
دانشگاه زاینده,1,36743,0
زاینده و ماهشهر,1,36743,0
زاینده همشهری,1,36743,0
ایران زاینده خشک ایران,1,36743,0
سیستان و بلوچستان خوزستان زاینده اصفهان,1,36743,0
اصفهان زاینده پراگ,1,36743,0
نطنز اصفهان زاینده,1,36743,0
جهان جهان مشهد اصفهان زاینده مشهد باغ پرندگان پل خواجو,1,36743,0
زاینده سد زاینده کوهرنگ,1,36743,0
زاینده اصفهان شمال کیش,1,36743,0
زاینده گوتو ارومیه بختگان,1,36743,0
جلفای اصفهان رودخانه زاینده جلفا جلفا,1,36743,0
زاینده کمیجان رشت,1,36743,0
شرق مسیر زاینده,1,36743,0
سی زاینده,1,36743,0
زاینده اب زاینده خاک اصفهان منطقه اصفهان,1,36743,0
فرودگاه قم,1,36743,0
زاینده تنه,1,36743,0
سد چم اسمان اصفهان سد چم اسمان یزد اصفهان چهارمحال,1,36743,0
زاینده اصفهان چهارم حال و بختیاری,1,36743,0
زاینده کنارش اسداباد دیزیچه,1,36743,0
رودخانه استان اصفهان استان چهارمحال وبختیاری,1,36743,0
لنجان زاینده سال,1,36743,0
چهارمحال زاینده تهران,1,36743,0
زاینده جان ایران,1,36743,0
چهارمحال و خوزستان اصفهان زاینده تالاب گاوخونی اصفهان,1,36743,0
زاینده زاینده خشک اتشگاه شهر دوره صفه کوهه,1,36743,0
زاینده سد بن,1,36743,0
استان تونل کوهرنگ سرچشمههای زاینده,1,36743,0
شهر اصفهان اصفهان زاینده فریدون شهر خوانسار سمیرم,1,36743,0
اصفهان اب زاینده,1,36743,0
زاینده مادیها اصفهان تالاب گاوخونی یزد,1,36743,0
زاینده فلات مرکزی اصفهان,1,36743,0
زاینده غرق سامان,1,36743,0
دشت اصفهان زاینده,1,36743,0
زاینده رودن زاینده جعفری,1,36743,0
ساحل خشک زاینده بدوی,1,36743,0
زاینده کوه سرچشمه زیبای دوست,1,36743,0
مرداب انزلی زاینده,1,36743,0
زاینده بختگان دریاچه ارومیه,1,36743,0
خانه زیارت,1,36743,0
قاهره منصور امان,1,36743,0
سد زاینده شفا,1,36743,0
اصفهان کوچه جلفا کوچه جلفا اصفهان زاینده,1,36743,0
سد زاینده کوهرنگ پل سودرجان اذر,1,36743,0
اصفهان اصفهان دریاچه خلیج فارس یزد بهشهر زاینده,1,36743,0
زاینده سکس,1,36743,0
تهران زاینده نی سیستان,1,36743,0
اصفهان زاینده لذت باغ بهادران زاینده میبندند,1,36743,0
زاینده ود مبارکه,1,36743,0
اصفهان باغ چهارباغ ستون ستون پل پل شهر جهان زاینده,1,36743,0
اب زاینده باغبهادر,1,36743,0
شهر باستان اصفهان ایران,1,36743,0
ایران کوهرنگ زاینده,1,36743,0
شهرکرد سامان زاینده,1,36743,0
شکر زاگراس زاینده,1,36743,0
زاینده کوههای خمینیشهر,1,36743,0
زاینده زاینده کویر ایران,1,36743,0
زاینده و فریدونشهر اصفهان,1,36743,0
رود خونمون رود خونتون,1,36743,0
اصفهان محله خانه اصفهان زاینده چال نفر,1,36743,0
کوهرنگ شهرکرد اصفهان سد زاینده,1,36743,0
زایند رود,1,36743,0
زاینده اصفهان شهرکرد,1,36743,0
اصفهان زاینده کوهرنگ,1,36743,0
ایران زاینده هامون,1,36743,0
ایران زاینده دریاچه ارومیه هامون کارون,1,36743,0
استان جنوب کشور یزد خلیج فارس,1,36743,0
تنگه lt طبر,1,36743,0
سوال,1,36743,0
امارات ارومیه هیرمند,1,36743,0
زاینده اصفهان دریاچه نمک ارومیه,1,36743,0
سد زاینده کوهرنگ,1,36743,0
اق قلا,1,36743,0
رودخانه زاینده بامداد شهر اصفهان,1,36743,0
زاینده اصفهان معین,1,36743,0
یزد زاینده سال,1,36743,0
رشت اصفهان زاینده تالاب گاوخونی,1,36743,0
رشت دریاچه نمک زاینده زاینده,1,36743,0
فلاورجان,1,36743,0
یزد اصفهان اصفهان زاینده یزد کرج تهران قم,1,36743,0
دریاچه ارومیه ایران ایران جهان ایران جهان,1,36743,0
اسراییل اصفهان,1,36743,0
تهران هاتف زاینده اصفهان,1,36743,0
اصفهان بیمارستان دزدده,1,36743,0
رودخانه زاینده استان اصفهان کاشان نطنز,1,36743,0
زاینده توبا اصفهان اصفهان,1,36743,0
حوزه ابریز زاینده و خوزستان,1,36743,0
بختیاری زاینده پل خواجو,1,36743,0
اصفهان شهر اصفهان زاینده,1,36743,0
شهر سامان چهارمحال بختیاری,1,36743,0
همینها,1,36743,0
یزد زاینده یزد یزد زاینده,1,36743,0
زاینده خروس,1,36743,0
اصفهان زاینده کشاورز زاینده,1,36743,0
اصفهان زاینده چشمش,1,36743,0
دروند شت همدان قلل کوهرنگ,1,36743,0
دنیا اصفهان,1,36743,0
نجف گلدشت,1,36743,0
نیزار زاینده,1,36743,0
زاینده رودخانه دریاچه ارومیه,1,36743,0
نجف زاینده اصفهان نجف,1,36743,0
خزر خلیج فارس زاینده,1,36743,0
زاینده هزاره,1,36743,0
نجف زاینده اصفهان نجف گلدشت نجف,1,36743,0
زاینده بهمن اصفهان,1,36743,0
زاینده اردکان ارده زاینده,1,36743,0
زاینده یزد منطقه مرکزی ایران,1,36743,0
اصفهان زاینده ارومیه,1,36743,0
زاینده بلوکات بلوکات رودشتین,1,36743,0
زاینده کربلا,1,36743,0
کربلا کربلا زاینده,1,36743,0
زاینده جنوب دریاچه دریاچه خزر ایران,1,36743,0
سد اصفهان و چهارمحال زاینده,1,36743,0
شرق و غرب زاینده اباجیت,1,36743,0
زاینده کذب,1,36743,0
ایشا اصفهان زاینده,1,36743,0
پل خواجو سلام مملکت پل زاینده,1,36743,0
چهارباغ,1,36743,0
ایران زاینده پل خواجو,1,36743,0
اصفهان زاینده خواجو زاینده,1,36743,0
زاینده بگن,1,36743,0
شهر زاینده,1,36743,0
زاینده داریوش هامون,1,36743,0
رزم اصفهان,1,36743,0
اصفهان نجف,1,36743,0
اولاجاخ زاینده,1,36743,0
زاینده منطقه فلاورجان,1,36743,0
اصفهان زاینده بدخشان سرابخور,1,36743,0
زاینده دوران دهه,1,36743,0
نیو وومد,1,36743,0
شیراز زاینده شیراز تهران تبریز,1,36743,0
زاینده رودخانه برمیگشته زاینده,1,36743,0
جهان میناب استانهای یزد و کرمان اصفهان زاینده,1,36743,0
زاینده متانول,1,36743,0
شرق زاینده گاوخونی اصفهان جرقویه,1,36743,0
زاینده سراب درک اشان کویر لوت یزد زاینده روده,1,36743,0
پل غدیر,1,36743,0
زاینده پل خواجو اذر,1,36743,0
اصفهان زاینده ملک,1,36743,0
اصفهان زاینده اصفهان زاینده گاوخونی,1,36743,0
یزد یزد یزد اصفهان,1,36743,0
زاینده دریای خزر کرمان سونگون,1,36743,0
سمیرم استان اصفهان زاینده تالاب گاوخونی فارس,1,36743,0
ایران پارک,1,36743,0
زاینده سال زاینده,1,36743,0
زاینده مصلای تهران,1,36743,0
جهان نیزار ماهشهر زاینده اصفهان,1,36743,0
ایران زاینده اب خوزستان حسین,1,36743,0
زاینده باغ وردان پل زمانخان,1,36743,0
زاینده بلا خوزستان دریاچه ارومیه,1,36743,0
زاینده و خواجو,1,36743,0
زاینده برود اصفهان,1,36743,0
اصفهان خوزستان زاینده خوزستان,1,36743,0
شانه,1,36743,0
زاینده طالبان,1,36743,0
اصفهان میهن اصفهان ایران اصفهان زاینده,1,36743,0
استان اصفهان زاینده خیابان,1,36743,0
زاینده کوس,1,36743,0
زاینده ساعت سامان چم اسمان یزد کرمان اصفهان زرین شهر,1,36743,0
زاینده کور,1,36743,0
اصفهان زاینده منظر,1,36743,0
گورو,1,36743,0
کوهرنگ زاینده روده اسمان اصفهان رودخانه زاینده خشک کوهرنگ زاینده,1,36743,0
گاوخونی بختگان زاینده مقطعی,1,36743,0
سد کوهرنگ بهشهر اصفهان سد کوهرنگ,1,36743,0
اصفهان سورس کوهرنگ سد زاینده,1,36743,0
زاینده تالاب گاوخونی یزد کرمان رودخانه زاینده,1,36743,0
تالاب انزلی دریاچه ارومیه زاینده ایران,1,36743,0
رودخانه زایندرود,1,36743,0
کوه صفه کاهو سکنجبین,1,36743,0
خند چشمه لنگاه دز زاینده کوهرنگ,1,36743,0
خوره ک ص تونل زاینده,1,36743,0
چشمه لنگان رودخانه دز زاینده,1,36743,0
زاینده خشک اصفهان زاینده خشک,1,36743,0
خارک پنجشیر,1,36743,0
شهرک صنعت یزد زاینده شرق اصفهان,1,36743,0
زاینده تیر,1,36743,0
نیزار ماهشهر زاینده تبار,1,36743,0
زاینده اصفهان پل خواجو,1,36743,0
خوزستان تهران اصفهان زاینده تهران,1,36743,0
زاینده اصفهان ارومیه,1,36743,0
اصفهان پل خواجو پل خواجه,1,36743,0
اصفهان زاینده سردشت پیرانشهر بانه مریوان پاوه,1,36743,0
زاینده احیا,1,36743,0
هیرمند زاینده اصفهان,1,36743,0
زاینده چشمهای,1,36743,0
اصفهان زاینده زاینده پلهای سی و پل و خواجو,1,36743,0
دریاچه ارومیه زاینده هورالعظیم دریاچه گاوخونی هامون ایران,1,36743,0
رودخانه زاینده رد گاوخونی,1,36743,0
صبح اصفهان,1,36743,0
داداش زاینده اراک,1,36743,0
زاینده بهشهر دیزیچه شهرستان مبارکه بهمن مبارکه اصفهان,1,36743,0
بروجن تونل کوهرنگ چشمه لنگان خدنگستان زاینده,1,36743,0
زاینده طبیعی ابا زاینده,1,36743,0
تخت جمشید زاینده طرقبه بروجرد زنجان,1,36743,0
زاینده بغل,1,36743,0
زاینده زنت,1,36743,0
زاینده حیف,1,36743,0
کوههای کوهرنگ چهارمحال سرچشمه سیراب مرداب گاوخونی,1,36743,0
خت باری رودخانه زاینده کارون زاز زردکوه بختیاری جنوب خلیج فارس,1,36743,0
اصفهان اصفهان زاینده پرابه,1,36743,0
وینچستر نیسان ککتل مولوتوف خانه تیمی زاینده خرابکاری,1,36743,0
اورشلیم حیفا,1,36743,0
رشت زاینده استان اصفهان,1,36743,0
اصفهان زاینده چهل,1,36743,0
زاینده چهل,1,36743,0
شاهین اصفهان المان زاینده یهو,1,36743,0
صفهان امات یمور ق حصارشهر,1,36743,0
قاطر کسیه زاینده گتوند ارومیه,1,36743,0
ایرانه اصفهان زاینده کازرون,1,36743,0
زاینده برنمی,1,36743,0
ایران زاینده فصلیه رودهای چهارمحال و اصفهان,1,36743,0
اصفهان حاج محمود زاینده پل خواجو گلستان باغ موزهستون,1,36743,0
زاینده شخصی یزد,1,36743,0
اصفهان زاینده رودش زاینده رودی,1,36743,0
خانه تیمی زاینده,1,36743,0
زاینده راهنمایی رودخانه خشک رودخانه پیک,1,36743,0
یزد زاینده دوما اصفهان اصفهان زاینده مال ایران اصفهان,1,36743,0
یزد یزد اردکان ایران,1,36743,0
مرکز اصفهان الاغ,1,36743,0
زاینده اصفهان خوزستان چهارمحال,1,36743,0
اصفهان یزد یزد,1,36743,0
بهشت زاینده جهان زاینده خشک اصفهان,1,36743,0
خوزستان چهارمحال وبختیاری زاینده اصفهان یزد,1,36743,0
کارخانه فولاد نطنز مال اژه,1,36743,0
کوهرنگ بهشت دانشگاه اصفهان,1,36743,0
ایران اصفهان تهران زاینده,1,36743,0
رشت زاینده استان چهارمحال و بختیاری استان چهارمحال و بختیاری,1,36743,0
رشت مرزهای برخوار و غرب مرز فلاورجان شرق خوراسگن گورت جنوب شهرک بهارستان رودخانه زاینده تپه,1,36743,0
زاینده جان چهارباغ,1,36743,0
مینا رشیدی زاینده,1,36743,0
ایرانه زاینده دریاچه خزر,1,36743,0
نیویورک زاینده اصفهان,1,36743,0
پل خواجو فصلی زاینده,1,36743,0
زاینده شرف,1,36743,0
ایران زاینده زاینده,1,36743,0
زاینده معدن خلیج فارس,1,36743,0
خانه یشان زاینده سرخ,1,36743,0
زاینده شادروان,1,36743,0
اصفهان یزد زاینده مرگ,1,36743,0
رشت زاینده پل کله اصفهان,1,36743,0
رشت زاینده استان چهارمحال و بختیاری,1,36743,0
اصفهان زاینده بیستجان,1,36743,0
اصفهان رودخانه خشک زاینده عرب خوزستان شهر خوزستان بهشهر,1,36743,0
رودخانه جیش,1,36743,0
نگین پان اصفهان اصفهان تالاب گاوخونی,1,36743,0
سمنان مازندران سد اسم سد فینسک رودخانه تجن مازندران ساری سمنان زاینده تجن,1,36743,0
زاینده رودبار,1,36743,0
استادیوم نفری ازادی,1,36743,0
زاینده سی خواجو,1,36743,0
زاینده فولاد مبارکه هرمزگان,1,36743,0
زاینده گردن چهارمحال وبختیاری اصفهان چهارمحالوبختیاری,1,36743,0
ماسال اصفهان,1,36743,0
اصفهان زاینده منطقه یزد,1,36743,0
فنا کرمان,1,36743,0
رودخانه پل,1,36743,0
المان اصفهان زاینده زادگاهش,1,36743,0
کوهرنگ دشت جلگه اصفهان,1,36743,0
زاینده شانتان,1,36743,0
یزد اصفهان اصفهان چهارمحال,1,36743,0
قلعه بزی مبارکه زاینده,1,36743,0
ذوب سد کجا,1,36743,0
ایران ایران زاینده باتونل کوهرنگ ایران,1,36743,0
زاینده شن اصفهان,1,36743,0
زاینده یزد استان اصفهان,1,36743,0
شهر زیبای اصفهان زاینده چهارمحال وبختیاری استان اصفهان,1,36743,0
یزد کوهرنگ خوزستان اصفهان زاینده گاوخونی یزد,1,36743,0
ایران تهران یزد تبریز اهواز ابادان سمنان کاشان رشت ارومیه مشهد کرمانشاه کرج کرمان شیراز بوشهر لرستان همدان,1,36743,0
استان چهارمحال بختیاری زاینده استان اصفهان,1,36743,0
پل اصفهان,1,36743,0
حوضه زاینده چهارمحال,1,36743,0
زاینده استان خای,1,36743,0
بهشهر اصفهان زاینده,1,36743,0
زاینده مال چهارمحال کوه زردکوه,1,36743,0
چهارمحال اصفهان اصفهان,1,36743,0
اصفهان صحرای کربلا,1,36743,0
اصفهان زاینده استان اصفهان یزد اصفهان,1,36743,0
زاینده سد زاینده چهارمحال روستا,1,36743,0
جلگه زاینده ایرانه,1,36743,0
حوضه زاینده,1,36743,0
زاینده کهکولیه خوزستان مال اصفهان,1,36743,0
اصفهان زاینده فصلی یزد,1,36743,0
خوزستان چهارمحال وبختیاری,1,36743,0
دورود ایران خوزستان,1,36743,0
ویلا زاینده,1,36743,0
رشت استانهای چهارمحال وبختیاری و یزد استان چهارمحال و بختیاری و یزد,1,36743,0
رشت اصفهان استان اصفهان کوهرنگ چشمه لنگان استان اصفهان,1,36743,0
زاینده اصلترین چشمه دیمه چشمه کوهرنگ تونل کوهرنگ,1,36743,0
خوزستان چهارمحال اصفهان,1,36743,0
کارا شهر زاینده خشک,1,36743,0
چهارمحال وبختیاری زاینده مال اصفهان,1,36743,0
زاینده اصفهان اصفهان یزد رودخانه زاینده شهر باغبهادران,1,36743,0
سد چم اسمان یزد,1,36743,0
دفاع شب زاینده,1,36743,0
زاینده رودی زاینده زاینده,1,36743,0
عسلویه اصفهان یزد,1,36743,0
کاشان یزد زاینده چهارمحال کاشان یزد چهارمحال فهان,1,36743,0
مملکت اصفهان زاینده,1,36743,0
خوزستان زاینده سرچشمه زاینده استان چهارمحال لرستان اصفهان یزد زاینده,1,36743,0
ارومیه زاینده خشکه,1,36743,0
کویر مرکزی ایران خلیج فارس سیستان و بلوچستان زاینده بختیاری یزد,1,36743,0
سد چم اسمان زاینده اب یزد,1,36743,0
رودخانه بچه خوزستان,1,36743,0
زاینده یزد اصفهان شهر اصفهان,1,36743,0
هکتار دهان قرقره زاینده سال کست اردستان,1,36743,0
زاینده فتح اصفهان,1,36743,0
زاینده زاینده قنات,1,36743,0
یزد تونل کوهرنگ رودخانه زاینده یزد زاینده,1,36743,0
استان اصفهان زاینده بروی,1,36743,0
معدن,1,36743,0
رودخانه بهنام,1,36743,0
یزد زاینده یزد اصفهان اصفهان,1,36743,0
زاینده سرخی,1,36743,0
تالاب گاوخونی یزد کرمان زاینده تالاب گاوخونی,1,36743,0
یزد داراصفهان یزد اصفهان اصفهان زاینده یزد,1,36743,0
اصفهان اصفهان یزد یزد,1,36743,0
زاینده پور,1,36743,0
اصفهان زاینده منطقه,1,36743,0
زاینده کشاورز اصفهان اصفهان,1,36743,0
زاینده دوره قاجار رودخانه کشکان,1,36743,0
زاینده بلند سرطان چهارمحال و لرستان,1,36743,0
زاینده روده کاشان زاینده,1,36743,0
اصفهان ذوب,1,36743,0
استان کویری,1,36743,0
غرب استان اصفهان,1,36743,0
کانال کوهرنگ,1,36743,0
حوضه زاینده نطنز اردستان,1,36743,0
اصفهان زاینده میترسید,1,36743,0
رشت استان چهارمحال وبختیاری استان چهارمحال و بختیاری اصفهان استان چهارمحال و بختیاری زاینده,1,36743,0
زاینده تهران,1,36743,0
اصفهان چهارمحال و خوزستان زاینده سد زاینده,1,36743,0
زاینده ور چهارمحال وبختیاری,1,36743,0
دز دز رودخانه دز زاینده,1,36743,0
اصفهان اصفهان زاینده سد زاینده,1,36743,0
اصفهان زاینده بارگزاری استان مرکزی یزد سد زاینده,1,36743,0
دریاچه ساوالان زاینده,1,36743,0
سد زاینده سد زاینده سد چم اسمان اصفهان,1,36743,0
زاینده اصفهان اصفهان اصفهان گاوخونی,1,36743,0
زاینده رودی استانهای چهارمحال,1,36743,0
سد زاینده سد چم اسمان تصفیه خانه ذوب اهن لنجان سد چم اسمان یزد اصفهان لنجان,1,36743,0
اصفهان زاینده زاینده ستان چهارمحال زاینده شهرهای ستان اصفهان,1,36743,0
زاینده اردکان یزد,1,36743,0
اصفهان استانهای خوزستان و شهرکرد اصفهان,1,36743,0
شهرکرد زاینده اصفهان دریاچه ارومیه,1,36743,0
تونل کوهرنگ خوزستان چهارمحال وبختیاری زاینده,1,36743,0
اصفهان چهارمحال یه کوهرنگ یزد,1,36743,0
کوهرنگ اصفهان اصفهان اب مال یزد,1,36743,0
زاینده لرستان زاینده,1,36743,0
استان کشاورز اصفهان زاینده,1,36743,0
زاینده دوست,1,36743,0
اصفهان چهارمحال زاینده اصفهان شهر اصفهان چهارمحال یا استان اصفهان,1,36743,0
اذر اصفهان اصفهان زاینده اصفهان زیبا,1,36743,0
زاینده زنده استان زاینده رود اصفهان,1,36743,0
کشور زاینده زاینده,1,36743,0
اذربایجان دریاچه ارومیه زاینده توقع,1,36743,0
زاینده شهروند شهرستان فلاورجان استان اصفهان,1,36743,0
اصفهان شهرکرد اصفهان اهواز,1,36743,0
رودخانه چولهول پلدختر زاینده اصفهان,1,36743,0
زاینده سرچشمه کویر کاشان نایین نطنز,1,36743,0
تهران تبریز مشهد شیراز همدان رشت ساری یزد خوزستان اصفهان شهرکرد نطنز ایران ایران ایران,1,36743,0
یزد میبد یزد,1,36743,0
اصفهان زاینده اصفهان اصفهان زاینده,1,36743,0
خواجو هلو بادام عوض زاینده اصفهان,1,36743,0
عربها زاینده روان,1,36743,0
چهارمحال یزد اصفهان,1,36743,0
زاینده لرستان خوزستان کهگیلویه ایلام,1,36743,0
زاینده اصفهان اصفهان ساوه خراسان زاینده کوههای بختیاری,1,36743,0
شهرضا زاینده خلی,1,36743,0
اصفهان زاینده منظورم اصفهان,1,36743,0
اصفهان زاینده میدان نقش جهان,1,36743,0
زاینده یزد تالاب گاوخونی استان خشک یزد,1,36743,0
سد زاینده پول شرق اصفهان مهر زاینده,1,36743,0
اصفهان زاینده مسافرت,1,36743,0
اصفهان اصفهان یزد زاینده انتقال یزد استان یزد,1,36743,0
زاینده خشک سی پل خواجو,1,36743,0
اصفهان زاینده رد زاینده خانه,1,36743,0
خلیج محیط زیست زاینده,1,36743,0
سد زاینده سد کرخه,1,36743,0
تونل کوهرنگ زاینده فصلی,1,36743,0
ایران زاینده شهر اصفهان تالاب گاوخونی سمیرم و پادنا استان اصفهانه استان کهگیلویه,1,36743,0
پل پرت اب زاینده,1,36743,0
سد کمال صالح شازند اشترانکوه,1,36743,0
زاینده لیتر,1,36743,0
یم,1,36743,0
چهارمحال زاینده استان,1,36743,0
سد زاینده پراب,1,36743,0
اصفهان یزد تونل کوهرنگ سرچشمه زاینده خوزستان,1,36743,0
اصفهان یزد یزد یزد یزد ایران,1,36743,0
خوزستان زاینده اب خوزستان,1,36743,0
بهشهر زاینده چهارمحال زاینده,1,36743,0
زاینده کاشان نجف,1,36743,0
زاینده ریخته,1,36743,0
زاینده تهرانم,1,36743,0
تونل کوهرنگ تونل کوهرنگ,1,36743,0
گاوخونی محیط زیست زاینده پل خواجو,1,36743,0
زاینده ساختمان,1,36743,0
زاینده شلوغ کشاورز,1,36743,0
زاینده تکه,1,36743,0
اصفهان زاینده زیبا میدان نقش جهان,1,36743,0
اصفهان ایران زاینده,1,36743,0
اصفهان زاینده کار,1,36743,0
شهرکرد زاینده اصفهان جهان,1,36743,0
اصفهان زاینده بانکی,1,36743,0
پیدا تون رودمون,1,36743,0
زاینده سرچشمه محال اصفهان اصفهان,1,36743,0
اصفهان زاینده گاوخونی خوزستان,1,36743,0
زاینده ازل کوهرنگ جلگه اصفهان قلعه بزی مبارکه زاینده,1,36743,0
زاینده یزد خوزستان اصفهان اصفهان یزد,1,36743,0
اصفهان پل خواجو زاینده قطعه,1,36743,0
اصفهان زاینده صبح اصفهان,1,36743,0
زاینده کلای خوزستان,1,36743,0
ایران ایران زمین ایران ایران,1,36743,0
اصفهان زاینده شهر سی,1,36743,0
اصفهان زاینده استخر,1,36743,0
اصفهان زاینده زاینده اصفهان گاوخونی خواجوی ی,1,36743,0
تونل کوهرنگ پل مارنان اصفهان تونل کوهرنگ تونل اب سواد,1,36743,0
اصفهان اصفهان تهران اصفهان محله ناژوان زاینده,1,36743,0
بستر زاینده,1,36743,0
میدان امامعلی گلستان,1,36743,0
تونل کوهرنگ زاینده سال یزد,1,36743,0
مشهد زاینده گاردین,1,36743,0
اصفهان شهرکرد زاینده تالاب گاوخانی خوزستان سد گوتوند,1,36743,0
زاینده سرشاخ پل خواجو,1,36743,0
اصفهان ایران ارومیه خوزستان لرستان بلوچستان,1,36743,0
زاینده کشاورزی,1,36743,0
زاینده سرچشمه کوههای محاله گاوخونی,1,36743,0
رشت زاینده رودخانه تالاب گاوخونی,1,36743,0
حوضه زاینده کصشعیریه ساقیتون سرچمه کوهرنگ مال شهرکرد,1,36743,0
خوزستان چهارمحال و لرستان اصفهان,1,36743,0
ایران زاینده کوهرنگ اصفهان,1,36743,0
اصفهان زاینده اصفهان ایران اصفهان,1,36743,0
زاینده احمدی نژاد,1,36743,0
زاینده تالاب گاوخونی یزد زاینده اصفهان یزد,1,36743,0
خانه لوله کشی زاینده,1,36743,0
شهرکرد اصفهان چهارمحال,1,36743,0
زاینده کصشر,1,36743,0
اصفهان جهان اصفهان زاینده زاینده,1,36743,0
زاینده بهشهر,1,36743,0
زاینده یزد خلیج فارس,1,36743,0
تونل اب چهارمحال اصفهان زاینده,1,36743,0
عزیز سرچشمه زاینده اصفهان,1,36743,0
اصفهان پل خواجو شهر زاینده کوهرنگ چهارمحال وبختیاری اصفهان,1,36743,0
سرچشمه زاینده چهارمحال وبختیاری,1,36743,0
اصفهان زاینده خشک خوزستان,1,36743,0
زاینده رها اصفهان استان,1,36743,0
دریاچه ارومیه رودخانه زاینده,1,36743,0
اصفهان منطقه فرق چاه اب زاینده شهرهای استان یزد اصفهان خور بیا,1,36743,0
جهان زاینده اصفهان جلگه اصفهان,1,36743,0
نن صفهان زاینده ادینان,1,36743,0
کربلا زاینده فرات,1,36743,0
خانه عباس,1,36743,0
پل خواجو زاینده دیت,1,36743,0
زاینده ابشه زمین زاینده ایشالا اقیانوستون کویر,1,36743,0
رودخانه زاینده اونطرفها,1,36743,0
زاینده اصفهان کوهرنگ,1,36743,0
اصفهان جهان زاینده دل,1,36743,0
گلزار شهدای تخت فولاد اصفهان,1,36743,0
منطقه باغبادران اصفهان اصفهان زاینده ذوب,1,36743,0
استان یزد اصفهان استانها چهارمحال و اصفهان,1,36743,0
زاینده تونل کوهرنگ تونل کوهرنگ,1,36743,0
معدن ا خوزستان زاینده,1,36743,0
زاینده اصف,1,36743,0
زاینده پل خواجو و سی,1,36743,0
اصفهان اصفهان شهر اصفهان غرب استان کویری شهر رودخانه زاینده,1,36743,0
اصفهان اصفهان اصفهان زاینده منطقه,1,36743,0
اصفهان زاینده پراب,1,36743,0
زاینده کشاورز سد گتوند دریاچه ارومیه,1,36743,0
چهارمحال یمون,1,36743,0
زاینده روده ابشار بیشه لرستان دلیجان شاهین شهر اصفهان بیشه یمت اهواز زاینده روده,1,36743,0
اصفهان زاینده زاینده رودی,1,36743,0
زاینده دریاچه ارومیه پاسارگاد دریای خزر جنگلهای زاگرس,1,36743,0
یزد سرشاخههای کوهرنگه زاینده,1,36743,0
سد زاینده سد زاینده سد زاینده سد زاینده,1,36743,0
زاینده زاینده زاینده غیب اصفهان زاینده,1,36743,0
زاینده جاری اصفهان اصفهان,1,36743,0
اصفهان زاینده جاری اصفهان اصفهان,1,36743,0
زاینده میخو منطقه باغبهادر,1,36743,0
حوضه کارون دز سد زاینده,1,36743,0
فریدون شهر فریدون شهر کارون روده باغب هادران,1,36743,0
کارون کارون دز یزد کرمان زاینده,1,36743,0
حوضه دز زاینده یزد کرمان کارون دز,1,36743,0
رودخانه دز,1,36743,0
حوضه کارون زاینده چشمه لنگان خدنگ ستان کارون,1,36743,0
زاینده باغ بهادران رودخانه اصفهان,1,36743,0
رودخانه کارون موزه,1,36743,0
کارون جنوب غرب ایران,1,36743,0
پل سفید پل کارون,1,36743,0
خوزستان چهارمحال روستا زاگرس,1,36743,0
زاینده کارون البرز تفتان هامون,1,36743,0
اصفهان یزد اصفهان یزد زاینده ذوب اهن,1,36743,0
کارون اب خوزستان رودخانه اس احداث خوزستان ایران خلیج فارس,1,36743,0
اهواز زیبا کارون,1,36743,0
کارون خوزستان اصفهان کرمان,1,36743,0
اصفهان چهارمحال کارون,1,36743,0
مملکت کارون,1,36743,0
برج یازده,1,36743,0
دریاچه ارومیه کارون زاینده شهرکرد و بلوچستان گاوخونی,1,36743,0
زاینده لرستان چهارمحال بختیاری,1,36743,0
اصفهان اصفهان خوزستان تهران زاینده تهران,1,36743,0
دره زاینده,1,36743,0
سد زاینده اب مدیر سد زاینده زاینده سد زاینده,1,36743,0
زاینده اصفهان کرمان یزد جنوب اصفهان,1,36743,0
اصفهان پل خواجو زاینده کپی,1,36743,0
زاینده زاینده اصفهان اصفهان اصفهان اصفهان,1,36743,0
زاینده ازل کوهرنگ دشت جلگه اصفهان ولو,1,36743,0
زاینده شب اصفهان,1,36743,0
یخچال زردکوه بختیاری زاینده,1,36743,0
زاینده صحنه,1,36743,0
اصفهان زاینده استان اصفهان,1,36743,0
زاینده اصفهان یزد اصفهان زاینده زاینده اصفهان فلات مرکزی,1,36743,0
حوضه زاینده استان اصفهان چهارمحال وبختیاری یزد,1,36743,0
یزد یزد زاینده اصفهان یزد,1,36743,0
اصفهان چهارمحال زاینده اصفهان,1,36743,0
زاینده زاینده روده زاینده روده,1,36743,0
اصفهان زاینده حاج,1,36743,0
نعل اشکنان زاینده پلاسجان زاینده,1,36743,0
ترسا اصفهان,1,36743,0
خوزستان زاینده خلیج,1,36743,0
زاینده زاینده مسیل,1,36743,0
اصفهان زاینده چهارشنبه اذر,1,36743,0
اقلیم زاینده,1,36743,0
زاینده گاوخونی روستاهای یزد گاوخونی,1,36743,0
زاینده شب,1,36743,0
اصفهان فارس طهران کارون خشک عرب فارس,1,36743,0
کارون زاینده واوی,1,36743,0
کارون زاینده رودی کارون اصفهان,1,36743,0
زاینده شهرکرد بروجن کارون استان کارون دز زاینده زاینده,1,36743,0
رودخانه کارون استان اصفهان چهارمحال بختیاری خوزستان کهگیلویه وبویراحمد لرستان مرکزی فارس همدان گاماسیابه هورالعظیم,1,36743,0
کارون همدان,1,36743,0
کارون شهرکرد,1,36743,0
فریدون شهر کارون ایران یزد کاشان اصفهان,1,36743,0
کارون فولاد ماهشهر کارون,1,36743,0
اصفهان زاینده اصفهان چهارمحال,1,36743,0
چهارمحال حوزه زاینده نود کارون اصفهان,1,36743,0
گاوخونی دریاچه ی ارومیه,1,36743,0
استان چهارمحال وبختیاری کارون سد کارون خرسان و سولگان,1,36743,0
مرکز استان خروج کوهرنگ بروجن,1,36743,0
کارون زاینده چهارمحال,1,36743,0
کارون فریدن سمیرم اصفهان,1,36743,0
زاینده ارومیه کارون هامون,1,36743,0
کارون اصفهان کرمان,1,36743,0
کارون کارون کمه کرخه دز,1,36743,0
دریاچه ارومیه زاینده کارون دریاچه دریاچه کافتر هامون ایران,1,36743,0
هسته نطنز,1,36743,0
کارون زاینده شهرکرد,1,36743,0
زاینده رودازاصفهان کارون اصفهان,1,36743,0
کارون بروجن نود استان چهارمحال کارون,1,36743,0
چهارمحال وبختیاری اصفهان کارون خوزستان بهشت,1,36743,0
بختیاری کارون اهواز اهواز اصفهان,1,36743,0
لشکر اباد گلستان,1,36743,0
یزد کارون کوهرنگ یزد,1,36743,0
اهواز جاده ساحلی قدیما کارون زنجان,1,36743,0
زاینده خشک دریاچه ارومیه هورالعظیم کارون جویبار,1,36743,0
اهواز کارون ملاثانی نادری,1,36743,0
سد کوثر گچساران استان کهگیلویه وبویراحمد خوزستان استانهای فارس و هرمزگان,1,36743,0
سد کهگیلویه,1,36743,0
شرق و شمال اسیا اروپا,1,36743,0
خوزستان ایران ایران,1,36743,0
دریاچه ارومیه پل اذرشهر,1,36743,0
دفتر فرمانفرماییان سامان,1,36743,0
دزفول کارون داداش,1,36743,0
سد اسمال دخمه مدلین دستفروشهای منوچهری,1,36743,0
دریاچه مرگ,1,36743,0
دره هامون,1,36743,0
تنگه کیپ,1,36743,0
دریاچه خریت پل کوچ,1,36743,0
همدان کارون کارون کرمانشاه همدان البرز زاگرس,1,36743,0
زاینده هامون کارون جلگه خوزستان,1,36743,0
لشکر اباد جاده ساحلی کارون عابر پیاده رودخانه مکانهای اهواز,1,36743,0
بختگان کارون ارومیه اکباتان فلات ایران,1,36743,0
کارون کولاب,1,36743,0
دزفول دز کارون,1,36743,0
زاینده خشک کارون,1,36743,0
پارسیان,1,36743,0
زاینده گاو خو,1,36743,0
زاینده پنجشنبه,1,36743,0
صحرای کربلا اصفهان حسین,1,36743,0
اصفهان شمال شمال شرقش کویر حوضه زاینده شهر اصفهان جنوب و غرب استان استان خوزستان,1,36743,0
سطلی,1,36743,0
اصفهان محال خوزستان بروجن چارمحالو زاینده,1,36743,0
بروجن اصفهان,1,36743,0
زاینده اهواز,1,36743,0
صحرای کربلا زاینده خشک,1,36743,0
صحرای کربلا زاینده خشک زاینده,1,36743,0
بهشت ابادی تونل کوهرنگ زاینده تونل کوهرنگ اصفهان,1,36743,0
زاینده شهر اصفهان اصفهان اصفهان,1,36743,0
اصفهان شهرکرد زاینده چهارمحال و بختیاری,1,36743,0
رودخانه شهرشون,1,36743,0
خانه پلیس ضدشورش زاینده,1,36743,0
زاینده باغ بهادران,1,36743,0
زاینده بروجن یزد خلیج فارس,1,36743,0
زاینده زاینده شهر اصفهان,1,36743,0
اصفهان خوزستان اصفهان زاینده خوزستان,1,36743,0
سد زاینده لنجان,1,36743,0
تبریز اصفهان میلیونی خوزستان,1,36743,0
سرچشمه ا کوهرنگ زاینده باتلاق گاوخونی استان کویرا,1,36743,0
استان اصفهان زاینده سراب,1,36743,0
زاینده زاینده زاینده خشک لر اصفهان,1,36743,0
زاینده سطلی,1,36743,0
گلپایگان زاینده اراک,1,36743,0
اصفهان دیار زاینده,1,36743,0
سرچشمه زاینده کوهرنگ تالاب گاوخونی تالاب گاوخونی,1,36743,0
سرچشمه زاینده استانه,1,36743,0
خشک کشکان زاینده,1,36743,0
رودخانه اصفهان یزد کرمان کاشان قم زاینده چهارمحال,1,36743,0
زاینده گاوخونی اصفهان اصفهان,1,36743,0
میدان مشق طهران زاینده اصفهان,1,36743,0
چهارمحال استان چهارمحال اصفهان زاینده,1,36743,0
اصفهان زاینده اسلو نروژ,1,36743,0
زاینده حفاری,1,36743,0
استان ماهم زاینده روستا,1,36743,0
زاینده رودخانه ابش,1,36743,0
اصفهان اصفهان زاینده روده,1,36743,0
فولاد اب توکارون زاینده کوههای کوهرنگ,1,36743,0
لنجان فلاورجان مبارکه ساحل زاینده باغب هادران,1,36743,0
کاشان زاینده یزد قم کرمان سایت هسته روستای سایت اب زاینده,1,36743,0
زاینده ابان اصفهان,1,36743,0
موضوعی طبیعی یزد کاشان,1,36743,0
زاینده ابش استان دیکه کوههای زاگرس,1,36743,0
زاینده شهرشون گاوخونی,1,36743,0
زاینده سراب گاوخونی,1,36743,0
زاینده قاجار تونل کوهرنگ چلگرد تونل چشمه لنگان فریدون شهر,1,36743,0
زاینده ابش کوهرنگ چهارمحال وبختیاری اشترانکوه لرستان,1,36743,0
فارسان اردل شلمزار بروجن لردگان ناغان نقنه,1,36743,0
اصفهان زاینده سراب,1,36743,0
زاینده زاینده ابان,1,36743,0
چهارمحال وبختیاری زاینده کوهرنگ چهارمحال وبختیاری انتقال اب لرستان,1,36743,0
یزد یزد استان اصفهان,1,36743,0
ایران ایران ایران اصفهان زاینده خاک,1,36743,0
اصفهان یزد اصفهان یزد یزد کوهرنگ یزد,1,36743,0
زاینده شهرکرد اصفهان,1,36743,0
زاینده اب سرچم ه کوهرنگ چهارمحال بختیاری چهارمحال بردید,1,36743,0
اصفهان پل خواجو زاینده شنبه,1,36743,0
سمیرم اصفهان کرمان زاینده دلیجان,1,36743,0
زاینده کوهرنگ رفسنجان باغ پسته یزد,1,36743,0
زاینده اصفهان چهارمحال اشتباهه,1,36743,0
غرب اصفهان زاینده,1,36743,0
زاینده پراب باتلاق گاوخونی سد بساز,1,36743,0
کوهرنگ خوزستان زاینده یزد,1,36743,0
رودخانه زاینده زاینده اصفهان اصفهان,1,36743,0
اصفهان چهارمحال اصفهان چهارمحال شهرکرد اصفهان,1,36743,0
بهشت زاینده چهارمحال,1,36743,0
اصفهان اصفهان چهارمحال زاینده چهارمحال,1,36743,0
اصفهان زاینده تالاب گاوخونی یزد,1,36743,0
زاینده اصفهان موردی اصفهان اصفهان,1,36743,0
زاینده اصفهان چهارمحال وبختیاری یزد,1,36743,0
زاینده میدان تحریر,1,36743,0
کوهرنگ زاینده زاینده,1,36743,0
چهارمحال اصفهان چهارمحال زاینده,1,36743,0
بادرود اصفهان شهرکرد زاینده,1,36743,0
گاوخونی اصفهان اصفهان اصفهان زاینده,1,36743,0
چهارمحال و خوزستان کوهرنگ زاینده خوزستان شهرکرد,1,36743,0
یزد زاینده تحصن شرق اصفهان,1,36743,0
پل خواجو اصفهان استان اصفهان,1,36743,0
اصفهان بگایی زاینده,1,36743,0
زاینده اتش زاینده,1,36743,0
زاینده نرفتن,1,36743,0
استندار زاینده,1,36743,0
اصفهان اصفهان پل خواجو اصفهان زاینده,1,36743,0
اصفهان اصفهان پل خواجو اصفهان رودخانه زاینده,1,36743,0
اصفهان زاینده پل خواجو ایران فلسطین,1,36743,0
پل خواجو اصفهان رودخانه زاینده,1,36743,0
چهارمحال سرچشمه اصفهان تالاب چهارمحال,1,36743,0
کوهرنگ دشت جلگه اصفهان استان اب زاینده کوهرنگ رودهای زاینده و پلاسجان شهرستان فریدونشهر دالان کوه نجف مرغاب,1,36743,0
چشمه زاینده اشک,1,36743,0
زاینده اصفهان تکه جنوبی,1,36743,0
زاینده یزد اصفهان کرمان گاوخونی,1,36743,0
سد گتوند سد زاینده متر مکعبش یزد,1,36743,0
ایران زاینده بانکی,1,36743,0
استانهای و ریدن زاینده چهارمحال بختیاری ابش,1,36743,0
زاینده اصفهان صفویه زاینده ایران,1,36743,0
زاینده ملی,1,36743,0
زاینده نرگس,1,36743,0
فولاد مبارکه,1,36743,0
یزد یزد زاینده یزد تالاب گاوخونی,1,36743,0
زاینده بردارن استان جهار محال بند سد خاکی زاینده اصفهان,1,36743,0
زاینده اصفهان همدان,1,36743,0
زاینده رود گوهرنگ مییاد,1,36743,0
اصفهان زاینده زندس,1,36743,0
رفسنجان زاینده,1,36743,0
اصفهان اصفهان خوزستان اصفهان خوزستان,1,36743,0
خوزستان یزد زاینده چهارمحال ادم,1,36743,0
اصفهان اصفهان چهارمحال و خوزستان,1,36743,0
زاینده خشکه پل خواجو,1,36743,0
زاینده اب کاشان کاشان,1,36743,0
یزد زاینده اصفهان یزد اصفهان چهارمحال شیراز خوزستان,1,36743,0
اصفهان مجتمع فولاد,1,36743,0
ابم ال چهارمحاله اصفهان کوهرنگ زاینده خشک چهارمحال,1,36743,0
اصفهان زاینده استانهای,1,36743,0
زاینده زردکوه تالاب گاوخونی,1,36743,0
زاینده ارث,1,36743,0
اصفهان رودخانه خوزستان لرستان اصفهان,1,36743,0
اصفهان دجله فرات دجله فرات,1,36743,0
خوزستان اصفهان شیراز,1,36743,0
ارومیه زاینده,1,36743,0
زاینده فولاد شمال کشور,1,36743,0
دریاچه ارومیه گر زاینده اصفهان,1,36743,0
اره عوضی زاینده گل,1,36743,0
برگردونن زاینده ایران,1,36743,0
ون اصفهان اصفهان زاینده,1,36743,0
تونل انتقال اب گلاب زاینده قم کاشان تونل انتقال اب بن بروجن اب بختیاری شرب بروجن فولاد بروجن,1,36743,0
زاینده اصفهان لرستان یاسوج اراک,1,36743,0
ایران قم اصفهان,1,36743,0
زاینده رودن رودخا یزد رود خا,1,36743,0
زاینده دوره صفویه زاینده رود,1,36743,0
اصفهان زاینده یزد یزد اصفهان یزد,1,36743,0
باران,1,36743,0
اصفهان خوزستان چهارمحال اصفهان زاینده,1,36743,0
زاینده یزد یزد اصفهان کوهرنگ زاینده اصفهان,1,36743,0
پلاس جان پلاسجان ابا زاینده نمیریزد پلاسجان استان اصفهان,1,36743,0
زاینده جاتون,1,36743,0
اصفهان استان اصفهان چهارمحال وبختیاری یزد خوزستان,1,36743,0
کارخانه فولاد زاینده هورت اصفهان,1,36743,0
استان یزد استان چهارمحال وبختیاری,1,36743,0
ایران اصفهان گوز گوز زاینده,1,36743,0
زاینده ساسانیان,1,36743,0
زاینده پمپ,1,36743,0
اصفهان زاینده لطفی ایران رودخانه رد,1,36743,0
اصفهان جنوب ایران,1,36743,0
زاینده یزد اصف حان چهارمحال و خوزستان,1,36743,0
اصفهان کوهرنگ کوهرنگ یزد کوهرنگ چهارمحال اصفهان زاینده رودخانه سرچشمه اس اصفهان رد,1,36743,0
پلا وود زاینده خواجو پل خراب,1,36743,0
زاینده روده اصفهان اصفهان ایران,1,36743,0
چهارمحال خوزستان زاینده مچ یزد اصفهان سیستان خوزستان,1,36743,0
زاینده صنایع,1,36743,0
روستاهای سرچشمه ی زاینده,1,36743,0
یزد کرمان یزد,1,36743,0
زاینده اصفهان اصفهان ایران,1,36743,0
زاینده یخ,1,36743,0
شرکت فولاد اصفهان زاینده اصفهان اصفهان,1,36743,0
زاینده پل اب اصفهان,1,36743,0
اصفهان اصفهان زاینده مین زاینده,1,36743,0
شرق و غرب اصفهان زاینده چهارشنبه,1,36743,0
قم یزد زاینده رود,1,36743,0
زاینده اصفهان اصفهان کشاورز,1,36743,0
کشور زاینده,1,36743,0
اصفهان تهران تهران اصفهان,1,36743,0
خوزستان سال خشکه یزد کرمان چهارمحال,1,36743,0
زاینده تالاب گاوخونی دریاچه ارومیه,1,36743,0
اصفهان اصفهان اصفهان رودخانه زاینده,1,36743,0
زاینده سرچشمه شرق کوههای کوهرنگ زاینده روده یزد یزد,1,36743,0
اصفهان زاینده درک,1,36743,0
اصفهان رودخانه چهارمحال اصفهان,1,36743,0
اصفهان زاینده کویر اصفهان,1,36743,0
اصفهان کوهرنگ سد زاینده قرید,1,36743,0
زاینده تایم,1,36743,0
خراسان زاینده چهارمحال یزد,1,36743,0
اصفهان فلات مرکزی ایران,1,36743,0
اصفهان زاینده پل تاریخی خواجو,1,36743,0
زاینده روزی,1,36743,0
زاینده دریای خزر,1,36743,0
اصفهان زاینده صبح اصفهان پل خواجو,1,36743,0
تهران شیراز مشهد تبریز زاینده,1,36743,0
اصفهان زاینده استان بختیاری تالاب گاوخونی زمین گاوخونی یزد,1,36743,0
اصفهان ایران زاینده اصفهان,1,36743,0
زاینده استانه,1,36743,0
سد زایندرود چهارمحال پل کله,1,36743,0
اصفهان استان برخورداری استان اصفهان,1,36743,0
چهارمحال اصفهان یزد,1,36743,0
فولاد کاشان یزد قم,1,36743,0
اصفهان جهان اصفهان زاینده,1,36743,0
اصفهان پل خواجو زاینده زاینده اصفهان,1,36743,0
اصفهان کشاورز پل خواجو زاینده,1,36743,0
زاینده کوههای زاگرس زرد کوه تالاب گاوخونی,1,36743,0
شهرم اصفهان زاینده,1,36743,0
زاینده تپ دریاچه ی ارومیه,1,36743,0
شهرستانهای اصفهان سرچشمه زاینده,1,36743,0
شهر یزد زاگرس,1,36743,0
اصفهان زاینده خواهان استان تهران,1,36743,0
استان اصفهان زاینده بهشهر اصفهان,1,36743,0
اصفهان زاینده زنده اصفهان,1,36743,0
اصفهان زاینده زاینده شهر اصفهان اصفهان اصفهان,1,36743,0
دریاچه ارومیه دنیا اصفهان,1,36743,0
زاینده ماهی اصفهان,1,36743,0
اصفهان زاینده پل خواجو جهان,1,36743,0
اصفهان فریدن زاینده شهر ایران,1,36743,0
چهارمحال بختیاری زاینده اب اصفهان یزد اصفهان,1,36743,0
زاینده زاگرس اصفهان,1,36743,0
زاینده ابان,1,36743,0
تونل بهشت اصفهان زاینده,1,36743,0
زاینده چهارمحال و خوزستان اصفهان,1,36743,0
زاینده لرستان خوزستان,1,36743,0
یزد یزد زاینده جناب یزد اصفهان,1,36743,0
زاینده یکنو,1,36743,0
زاینده چهارمحال بختیاری اصفهان,1,36743,0
زردکوه بختیاری تالاب گاوخونی تالاب گاوخونی استان اصفهان یزد زاینده استان,1,36743,0
زاینده غرب شرق تالاب گاوخونی لنجان ات مبارکه فلاورجان نجف کشاورز شرق اشکاوند تالاب گاوخونی مابن غرب شرقم اصفهان,1,36743,0
زاینده شکل اصفهان اصفهان,1,36743,0
زاینده نهر استان چهارمحال بند استان چهارمحال زاینده کوههای چهارمحال,1,36743,0
اصفهان اصفهان زاینده سراب,1,36743,0
المان اصفهان,1,36743,0
زاینده فضا,1,36743,0
زاینده اصفهان زاینده رود,1,36743,0
اب زاینده ایران,1,36743,0
زاینده شمال خراسان,1,36743,0
استانهای اصفهان زاینده روده اصفهان چهارمحال کاشان یزد استان مرکزی,1,36743,0
کوهرنگ اشترانکوه الیگودرز سرچشمه لرستان زاینده,1,36743,0
اصفهان شهرکرد خلیج فارس اصفهان,1,36743,0
زاینده چهارمحال بختیاری استان اصفهان زاینده استان اصفهان سد زاینده چهارمحال استان اصفهان اصفهان یزد,1,36743,0
تهران زاینده دریاچه ارومیه,1,36743,0
تونل کوهرنگ زاینده یزد زاینده,1,36743,0
اصفهان زاینده حقش دنیا,1,36743,0
اب سرچشمه زاینده,1,36743,0
اصفهان ایرانه زاینده کشور اصفهان,1,36743,0
استان چهارمحال سرچشمه زاینده اصفهان,1,36743,0
زاینده یزد استان اصفهان لنجان رودخانه زاینده رود,1,36743,0
پل خواجو زاینده پل خواجو اصفهان,1,36743,0
یزد زاینده چهارمحال گاوخونی,1,36743,0
فصلی زاینده,1,36743,0
ابخور زاینده کوهرنگ زاینده زاینده,1,36743,0
اصفهان اصفهان یزد زاینده,1,36743,0
اصفهان اصفهان چهارباغ زاینده,1,36743,0
سد زاینده چهارده,1,36743,0
زاینده اصفهان ایران زاینده,1,36743,0
کشور جنوب زاینده کویر امون,1,36743,0
اصفهان زاینده یزد چهارمحال قم فارس مرکزی,1,36743,0
استان اصفهان کشور کاشان نایین نطنز زاینده شاهین شهر نجف,1,36743,0
چلگرد زاینده چلگرد زاینده,1,36743,0
زاینده خشک یزد اصفهان,1,36743,0
اصفهان زاینده اصفهان غرب اصفهان,1,36743,0
زاینده سرچشمه گاوخونی جلگه روده,1,36743,0
زاینده چهارمحال اب چهارمحال سد زاینده اب چهارمحال اصفهان,1,36743,0
سواحل خلیج فارس زاینده,1,36743,0
خواجو,1,36743,0
اصفهان زاینده کاری استانهای دنا و زردکوه گاوخونی,1,36743,0
رودخانه زاینده مال استان اصفهان استان اصفهان,1,36743,0
استانهای اصفهان اصفهان,1,36743,0
لرستان زاینده,1,36743,0
زاینده هو,1,36743,0
اصفهان اصفهان اصفهان ایران اصفهان,1,36743,0
پل خواجو زاینده رودخانه,1,36743,0
خوزستان خوزستان زاینده استان خوزستان اصفهان,1,36743,0
زاینده اصفهان زاینده کوهرنگ,1,36743,0
اصفهان زاینده جنوب اصفهان,1,36743,0
نایین نطنز یزد خلیج فارس,1,36743,0
زاینده هرکی,1,36743,0
زاینده بختیاری,1,36743,0
زاینده اصفهان خوزستان یزد چهارمحال و بختیاری,1,36743,0
زاینده دریای اصفهان,1,36743,0
زاینده رودتون زاینده چهارمحال و بختیاری زاینده چهارمحال خواجه,1,36743,0
استان چهارمحال وبختیاری زاینده اصفهان,1,36743,0
زاینده شهر بانک,1,36743,0
شهرستان لنجان استان اصفهان چهارمحال و بختیاری زاینده استانهایی یزد و کرمان اصفهان,1,36743,0
اصفهان زاینده تاریخی اصفهان,1,36743,0
صفا,1,36743,0
کوهرنگ مح ال بختیاری,1,36743,0
ایران زاینده دادخواه,1,36743,0
استان زاینده,1,36743,0
کوه چلگرد,1,36743,0
کویر منطقه غرب اصفهان زاینده اسم لنجانه,1,36743,0
کوهرنگ زاینده غرب استان اصفهان تونل کوهرنگ,1,36743,0
اصفهان جهان زاینده زاینده,1,36743,0
اصفهان کاشان نایین نطنز زاینده حقه,1,36743,0
کوهرنگ چشمه لنگان خدنگ ستان اب دز لنگان,1,36743,0
ژنو سیدنی اصفهان زاینده اصفهان ژنو سیدنی,1,36743,0
فلات مرکزی ایران پل تاریخی ساسانیان,1,36743,0
اصفهان یزد زاینده اب فریدن حوضه ابریز دز ارتباطی زاینده,1,36743,0
غرب دوما اب دز چشمه لنگان خدنگ ستان پای دز,1,36743,0
اصفهان زاینده لرستان,1,36743,0
زاینده ریخته حوزه علمه قم,1,36743,0
پالایشگاه فولاد,1,36743,0
شمال ایران اصفهان زاینده,1,36743,0
چهارمحال زاینده اصفهان ابش تونل کوهرنگ,1,36743,0
دریاچه ارومیه زاینده خشک جهان ایران,1,36743,0
خوزستان خوزستان لرستان لرستان کشور اصفهان,1,36743,0
استان یزد سد زاینده,1,36743,0
اصفهان اصفهان زاینده داغ اصفهان اصفهان ایران ایران,1,36743,0
استان زاینده خوزستان,1,36743,0
میبد یزد ایران ایران یزد اصفهان زاینده استان یزدیها,1,36743,0
اصفهان زاینده شرق اصفهان اصفهان غرب استان,1,36743,0
ق لی چای اردبیل زاینده,1,36743,0
زاینده خشک قمرود,1,36743,0
چس معدن زاینده سولشیر نال ه ارتا چس ه,1,36743,0
یزد یزد رفسنجان زاینده دزد,1,36743,0
کوهرنگ خوزستان زاینده رود شهروفریدنه تونل بهشت اباده چهارمحال,1,36743,0
ایرانشهر اصفهان زاینده,1,36743,0
سد سد گتوند خوزستان زاینده,1,36743,0
زاینده قدمت شرق اصفهان استان یزد,1,36743,0
اصفهان روستای مان پنصد,1,36743,0
زاینده باتلاق گاوخونی,1,36743,0
بادر خت سلام روستای عابد شهرستان فلاورجان رودخانه زاینده,1,36743,0
سد زاینده چهارمحال وبختیاری,1,36743,0
زاینده اب ارومیه اذربایجان شرق همسایه ارومیه دریاچه شهرهای غرب اذربایجان شرق مرز,1,36743,0
رفتی زاینده,1,36743,0
زاینده بیانداز,1,36743,0
زاینده خشک زاینده رود ایران,1,36743,0
دریا یزد زاینده باتلاق گاوخونی,1,36743,0
تالاب گاوخونی منطقه یزد,1,36743,0
زاینده سیلی اصفهان,1,36743,0
زاینده مهر هشت,1,36743,0
اصفهان چهارمحال وبختیاری,1,36743,0
خوزستان خوزستان زاینده,1,36743,0
زاینده عرفان,1,36743,0
اصفهان زاینده صفوی,1,36743,0
اصفهان زاینده رومی,1,36743,0
اصفهان ارومیه,1,36743,0
زاینده استان یزد استان یزد,1,36743,0
زاینده میرحسین,1,36743,0
رودخانه زاینده زاینده سرچشمه صحبتی زنجان و همدان قزوین,1,36743,0
زاینده کرون رودخانه فصلیه اصفهان یزد سیستان اصفهان استان پهناوریه غرب اصفهان فریدون شهر داران شرق اصفهان خور و بیابانک,1,36743,0
زاینده دبه,1,36743,0
چهل باغ هنر خیابان تختی چارباغ,1,36743,0
زاینده توییت,1,36743,0
اصفهان زاینده بستر پل خواجو,1,36743,0
زمین زاینده,1,36743,0
زاینده حیفا مارب,1,36743,0
دوشک زاینده,1,36743,0
رودخانه زاینده باغبهادران اصفهان رودخانه تونل منتقل رودخانه اصفهان زاینده محکوم,1,36743,0
اصفهان زاینده میوت,1,36743,0
منا هل اردبیل اصفهان اصفهان,1,36743,0
ایران زاینده خلیج فارس خلیج فارس ایران,1,36743,0
اصفهان رقم زاینده زاینده اصفهان,1,36743,0
اهواز زاینده,1,36743,0
کوهرنگ زاینده سرچشمه بهشت سرچشمه,1,36743,0
اصفهان خوزستان کوهرنگ زاینده,1,36743,0
زاینده خوزستان زاهدان بوشهر,1,36743,0
زاینده زاینده ایران ابریز گاوخونی,1,36743,0
گاوخونی زاگرس گاوخونی اصفهان اصفهان,1,36743,0
اصفهان پل ماشین پل,1,36743,0
مسیل زاینده مسیل,1,36743,0
زاینده یزد خوزستان,1,36743,0
یزد زاینده یزد کوهرنگ یزد چهارمحال اصفهان,1,36743,0
رفسنجان یزد اصفهان,1,36743,0
تهران دریاچه ارومیه زاینده اصفهان خوزستان کوههای کردستان ایران,1,36743,0
رودخانه زاینده اقیانوس اطلس,1,36743,0
اصفهان زاینده یزد یزد یزد,1,36743,0
سد زاینده خشک,1,36743,0
زاینده ادرار کوهرنگ,1,36743,0
زاینده پلیس,1,36743,0
زاینده بلوچستان خوزستان دریاچه ارومیه,1,36743,0
روان,1,36743,0
خشکی زاینده اصفهان,1,36743,0
رودخانه زاینده استانها کوهرنگ,1,36743,0
زاینده شهرا,1,36743,0
چهارمحال مزار بدا ابنا,1,36743,0
زاینده یزد اصفهان اصفهان یزد اصفهان اصفهان کوهرنگ,1,36743,0
شهرکرد شهرکرد زاینده شهرکرد زاینده یزد اصفهان اصفهان رودخانه نمیخشک,1,36743,0
زاینده استان کوه زاینده,1,36743,0
زاینده زیبا اصفهان ایرانه,1,36743,0
جهان جهان دریاچه ارومیه زاینده اصفهان شهرکرد خوزستان,1,36743,0
سراوان زاینده تهران اهواز,1,36743,0
پایاب تالاب گاوخونی,1,36743,0
یزد یزد صفا,1,36743,0
اصفهان زاینده کشاورز رودخانه سراب اصفهان زاینده رود,1,36743,0
زاینده طبقه,1,36743,0
زاینده صنایع سپاهان کویر,1,36743,0
ایران اصفهان اصفهان اصفهان,1,36743,0
خیابان فردوسی زاینده,1,36743,0
سد زاینده و سرچشمه خوزستان,1,36743,0
زاینده کف زاینده,1,36743,0
ایران زاینده تشنشه,1,36743,0
چهارمحال خوزستان زاینده,1,36743,0
اصفهان زاینده پل خواجو اذر,1,36743,0
زاینده صلاح,1,36743,0
زاینده بانک اصفهان,1,36743,0
اصفهان چهارمحال وبختیاری اصفهان,1,36743,0
زاینده نشانی اصفهان,1,36743,0
بستر زاینده پل خواجو,1,36743,0
عمر فلسطین,1,36743,0
زاینده اب خارک,1,36743,0
زاینده زاینده فریدن کوهرنگ,1,36743,0
زاینده مال ایران اصفهان,1,36743,0
زاینده نت اصفهان,1,36743,0
زاینده اصفهان ایمی ش لار سو له نیب لر,1,36743,0
اصفهان زاینده غارنشین,1,36743,0
ایران واشنگتن,1,36743,0
خیابان پاستور,1,36743,0
فلسطین اصفهان,1,36743,0
کاشان تالاب گاوخونی,1,36743,0
شهرم ون اصفهان زاینده,1,36743,0
یزد اصفهان اصفهان یزد,1,36743,0
چهارمحال بختیاری زاینده,1,36743,0
زاینده کوهرنگ گاوخونی کوهرنگ زاینده رودی زاینده اصفهان اصفهان,1,36743,0
اصفهان اصفهان اصفهان زاینده وحوش منطقه,1,36743,0
پل خواجو اتحاد اصفهان زاینده,1,36743,0
زاینده و گلپایگان,1,36743,0
اصفهان زاینده چخبر,1,36743,0
اصفهان اصفهان چهارمحال زاینده,1,36743,0
یزد اصفهان استان اصفهان شهرستان فریدن و گلپایگان خوانسار سد زاینده یزد,1,36743,0
اصفهان زیبای,1,36743,0
زاینده پاسارگاد,1,36743,0
چهارمحال چهارمحال شهرستان سامان زاینده,1,36743,0
شرافت زاینده,1,36743,0
دبی زاینده,1,36743,0
لرستان اصفهان قم هامون,1,36743,0
اصفهان زاینده اصفهان اصفهان اصفهان,1,36743,0
خلیج فارس یزد استانهای جنوبی سیستان و بلوچستان,1,36743,0
زاینده خوزستان خوزستان اصفهان یزد,1,36743,0
زاینده کوهرنگ چهارمحال فریدن فریدونشهر لرستان اصفهان,1,36743,0
رنگ,1,36743,0
زاینده یزد یزد اصفهان,1,36743,0
اصفهان زاینده زاینده احیا,1,36743,0
خوزستان دوما چهارمحال و بختیاری استان اصفهان چهارمحال شکر کوه چهارمحال طبیعی سرچشمه زاینده اصفهان,1,36743,0
کوهرنگ زاینده فصولی,1,36743,0
زاینده کوههای چهارمحال چهارمحال اصفهان,1,36743,0
اصفهان خوزستان خوزستان اصفهان زاینده اصفهان خوزستان,1,36743,0
زاینده اصفهان چهارمحال سرچشمه زاینده زاینده,1,36743,0
زاینده خیابون زاینده,1,36743,0
یزد استان هاله,1,36743,0
زاینده روال سرچشمههای کوهرنگ,1,36743,0
زاینده فرو,1,36743,0
یزد زاینده شهرکرد اصفهان,1,36743,0
هتل عباسی هتل عباسی,1,36743,0
زاینده خشک گاوخونی ایران تهران,1,36743,0
اصفهان زاینده رودخانه,1,36743,0
زاگرس زاینده اصفهان,1,36743,0
زاینده عشق ایران,1,36743,0
زاینده جلگه زاینده,1,36743,0
زاینده خشک استان اصفهان زاینده زاگرس چهارمحال وبختیاری,1,36743,0
زاینده یزد قم,1,36743,0
زاینده چهارمحال بختیاری خوزستان اصفهان,1,36743,0
اصفهان زاینده دمت,1,36743,0
چابهار خرمشهر بوشهر,1,36743,0
زاینده تونل توکویر اباد ش,1,36743,0
توکو یر,1,36743,0
اصفهان رودخانه زاینده اصفهان,1,36743,0
تونل کوهرنگ ماله کارانه ابش زاینده,1,36743,0
سد علی مفعول زاینده,1,36743,0
زاینده اصفهان رودخانه زاینده,1,36743,0
زاینده قم کاشان استان مرکزی یزد بروجن,1,36743,0
ساختمان بانک اداره پمپ بنزین,1,36743,0
استان اصفهان زاینده مستقیم اصفهان استان چهارمحال وبختیاری یزد خوزستان,1,36743,0
زاینده چهارمحاله چهارمحال اصفهان چهارمحال یا,1,36743,0
اصفهان سرچشمه زاینده زرد کوه,1,36743,0
قم سرچشمه زاینده سد قم اصفهان,1,36743,0
زاینده زردکوه چهارمحال چهارمحال ی اصفهان محال,1,36743,0
اصفهان زاینده اصفهان زاینده رود,1,36743,0
زاینده خیابان,1,36743,0
زاینده دی,1,36743,0
لالی اصفهان زاینده اصفهان,1,36743,0
سد زاینده ابش چهارمحال و خوزستان اصفهان,1,36743,0
زاینده شاخه چهارمحال کوهرنگ یزد شهرکرد اصفهان,1,36743,0
یزد قم قم یزد,1,36743,0
اصفهان نادر,1,36743,0
زاینده اصفهان چهارمحال و بختیاری استانهای کهکیلویه و خوزستان,1,36743,0
رودخانه زاینده اصفهان اصفهان,1,36743,0
اصفهان پل خواجو اصفهان,1,36743,0
اصفهان زاینده خشک غرب اسفهان,1,36743,0
اصفهان اصفهان اصفهان استان زاینده جاری زاینده اب,1,36743,0
چار اصفهان زاینده زاینده کوهرنگ فریدون شهر,1,36743,0
زاینده منطقه رودخانه جرمه منطقه باغ اقلیم,1,36743,0
رودخانه کوه رنگ رودخانه زاینده رودخانه زاینده استان چهارمحال منطقه فریدن,1,36743,0
زاینده خشکه دریاچه کویر ایران,1,36743,0
راحل,1,36743,0
زاینده چهارمحال و بختیاری اصفهان,1,36743,0
یزد یزد زاینده جوکار,1,36743,0
دریاچه ارومیه عزیزه زاینده ببین,1,36743,0
تونل گلاب اصفهان کاشان اران و بیدگل,1,36743,0
کویر اب یزد,1,36743,0
ی چاوشسکوی زاینده کشور,1,36743,0
کشور تخمی ابم زاینده,1,36743,0
پل خواجو اصفهان,1,36743,0
اهواز تبریز,1,36743,0
زاینده رودخانه رد لام,1,36743,0
زاینده باغ,1,36743,0
سرچشمه زاینده اصفهان رودخانه چهارمحال اصفهان,1,36743,0
اصفهان زاینده چهارمحال و بختیاری خوزستان فارس خوزستان تخت جمشید,1,36743,0
اصفهان زاینده زاینده زاینده زاینده کوهرنگ استان استان,1,36743,0
اصفهان زاینده ابان اصفهان اصفهان,1,36743,0
زاینده کوهرنگ چلگرد زردکوه اصفهان بن سامان اصفهان,1,36743,0
کلاب هاوس,1,36743,0
یزد چهارمحال سد زاینده هعی,1,36743,0
زاینده خدامون,1,36743,0
اصفهان اصفهان ایران اصفهان,1,36743,0
کرمان یزد,1,36743,0
اصفهان زاینده اذربایجان دریاچه ارومیه,1,36743,0
لور و بختیاری,1,36743,0
سمیرم شمال اصفهان زاینده,1,36743,0
زاینده اصفهان منطقه اصفهان اب زاینده,1,36743,0
تونل کوهرنگ زاینده زاینده جاهای,1,36743,0
اب کلپایگان قم زاینده قم قم,1,36743,0
شهرستانهای فریدن و فریدونشهر زاینده,1,36743,0
زاینده اصفهان زاگرس,1,36743,0
زاینده جمعیت,1,36743,0
اصفهان زاینده رود اصفهان اصفهان,1,36743,0
زاینده دشتی,1,36743,0
زاینده اصفهان اصفهان یزد,1,36743,0
شهرکرد زاینده کوهرنگ اصفهان,1,36743,0
رودخانه فردی زاینده,1,36743,0
اصفهان زاینده خشک زاینده,1,36743,0
روستاهای چهارمحال و بختیاری سرچسمه زاینده,1,36743,0
اصفهان کوههای بختیاری زاینده,1,36743,0
زاینده اصفهان کاشان نایین نطنز اصفهان,1,36743,0
رودخانه زاینده اندیشه,1,36743,0
زاینده منطقه اصفهان,1,36743,0
زاگرسی,1,36743,0
زاینده اب اصفهان زاینده ابدار,1,36743,0
سد زاینده باتلاق گاوخونی اصفهان,1,36743,0
شرق اصفهان سد زاینده,1,36743,0
زاینده جاری قم یزد اصفهان قم,1,36743,0
اصفهان اصفهان تالاب گاوخونی,1,36743,0
زاینده رودخانه اصفهان اصفهان اصفهان تالاب گاوخونی,1,36743,0
زاینده حقش اصفهان,1,36743,0
زاینده غرب شرق زاینده رودی,1,36743,0
زاینده کازرون نوراباد ممسنی,1,36743,0
اصفهان لنجان,1,36743,0
اب غرب و چهارمحال یزد,1,36743,0
زاینده ابان خواجو,1,36743,0
شهرکرد زاینده برد کارون,1,36743,0
زاینده خرابه,1,36743,0
چشمه لنگان خدنگ ستان زاینده ابش ون زاینده چهارمحال وبختیاری زاینده,1,36743,0
یزد لرستان لرستان یزد یزد لرستان,1,36743,0
تونل کوهرنگ چهارمحال وبختیاری اصفهان,1,36743,0
جنوب غرب اصفهان زاینده روده زاینده اصفهان تون خوزستان چهارمحال,1,36743,0
تونل گلاب کاشان نطنز بادرود زاینده تونل گلاب زاینده چهارمحالوبختیاری,1,36743,0
یزد اسمان زاینده گلاب زاینده روده,1,36743,0
خوزستان اصفهان زاینده خوزستانی,1,36743,0
تونل گلاب تونل گلاب چهارمحال تونل گلاب زاینده و استان اصفهان,1,36743,0
شرق اصفهان منطقه زاینده رودی,1,36743,0
اصفهان اصفهان یزد قم کرمان,1,36743,0
زاینده سانت,1,36743,0
پل خواجو زاینده کشاورز زاینده,1,36743,0
شرق اصفهان یزد,1,36743,0
دریاچه ارومیه دریاچه ارومیه ارومیه,1,36743,0
سرپل خواجو زاینده,1,36743,0
زاینده و سی و پل,1,36743,0
یزد زاینده یزد اصفهان اصفهان یزد,1,36743,0
یزد سد زاینده,1,36743,0
گز زاینده,1,36743,0
لرستان چهارمحال و خوزستان اصفهان,1,36743,0
ایران اصفهان زاینده نابود خوزستان چهارمحال بختیاری جلگه ی خوزستان خوزستان,1,36743,0
استان اصفهان زاینده سال,1,36743,0
زاینده اصفهان زاینده رود ایران زاینده,1,36743,0
یزد اصفهان تالاب پساب یزد,1,36743,0
خاورمیانه جهان شط اباد خرم خاورمیانه,1,36743,0
اصفهان زاینده زند,1,36743,0
زاینده ازب دادا صفهان,1,36743,0
زاینده اصفهان اصفهان زاینده خوزستان,1,36743,0
اصفهان یزد یزد یزد,1,36743,0
کاشان زاینده و استان اصفهان,1,36743,0
رودخانه زاینده تهران خیابان پاستور,1,36743,0
اصفهان زاینده ابان اصفهان,1,36743,0
پل خواجو پل خواجو,1,36743,0
قم اصفهان زاینده مستقیم الیگودرز,1,36743,0
رشت استان چهارمحال و بختیاری زاینده حوضه زاینده استان اصفهان,1,36743,0
اصفهان گاوخانی زاینده,1,36743,0
اصفهان زاینده روستای اوغول بیک تکاب,1,36743,0
شیراز کرج اصفهان خوزستان زاینده اصفهان,1,36743,0
زاینده تو,1,36743,0
کویر زاینده رود کویر اب زاینده دریاچه,1,36743,0
پل زاینده سرمون,1,36743,0
زاینده چهارباغ اصفهان,1,36743,0
کمربندی زمینهای کشاورزی رودخانه زاینده,1,36743,0
زاینده دلتان,1,36743,0
زاینده جیره خوزستان شرق اصفهان خوزستان,1,36743,0
یاسوج استان چهارمحال زاینده و خوزستان استان فارس بوشهر,1,36743,0
کارخانه,1,36743,0
پز پلاتو اصفهان پل زاینده,1,36743,0
زاینده شهر میدان نقش جهان باغ,1,36743,0
زاینده کشاورز یزد,1,36743,0
کرمان یزد قم,1,36743,0
اصفهان اینستاگرام,1,36743,0
اصفهان زاینده خشک یاسوج شهر,1,36743,0
اصفهان ونک ونک,1,36743,0
زاینده ازل کوهرنگ جلگه اصفهان اصفهان,1,36743,0
رودخانه اب زاینده بیابان,1,36743,0
رودخانه زاینده باغ بهادران,1,36743,0
زاینده خشکه شیراز دشت,1,36743,0
زاینده رود ش جرقویه,1,36743,0
منطقه سال شالیزار زاینده بیابان,1,36743,0
زاینده رودی زاینده جاری,1,36743,0
اصفهان زاینده لطفی,1,36743,0
اصفهان یاسوج شهر مانیا,1,36743,0
اصفهان شرق اصفهان زاینده اصفهان زاینده,1,36743,0
دریاچه ارومیه زاینده مال,1,36743,0
اصفهان اباده اصفهان استان اصفهان زرین شهر,1,36743,0
زاینده اصفهان جنوب و غرب اصفهان,1,36743,0
خوزستان فارس,1,36743,0
چهارمحال لرستان اصفهان زاینده چهارمحال ایسلو اصفهان,1,36743,0
رودخانه زاینده باغ بهادران ملک,1,36743,0
اصفهان رود خونه,1,36743,0
دریاچه ارومیه هورالعظیم زاینده دریاچه هامون دریاچه بزنگان,1,36743,0
زاینده کوههای چهارمحاله,1,36743,0
اصفهان چهارمحال یزد ایران,1,36743,0
شرق اصفهان زاینده غرب اصفهان,1,36743,0
زاینده شهر سامان چهارمحال بختیاری,1,36743,0
میدان طوقچی اصفهان,1,36743,0
پل چوبی زاینده اب mohammad har,1,36743,0
جهان جلگه اصفهان علف خشک محالات,1,36743,0
ارگ بم,1,36743,0
اصفهان زاینده زاینده دریاچه ارومیه,1,36743,0
سد زاینده سد زاینده سد زاینده ساعت,1,36743,0
کاشان اصفهان اصفهان جهان زاینده,1,36743,0
اصفهان سی پل زاینده چهارباغ,1,36743,0
استان بهنام,1,36743,0
اصفهان اصفهان اصفهان زاینده شهر,1,36743,0
فلم زاینده شهر اصفهان,1,36743,0
قایقرانی زاینده,1,36743,0
دریاچه ارومیه ی زاینده,1,36743,0
حوضه گاوخونی زاینده استان فارس یزد چهارمحال حوضه گاوخونی,1,36743,0
اصفهان اصفهان زاینده بهشت,1,36743,0
فولاد اصفهان,1,36743,0
زاینده اب اصفهان یاسوج,1,36743,0
زاینده رفسنجان کاشان قم,1,36743,0
زاینده پل کله زاینده اصفهان بهارستان سپاهان شهر فولادشهر شهرک مجلسی,1,36743,0
زاینده رودم وسعت ارومیه وطنم هامون م اروندم,1,36743,0
زاینده جاری اصفهان زاینده زاینده,1,36743,0
شهر اصفهان زاینده زاینده کانال,1,36743,0
تونل کوهرنگ استان اب بهنام زاینده زاینده رودخانه رودخانه,1,36743,0
شیراز زاینده چهارمحال و کوهرنگ,1,36743,0
یزد بختیاری روستای جیره بندیه یزد,1,36743,0
زاینده سرچشمه کوهرنگ استان ابتون یزد,1,36743,0
اهواز زاینده خشکه,1,36743,0
حومه اصفهان,1,36743,0
بهشت اصفهان زاینده چشمه دیمه تالاب گاوخونی,1,36743,0
دریاچه ارومیه سد زاینده خوزستان,1,36743,0
زاینده رودمون زاینده,1,36743,0
زاینده زاگرس زرد کوه,1,36743,0
سامان چهارمحال وبختیاری سرچشمه زاینده کوهرنگ,1,36743,0
اصفهان مجتمع مسکونی فیلیپ جانسون زاینده,1,36743,0
اصفهان سرزمین ایران,1,36743,0
زاینده عصای سیدخندان,1,36743,0
یزد خلیج فارس,1,36743,0
خانه مرگ اصفهان زاینده,1,36743,0
میدان نقش جهان زاینده,1,36743,0
شهرک ویلایی سد زاینده تهرانی ماههها لواسان,1,36743,0
چشمه کوهرنگ زاینده اخرای,1,36743,0
زاینده سال تپه اشرف خیابان مشتاق اصفهان ایلام ایالت انشان,1,36743,0
اصفهان اصفهان زاینده فصلی اصفهان,1,36743,0
تالاب هامون جهان تالاب بختگان تالاب انزلی تالاب گاوخونی تالاب هور العظیم تالاب چغاخور تالاب شادگان,1,36743,0
کویر پالایشگاه زاینده خشک,1,36743,0
زاینده گل کوجی,1,36743,0
دریاچه سد زاینده ماه دریاچه استان اصفهان تونل کوهرنگ,1,36743,0
ایران زاگرس شهرکرد اصفهان,1,36743,0
دجله فرات کانال سويز زاینده لاهیجان,1,36743,0
اصفهان زاینده کشاورز اصفهان زاینده رود,1,36743,0
دریاچه ارومیه زاینده شمایان,1,36743,0
زاینده همیهنان بختیاری,1,36743,0
شرق زاینده یزد,1,36743,0
ایران اصفهان اصفهان فلات ایران اصفهان,1,36743,0
قم اصفهان یزد کرمان اصفهان,1,36743,0
شهر اصفهان زاینده رود,1,36743,0
اصفهان شرق اصفهان زاینده چهارمحال سال باغ زاینده,1,36743,0
اصفهان یزد خوزستان اصفهان خوزستان چهارمحال و یزد,1,36743,0
سد زاینده سد نیروگاهش شهر اصفهان اصفهان زاینده دزد,1,36743,0
زاینده تدی اصفهان,1,36743,0
نیروگاه سد زاینده سد زاینده,1,36743,0
زاینده رودخانه زاینده تالاب گاوخونی,1,36743,0
هتل کورش هتل ی زاینده,1,36743,0
زاینده زاینده دز,1,36743,0
خانه زاینده قربانی,1,36743,0
استان چهارمحال رودخانه اصفهان,1,36743,0
شهرکرد رودخانه سد زاینده,1,36743,0
زاینده مسلم خانه زاینده,1,36743,0
اصفهان باغیرت,1,36743,0
خلیج فارس سد گتوند,1,36743,0
قلعه بزی مبارکه اصفهان زاینده بزن,1,36743,0
زاینده احداث,1,36743,0
اصفهان زاینده رود,1,36743,0
ایران اصفهان خوزستان خوزستان,1,36743,0
زاینده سیرت,1,36743,0
زاینده چای,1,36743,0
اصف ان زاینده پلی خواجو,1,36743,0
زاینده یب,1,36743,0
استان اصفهان بختیاری ستان اصفهان اصفهان,1,36743,0
ونی فارس,1,36743,0
یزد شهرهای قم و اصفهان و یزد و کاشان اصفهان زاینده,1,36743,0
سد چم اسمان اصفهان استان یزد زاینده استان,1,36743,0
جهان زاینده اصفهان,1,36743,0
سد زاینده استان دزدان,1,36743,0
زاینده کوهرنگ استان چهارمحال,1,36743,0
ایران کینه زاینده کسشر,1,36743,0
رودخانه زاینده اصفهان اصفهان زاینده,1,36743,0
رودخانه زاینده زاینده اصفهان رودخانه زاینده,1,36743,0
رودخانه زاینده پل خواجو اصفهان,1,36743,0
تالاب گاوخونی دشت اصفهان گاوخونی,1,36743,0
اصفهان زاینده غرب شرق اصفهان,1,36743,0
زاینده سرچشمهها,1,36743,0
درصدش اغلین ال اصفهان زاینده سالی زاینده استان اصفهان,1,36743,0
چهارمحال بهایی چهارمحال,1,36743,0
اصفهان زاینده مین زاینده,1,36743,0
اصفهان زاینده چهارشنبه,1,36743,0
زاینده چار,1,36743,0
نکو مهیار جرقویه چهارمحال نکو اباد مهیار جرقویه چهارمحال,1,36743,0
ایران زاینده جريت,1,36743,0
زاینده مال اصفهان ایران,1,36743,0
اصفهان تالاب انزلی دریاچه ارومیه ایران اصفهان,1,36743,0
اصفهان زاینده غرب شرق اصفهان زاینده,1,36743,0
چهارمحال بختیاری لرستان خوزستان,1,36743,0
چهارمحال انتقال زاینده زاینده,1,36743,0
سد زاینده رود,1,36743,0
شهرستان بن زاینده شهرستان بروجن,1,36743,0
زاینده کشاورزس اصفهان,1,36743,0
استان احمدی نژاد چهارمحال وبختیاری,1,36743,0
یزد چهارمحال وبختیاری بهشت اصفهان یزد,1,36743,0
اصفهان زاینده دلگیر,1,36743,0
یزد زاینده اصفهان,1,36743,0
اصفهان خوزستان زاینده رود زاینده رود,1,36743,0
پل هامون,1,36743,0
ایران ماسه فروشی دریاچه ارومیه,1,36743,0
پلاس جان ایتان اصفهان زاینده نصیراباد چهارمحال,1,36743,0
چهارمحال بختیاری سد زاینده,1,36743,0
زاینده انتقال اصفهان,1,36743,0
چهارمحال یزد اصفهان زاینده لنجان گاوخونی اصفهان,1,36743,0
زاینده بستس,1,36743,0
زاینده پل فردوسی اصفهان اصفهان,1,36743,0
تالاب گاوخونی شهر اصفهان,1,36743,0
کویر اصفهان زاینده,1,36743,0
شرق اصفهان جنوب شرق زاینده,1,36743,0
تالاب گاوخونی گاوخونی زاینده,1,36743,0
زاینده ابو یزد کرمان اراک,1,36743,0
زاینده نشست,1,36743,0
اب زاینده قانون,1,36743,0
اصفهان زاینده بالا شهر اصفهان,1,36743,0
یزد کارخانجات فولاد کویر,1,36743,0
باغ شهر باغ و اصفهان زاینده اصفهان,1,36743,0
جاده فرخ شهر داران زاینده,1,36743,0
تالاب گاوخونی زاینده اصفهان اصفهان,1,36743,0
زاینده رون ذوب,1,36743,0
زاینده جات,1,36743,0
بختگان استان فارس زاینده اصفهان اروپا,1,36743,0
زاینده اصفهان زاینده استان چهارمحال یزد اصفهان,1,36743,0
زاینده غرب ایران,1,36743,0
فلات مرکزی ایران جهان,1,36743,0
گاوخونی اصفهان زاینده گاوخونی,1,36743,0
خوزستان خوزستان زاینده خوزستان,1,36743,0
زاینده خوزستان خوزستان اصفهان اصفهان,1,36743,0
ارامگاه,1,36743,0
زاینده رود یزد کرمان اصفهان زاینده زاینده میدان عتیق نقش جهان,1,36743,0
ساحل زاینده گوهر,1,36743,0
اصفهان زاینده گودبای روده,1,36743,0
اصفهان زاینده کوهرنگ زاینده اصفهان,1,36743,0
زاینده استان چهارمحال وبختیاری دشت شهرکرد اصفهان,1,36743,0
سرچشمه زاینده شهرکرد,1,36743,0
منطقه جنگلی قدیما زاینده اب,1,36743,0
پل اب زاینده,1,36743,0
تالاب حور العظیم دریاچه ارومیه زاینده اصفهان تخت جمشید پاسارگاد,1,36743,0
چشمه لنگان,1,36743,0
زاینده سد زاینده افتاده سد زاینده تالاب گاوخونی,1,36743,0
زاینده عهد,1,36743,0
زاینده چشمه چهارمحال بختیاری,1,36743,0
زاینده قرب,1,36743,0
خر ند خریت زاینده خشک,1,36743,0
رودخانه زاینده استان زیبای چهارمحال وبختیاری,1,36743,0
اصفهان زاینده جعفر,1,36743,0
زاینده بند تشکیلات کوهرنگ بند,1,36743,0
زاینده لنجان,1,36743,0
ابریز اصفهان ابریز چهارمحال بختیاری,1,36743,0
اصفهان بلوکات اصفهان اصفهان زاینده اصفهان سد چم اسمان اصفهان یزد,1,36743,0
استان فارس استان استان اصفهان زاینده استان چهارمحال دهه بلوکات اصفهان چهارمحال اصفهان,1,36743,0
اصفهان زاینده بناشده زاینده ازل کوهرنگ دشت جلگه اصفهان,1,36743,0
پل ثروت,1,36743,0
زاینده سرچشمه چهارمحال و بختیاریه,1,36743,0
اصفهان زاینده مکان,1,36743,0
اصفهان زاینده اصفهان اصفهان ایران,1,36743,0
دریاچه ارومیه زاینده دریاچه ارومیه دریاچه ارومیه,1,36743,0
خوزستان اصفهان خوزستان چهارمحال سالی,1,36743,0
زاینده دریاچه,1,36743,0
دریاچه چمها زاینده استان اصفهان,1,36743,0
بندی لو زاینده,1,36743,0
لنجان لنجان چهارمحال لنجان پل کله چهارمحال یزد میبد,1,36743,0
کویر اصفهان اصفهان زاینده,1,36743,0
صنایع,1,36743,0
یزد سد خاکی زاینده,1,36743,0
تبریز قزوین اصفهان زاینده,1,36743,0
روستای انالوجه,1,36743,0
خوشک زاینده,1,36743,0
رشت پرمه حوضه پلاس جان گی کوهرنگ استان اصفهان زاینده اصفهان چهارمحال سد رودخانههای نعل اشکنان سمندگان حیدری قلعه شاهرخی,1,36743,0
سد زاینده ابادچی,1,36743,0
اصفهان دریای زاینده,1,36743,0
تخت جمشید دریاچه ارومیه زاینده مرداب انزلی,1,36743,0
خیابان انسجام دریاچه ارومیه زاینده,1,36743,0
ایران ارومیه ایران کرخه زاینده ترکی,1,36743,0
زاینده سی اصفهان,1,36743,0
زاینده هامون بختگان هور العظیم ارومیه,1,36743,0
جلگه اصفهان جلگه زاینده,1,36743,0
جلگه زاینده حاصلخیز فلات ایرانه,1,36743,0
روستای حجت دهکده تفریحی عمران زاینده,1,36743,0
اصفهان اصفهان زاینده کارون خوزستان,1,36743,0
اصفهان زاینده سبزک,1,36743,0
زاینده کوهرنگ باتلاق گاوخونی اصفهان,1,36743,0
پل فلزی زاینده اصفهان,1,36743,0
قسمت زاینده شهر,1,36743,0
زاینده هامون تالاب انزلی,1,36743,0
اصفهان روستای بیستجان زاینده ارامشی,1,36743,0
اصفهان زاینده دس ش,1,36743,0
نژاد,1,36743,0
زاینده زاینده رودی,1,36743,0
زاینده لنجانات,1,36743,0
کوهرنگ دشت جلگه اصفهان ایران ایران ایران,1,36743,0
سد زاینده بامداد زاینده,1,36743,0
زاینده اقیانوس,1,36743,0
و چهارصد شهرستان,1,36743,0
دریاچه ارومیه هامون گاوخونی زاینده,1,36743,0
زاینده زاینده گاوخونی یزد کاشان بروجن یزد,1,36743,0
خراب ایران جلگه پهناور زاینده,1,36743,0
پهناور زاینده پل خواجو,1,36743,0
استان چهارمحال رودخانه زاینده دریاچه سد تالاب گاوخونی فلات ایران زاینده,1,36743,0
جلگه حاصلخیز اصفهان زاینده سیراب,1,36743,0
اصفهان زاینده اب جلگه حاصلخیز زاینده,1,36743,0
دریاچه ارومیه پانت رکان زاینده حامی,1,36743,0
زاینده سنگ,1,36743,0
سد زاینده چیتی,1,36743,0
زاینده جعفر,1,36743,0
تاش دریاچه اذربایجانهای غرب و شرق و کردستان,1,36743,0
شهر ارومیه جاده تیر منطقه کهریز اذربایجان,1,36743,0
دریاچه نعمت عقل مدینه فاضله,1,36743,0
ارومیه تبریز تبریز اذربایجان کردستان پیرانشهر تبریز,1,36743,0
سومر,1,36743,0
دریاچه ارومیه جلو,1,36743,0
طورکیه ارس دجله فرات,1,36743,0
رودخانه نیکشهر,1,36743,0
سرزمین زیبای اذربایجان دریاچه رضايیه,1,36743,0
زاگرس زاینده شادگان و ارومیه,1,36743,0
زاینده قم قم,1,36743,0
گاوخونی شرق اصفهان زاینده,1,36743,0
زاینده مخملباف,1,36743,0
پل خواجو نقش جهان جنب حمام جارچی عالی قاپو پل مارنون چهارباغ عباسی بازار مس گرا زاینده گز بریان,1,36743,0
شمال چ سد زاینده,1,36743,0
شیراز زاینده,1,36743,0
زاینده خاکی خشکه,1,36743,0
مغان لو رید زاینده,1,36743,0
اصفهان جور زاینده,1,36743,0
زاینده کویر لوت,1,36743,0
پالایشگاه ابادان دبستان زاینده ابادان,1,36743,0
بم پل ذهاب,1,36743,0
لال بنال,1,36743,0
چم اسمان شهر اصفهان یزد کاشان,1,36743,0
اصفهان ایران جهان زاینده,1,36743,0
سد زاینده مجتمع تفریحی زاینده,1,36743,0
اصفهان اصفهان ایران اصفهان اصفهان اصفهان,1,36743,0
زاینده خشک دشت خون زاینده,1,36743,0
استان اصفهان سد زاینده,1,36743,0
اصفهان دلم ون سی زاینده ترکمان,1,36743,0
زاینده پل خواجو اصفهان قیصریه اصفهان چهل اصفهان,1,36743,0
خوزستان زاینده سیستان,1,36743,0
رنگین کمان معدن گلک هرمز هرمز,1,36743,0
روستای فیروزکوه زاده داوود یزد,1,36743,0
ایران دریاچه چیتگر,1,36743,0
ایران ایران زاینده فولاد,1,36743,0
تالاب شرف,1,36743,0
دریاچه ارومیه باکو دریاچه ارومیه,1,36743,0
تالاب ارومیه,1,36743,0
ایران ی ارومیه,1,36743,0
فلات ایران استان اصفهان,1,36743,0
دریاچه ارومیه دریاچه ارومیه حسنلو,1,36743,0
دریاچه استان اذربایجان سد قلعه چای,1,36743,0
امارات ایران سد دز نیروگاه نکا سد منجیل,1,36743,0
فارس دریاچه ارومیه دریاچه ارومیه فارس,1,36743,0
شهر اصفهان چهارباغ زاینده,1,36743,0
جاده دریاچه سره,1,36743,0
دریاچه انتخاب سد کشاورز تهران تهران,1,36743,0
قزوین سد طالقان ایراند,1,36743,0
اصفهان یزد فارس,1,36743,0
ایران مازندران مازندران مازندران کویر سمنان,1,36743,0
باغ ش اصفهاتیها باغ چهارباغ شهر نصف جهان پل سی ی جوب باریکه زاینده,1,36743,0
زاینده جان,1,36743,0
اصفهان زاینده فعلی,1,36743,0
خوزستان ابریز کارانه زاینده اب یزد اصفه,1,36743,0
استان اصفهان اصفهان اصفهان,1,36743,0
اصفهان کرمان زاینده چار زاینده مرکزی گاوخونی,1,36743,0
چهارمحال بختیاری یزد یزد,1,36743,0
چهارمحال بختیاری زاینده زاینده مادر زاینده,1,36743,0
زاینده فلات مرکزی ایران زاگرس مرکزی کویر مرکزی ایران تالاب گاوخونی,1,36743,0
زاینده زاینده اصفهان زاینده,1,36743,0
زاینده خشک شهرستان ساسانیان خواجو مارن ان,1,36743,0
یزد چهارمحال,1,36743,0
تهران خوزستان اصفهان اصفهان,1,36743,0
زاینده خواجو,1,36743,0
نیروگاه,1,36743,0
سد زاینده سد زاینده سد زاینده زاینده,1,36743,0
کویر لوت دشت کویر خشکی زاینده دریاچه ارومیه,1,36743,0
خواجو خواجو,1,36743,0
اصفهان گاوخونی زاینده سرچشمه زاگرس پل اب خالی زاینده,1,36743,0
پل خواجو زاینده زار,1,36743,0
یزد کاشان زاینده کرمان,1,36743,0
اصفهان باغ باغ ستون ستون پل پل جهان اسفالت زاینده,1,36743,0
خانه انگورستان ملک میدان نقش جهان سردر قیصریه منار ساربان بازار اصفهان زاینده حمام تاریخی قلی,1,36743,0
اصفهان زاینده شم کرمان بوشهر,1,36743,0
زاینده پارکی ناژوون,1,36743,0
زاینده خدایی زاینده اصفهان یزد,1,36743,0
بهشهر زاگرس جنوبی زاگرس زاگرس خوزستان,1,36743,0
غرب ایران گاله,1,36743,0
شرق خوزستان سد مارون بهبهان شرق خوزستان مارون و جراحی شهرستانهای بهبهان رامهرمز امیدیه مشیر ماهشهر و شال,1,36743,0
کلاچای استان گیلان,1,36743,0
فرودگاه پالایشگاه ابادان فولاد اصفهان جاده کرج,1,36743,0
شهرستانهای بوکان پیرانشهر اشنویه و شمال کردستان,1,36743,0
رودخانه فعالیتیه سنی,1,36743,0
سد دز نیروگاه نکا,1,36743,0
ترک,1,36743,0
کشور نروژ شهر برگن,1,36743,0
دریاچه ارومیه شمال اطراف سلماس سد درغرب شهر چای سیلوانا اطراف مراغه سد بوکان و مهاباد,1,36743,0
سد زاینده خالی محمودچی,1,36743,0
استان اصفهان استان خوزستان زاینده تامین اصفهان چهارمحال یزد کرمان استان خوزستان,1,36743,0
پیدا شرق ترمینال جی زاینده,1,36743,0
اصفهان احمدی نژاد,1,36743,0
زاینده تاب زاینده جاری,1,36743,0
استان اصفهان اببند سد زاینده,1,36743,0
خوزستان اصفهان زاینده خوزستان,1,36743,0
استان اصفهان خوزستان,1,36743,0
استانهای اصفهان و خوزستان زاینده,1,36743,0
زاینده اصفهان زمین زمین,1,36743,0
اصفهان زاینده دل,1,36743,0
غرب سپاهان زاینده,1,36743,0
رودخانه زاینده پل خان,1,36743,0
اصفهان استان خوزستان استان خوزستان استان خوزستان,1,36743,0
سد زاینده استان اصفهان سد زاینده,1,36743,0
زارت زور,1,36743,0
سد کمال خان ایران سیستان و بلوچستان سد کمالخان,1,36743,0
سد کمال خان طالبان,1,36743,0
بشاگرد میناب,1,36743,0
روستا تدبیر استان,1,36743,0
سد استقلال میناب,1,36743,0
پاسارگاد پاسارگاد,1,36743,0
یزد کرمان ایران,1,36743,0
ساختمان پل,1,36743,0
سويز خلیج خزر جندق,1,36743,0
دریاچه ایران ولگا,1,36743,0
زاینده زاینده ریه,1,36743,0
ایران دنیا غرب اسیا,1,36743,0
هورالعظیم رودخانه کرخه دز کارون,1,36743,0
خوزستان شوشتر,1,36743,0
کارون شوشتر شهر دستش گتوند شوشتر,1,36743,0
کارون کرخه دز دریاچه ارومیه,1,36743,0
کارون زاینده رودودریاچه ارومیه تالابها هورالعظیم و گاوخونی,1,36743,0
کارون هورالعظیم خوزستان,1,36743,0
بروجن لردگان زاینده مم لردگان لردگان فلات مرکزی,1,36743,0
کارون مارون کرخه,1,36743,0
سد کارون خوزستان,1,36743,0
دریاچه هامون ارومیه کارون زاینده,1,36743,0
کارون دریاچه ارومیه هور العظیم دریاچه ارومیه,1,36743,0
فیروزاباد رودخانه تنگاب فیروزاباد,1,36743,0
ایران نمک,1,36743,0
یزد زاینده رود,1,36743,0
ایران اصفهان خوزستان اصفهان,1,36743,0
اصفهان اصفهان سمیرم چهارمحال مال,1,36743,0
سد سرچشمه,1,36743,0
سد زاینده کوهرنگ چهارمحال وبختیاری اصفهان,1,36743,0
سک سمنان مازندران دریای مازندران سمنان مازندران,1,36743,0
سد منجیل گیلان,1,36743,0
سد چم شیر,1,36743,0
سد چم شیر درسازندگچی بانمک گچساران,1,36743,0
ذوالقرنین,1,36743,0
کشور مازندران استانهایی اصفهان,1,36743,0
منطقه مشداخ و اهو ریم رودخانه کرخه منطقه مشداخ,1,36743,0
تالاب رودخانه,1,36743,0
خلیج قره بغاز,1,36743,0
زاگر اس,1,36743,0
جاده ورزشگاه تونل نیروگاه,1,36743,0
کشتارگاه,1,36743,0
لامصب,1,36743,0
مارس جنوبی,1,36743,0
دریاچه هامون فرارود هامون سابوری صابری ایران ایران سد کمال خان رودخانه هیرمند,1,36743,0
کشور هاب,1,36743,0
ایران خاورمیانه کرخه,1,36743,0
دریاچه سد سردشت,1,36743,0
خوزستان لرستان استان دشت طرهان لرستان,1,36743,0
اطراف ارومیه ایران,1,36743,0
خیابان چلچراغ جیحون کارون سلسبیل,1,36743,0
ابریز کرخه لرستان کرخه جنوبی کارون,1,36743,0
کرخه خوزستان کارون کرخه خوزستان کرخه جنوبی,1,36743,0
کارون کرخه کرخه تونل دشت عبتس غدیر,1,36743,0
کارون کارون کارون منطقه شادگان و دارخوین,1,36743,0
نیروگاه کارون شهرستانهای باغملک ایذه هفتگل رامهرمز مشیر قسمتی بهبهان و امیدیه,1,36743,0
زاگرس مرکزی سرشاخههای کارون,1,36743,0
خیابان کارون اردبیل,1,36743,0
اهن ایستگاه اهن,1,36743,0
جیحون اذربایجان,1,36743,0
خرمشهر محمره کارون,1,36743,0
شهر اهواز رودخانه کارون,1,36743,0
اتوبان نواب تهران,1,36743,0
اصفهان اهواز کارون اصفهان,1,36743,0
حوضه کرخه خوزستان ابریز کرخه کرخه ابریز کارون حوضه کارون,1,36743,0
نصب غرب کارون,1,36743,0
پارک قوری پل اصفهان شهر اهواز اصفهان کارون,1,36743,0
اهواز ابادان کارون بصره کارون فلات ایران,1,36743,0
تربت چوسین کارون,1,36743,0
اوب,1,36743,0
کارون فارس,1,36743,0
کرم قوربان خپل کارون,1,36743,0
بختیاری,1,36743,0
کارون لر بختیاری,1,36743,0
ایران سرچشمه کارون یزد,1,36743,0
کوهرنگ چهارمحال بروجن سمیرم فریدونشهر کارون,1,36743,0
داش می پل فردیس پل کارون,1,36743,0
پیرمحمد کارون,1,36743,0
کارون شهر یزد,1,36743,0
کرخه کارون دز,1,36743,0
خوزستان پل کارون کارا,1,36743,0
اصفهان زاینده خشک کارون,1,36743,0
گرگان,1,36743,0
کارون استان خوزستان,1,36743,0
پل هلیل شهر جیرفت پل ورسک شمال پل ماشین کارون,1,36743,0
درو دریاچه سد کارون روستای پامناری,1,36743,0
خوزستان تربت کربلا,1,36743,0
شهرهای باغملک ایذه هفتگل رامهرمز مشیر بهبهان و امیدیه نیروگاه کارون خوزستان,1,36743,0
قم منطقه اسم برف انبار لرستان قم کارون زاینده قم,1,36743,0
غدیر اهواز غدیر سیراب کارون,1,36743,0
سد دز کمک کارون کرخه زان ابگیر دز تهران,1,36743,0
نیروگاه کارون,1,36743,0
شهرستانهای ایذه و سوسن کارون رد و باغملک دژپارت هفتکل,1,36743,0
کارون کرخه و دز دز,1,36743,0
کارون اعظم,1,36743,0
کارون شهرستان ایذه ایذه باغملک,1,36743,0
رودخانه زاینده و کارون دریاچه ارومیه,1,36743,0
کارون پل قشنگن اهواز,1,36743,0
زاینده دجله فرات فرات,1,36743,0
فرات اهواز کارون زمین,1,36743,0
اصفهان یزد قم کارون دز کرخه کوهرنگ,1,36743,0
اهواز کارون اصفهان شیراز سعدیه ایران خزر خلیج فارس,1,36743,0
کارون چهارمحال بختیاری چهارمحال خوزستان,1,36743,0
سمیرم فریدونشهر اصفهان کارون زاینده اصفهان کارون خوزستان,1,36743,0
کارون زاگرس کشور غرب ایران,1,36743,0
کارون غرب ایران دجله فرات,1,36743,0
سد کارون خلیج فارس سد کارون اب چهارمحال,1,36743,0
سد کارون استان چهارمحال وبختیاری,1,36743,0
چهارمحال اختیار خوزستان,1,36743,0
خ ادین دد ارومیه دریاچه سینه گور یکه ی اسین الیپ لار,1,36743,0
کرخه کرخه سد کرخه خوزستان,1,36743,0
استان اصفهان استان اصفهان اصفهان چهارمحال خوزستان,1,36743,0
یزد یزد اصفهان کرمان,1,36743,0
ارس اراز,1,36743,0
فومنات خشکبیجار,1,36743,0
سد کرخه و دز,1,36743,0
ایران خلیج فارس ایران ایران,1,36743,0
رودخانه ارس ابه ایران,1,36743,0
تهران پاکدشت,1,36743,0
افرین,1,36743,0
دریاچه ارومیه ورامین,1,36743,0
اهواز ایران خرد دجله فرات,1,36743,0
کویر گلستان,1,36743,0
خوزستان هورالعظیم کویر مرکزی دنیا,1,36743,0
کویر جلگه خوزستان,1,36743,0
ارس دجله فرات,1,36743,0
استان چهارمحال وبختیاری کارون حقش ون کارون زاینده مجتمع فولاد سپیددشت,1,36743,0
استان خوزستان کارون,1,36743,0
استان اصفهان بختیاری زاینده کارون خوربیا,1,36743,0
زاینده مشروب,1,36743,0
فرمانداری,1,36743,0
غرب پل کارون شرق,1,36743,0
اصفهان کار خونه سد کارون سد زاینده راستین سفید,1,36743,0
دریاچە ارومیه هورالعظیم کارون دز,1,36743,0
اغاجاری شهر قرم خوزستان خوزستان اغاجاری شهرستانهای امیدیه ابادان بهبهان کارون لالی و هفتکل,1,36743,0
خیابان منوچهری,1,36743,0
قلهک,1,36743,0
کوهرنگ رودخونههای کارون مارون زهره خوزستان کوه نمک کارون ابه و مارون,1,36743,0
اصفهان اهواز اصفهان کارون,1,36743,0
چهارمحال سد کارون,1,36743,0
چهارمحال حوضه کارون حوص زاینده زاینده رود,1,36743,0
کارون زاینده خشک,1,36743,0
کارون مدیریتشون ارومیه,1,36743,0
پل اهواز اب کارون نیزار ابه,1,36743,0
سرچشمه کارون خوزستان,1,36743,0
اصفهان گاوخونی استان اصفهان,1,36743,0
چهارمحال و بختیاری کارون کارون استان,1,36743,0
کارون تونل کوهرنگ بهشت زاینده گويید شهرکرد,1,36743,0
رشت زاینده کارون کارون استان حوصه کارون,1,36743,0
رشت هه نمیشناسید کارون زاینده دایمی نهر,1,36743,0
رشت دستک ن مرغاب زاینده کارون خوزستان کارون,1,36743,0
روستای منصوره علیا شادگان شرق کارون پتروشیمیهای ماهشهر منصوره,1,36743,0
کشور گتوند,1,36743,0
خلیج فارس دریای خزر ایران,1,36743,0
شادگان ابادان بهبهان شادگان ابادان,1,36743,0
ایران کیش کیش,1,36743,0
فرت فرت,1,36743,0
دوحه خاورمیانه,1,36743,0
ایران اردوغان ارس خاورمیانه دریاچه ارومیه,1,36743,0
غرب شرق غرب ایران,1,36743,0
خرد وغان فرات,1,36743,0
عر دوغانه,1,36743,0
کوه فسا,1,36743,0
مم وتی کلنگ,1,36743,0
سد کرخه هورالعظیم,1,36743,0
گیلان منجیل دریاچه سد,1,36743,0
سد زاینده رودن,1,36743,0
دریاچه سو,1,36743,0
تبریز ارومیه دریاچه,1,36743,0
طوفان ریگ دریای هلمند,1,36743,0
سرچشمه رودخانه سرچشمه,1,36743,0
جهان گتوند,1,36743,0
شرق اصفهان رودخانه سلام قسمتیش استان چهارمحالی زاینده م,1,36743,0
هاشمی,1,36743,0
تون نجفی,1,36743,0
دجله و فرات,1,36743,0
چهارمحال حقی کوهرنگ استان اصفهان زاینده استان اصفهان,1,36743,0
دریای خزر ایران گیلان مازندران,1,36743,0
سد مهاباد دریاچه ارومیه سد مهاباد,1,36743,0
شهر سازمان زیبا تهران,1,36743,0
تالاب جنگل,1,36743,0
خوزستان دز کرخه خوزستان,1,36743,0
ایران استان تهران ایران ایران خاورمیانه,1,36743,0
دجله و فرات ارس ایران,1,36743,0
خراسان اهواز خراسان,1,36743,0
ایران ایران ابریز دجله,1,36743,0
دریاچه تبریز ارومیه قورومساق کجا,1,36743,0
سیستان خوزستان سیستان اباده,1,36743,0
دجله فرات دریاچه ارومیه,1,36743,0
شاخههای دجله و فرات و ارس ایران,1,36743,0
تبریز اراک,1,36743,0
سد لتیان کرج,1,36743,0
استان تهران سد لتیان کرج,1,36743,0
سد کرخه ایران,1,36743,0
زاینده شکل,1,36743,0
اذربایجان اذربایجان اذربایجان,1,36743,0
دن محاصرسی چیخا تبریز باغ لانا اورمو گولونون,1,36743,0
خوزستان سد استراتژیک دز کرخه استان ایران,1,36743,0
خاتم الانبیا ارومیه,1,36743,0
کهگیلویه بهبهان کهگیلویه بهبهان,1,36743,0
حوزه دجله و فرات,1,36743,0
تبریز دبی دنیا شاهت خاورمیانه,1,36743,0
اتوبان ازادراه,1,36743,0
ابشار افریند لرستان,1,36743,0
کارون عرب,1,36743,0
کارون کارون خانه فولاد مبارکه,1,36743,0
زاینده کارون خوزستان چهارمحال,1,36743,0
شهر شوشتر,1,36743,0
سد کارون دهنه پیدایش,1,36743,0
کارون زاینده دریاچه ارومیه المان,1,36743,0
ایران کارون زاینده تغییر استان جنوب غرب کشور مکران,1,36743,0
دجله فرات کارون کرخه حیحون نیل سند گنگ براهماپوترا,1,36743,0
شهر شرافت شوشتر رودخانه کارون,1,36743,0
شهرستان کوهرنگ الیگودرز سرچشمه کارون زاینده الیگودرز دز,1,36743,0
استان سرچشمه زاینده کارون چشمه کوهرنگ شهرکرد شهرکرد,1,36743,0
خوزستان کارون کرخه و دز شهر اهواز,1,36743,0
استان سرچشمه زاینده و کارون شهرکرد,1,36743,0
ایران کارون ی ارومیه خلیج اصفهان کرمان,1,36743,0
خیابان کارون خیابان تیبا دت,1,36743,0
خوزستان کارون اروندرود,1,36743,0
خوزستان خزعل,1,36743,0
رودخانه کارون شهرهای ابادان و خرمشهر,1,36743,0
کارون خوزستان زاینده دریاچه ارومیه سعداباد,1,36743,0
کرخه دز کارون خوزستان,1,36743,0
سد تنگ سرخ یاسوجه بشار کارون فارس,1,36743,0
شهید,1,36743,0
اصفهان کس,1,36743,0
پل زمانخان استان استان زاینده کوهرنگ گاوخونی,1,36743,0
خوزستان غدیر خوزستان جهان سد دز کارون کرخه نفر خوزستان,1,36743,0
سدهای دز و کرخه و کارون,1,36743,0
کارون سیرجان استان کرمان,1,36743,0
تنظیمی کرخه پانزده شوش کارون کرخه,1,36743,0
کارون کرخه دز دز,1,36743,0
کارون کرخه و دز,1,36743,0
دز کرخه کارون کرخه,1,36743,0
شهرکرد زاینده کارون,1,36743,0
ایران خوزستان رودخانه کارون,1,36743,0
خوزستان خوزستان کارون کرخه,1,36743,0
دز پارت دریاچه کارون,1,36743,0
دریاچه کارون ایذه دهدز استان خوزستان روستای کهرلا دریاچه,1,36743,0
خوزستان خرمشهر کارون,1,36743,0
کارون ابش,1,36743,0
رشت سد کارون چهارمحال مدیریتش خوزستان خوزستان خدنگ ستان چشمه لنگان,1,36743,0
دهدز خوزستان,1,36743,0
منطقه سد کارون دهدز,1,36743,0
کارون تونل انتقال,1,36743,0
خوزستان کارون کارون خوزستان کارون,1,36743,0
کارون خرابه کرخه شهر خوزستان,1,36743,0
کارون شهر اهواز,1,36743,0
جهان کارون کرخه جلگه خوزستان,1,36743,0
تونل کندید کارون کارون زاینده کارون کوهرنگ خدنگ ستان چشمه لنگان و گلاب,1,36743,0
قلعه تل,1,36743,0
دریاچه ارومیه تالاب بختگان جازموریان گاوخونی هامون کارون زاینده هورالعظیم,1,36743,0
زم ور کارون باغین چلینج,1,36743,0
خدنگ ستان چشمه لنگان چهارمحال کارون کوهرنگ تونل و چهارمحال,1,36743,0
دریاچه ارومیه خوزستان زاینده زاگرس,1,36743,0
خیابان پاستور زاینده,1,36743,0
زاینده زاینده زاینده اصفهان,1,36743,0
اصفهان زاینده شب اصفهان زاینده,1,36743,0
اصفهان مجتمع زاینده,1,36743,0
یزد رفسنجان,1,36743,0
کاشان زاینده زاینده نطنز کاشان,1,36743,0
اصفهان زاینده ابان,1,36743,0
دریاچه ی ارومیه ی اصفهان,1,36743,0
یزد اصفهان زاینده درصد,1,36743,0
نایین خور و بیابانک زاینده شهر اصفهان زاینده شهر اصفهان یزد یزد,1,36743,0
اصفهان یزد قم کرمان,1,36743,0
اصفهان اصفهان اصفهان دریاچه اصفهان زاینده,1,36743,0
زاینده یزد اصفهان یزد,1,36743,0
اصفهان سرزمین زاینده,1,36743,0
رشت زاینده اصفهان زاینده جاری تالاب گاوخونی اصفهان,1,36743,0
اب زاینده سند,1,36743,0
پل زاینده ملکشاه,1,36743,0
صراط,1,36743,0
شرق زاینده شرق غرب زاینده اصفهان,1,36743,0
یزد استان چهارمحال زاینده نهر ازادگان اسمان اصفهان اصفهان یزد,1,36743,0
دانشگاه شهرکرد ترمینال زاینده استان اصفهان اصفهان یزد,1,36743,0
اصفهان زاینده پل خواجو زاینده گاوخونی,1,36743,0
رودخانه زاینده زمین,1,36743,0
غرب اصفهان زاینده کوهرنگ,1,36743,0
چهارمحال یزد اصفهان زاینده چهارمحال یزد اصفهان چهارمحال م یزد اصفهان,1,36743,0
زاینده خبر,1,36743,0
تونل و کوهرنگ سد زاینده سد,1,36743,0
اصفهان رودخانه زاینده پل خواجو,1,36743,0
اسمان سامان زاینده,1,36743,0
اسمان سد زاینده فرخشهر,1,36743,0
سد چم اسمان سد زاینده,1,36743,0
ی ترمینال زاینده میگذرد امیرحمزه,1,36743,0
اصفهان اصفهان زاینده درود,1,36743,0
پل گذر اب دریای خزر,1,36743,0
اصفهان البرز زاینده,1,36743,0
اصفهان زاینده جهان,1,36743,0
اصفهان شرق اصفهان جهان,1,36743,0
زاینده ارومیه جازموریان بختگان هامون,1,36743,0
استان بالادست سهر سودجان بن سامان زاینده اصفهان شرب زاینده شرب چهارمحال نفره,1,36743,0
سد چم زاینده,1,36743,0
رودخانه چهارمحال وبختیاری زاینده یزد کرمانی جناب قاسمی اصفهان,1,36743,0
زاینده رفتی سد حفره متر اب کوهرنگ سد سد لوله اب انتقال,1,36743,0
اصفهان اصفهان زاینده جاری اصفهان,1,36743,0
تالاب گاوخونی یزد,1,36743,0
بوستان زاینده زاینده رودی زاینده,1,36743,0
اصفهان زاینده کشاورز اصفهان زاینده,1,36743,0
رودی,1,36743,0
اصفهان زاینده نوف,1,36743,0
خوزستان اصفهان ایران,1,36743,0
کردستان خوزستان اصفهان زاینده جان اصفهان,1,36743,0
ویلایی حومه اهواز و مشرف کارون,1,36743,0
رودخانه کارون دز,1,36743,0
ارومیه کارون زاینده دریاچه هامون,1,36743,0
ارومیه زاینده دز,1,36743,0
اهواز جاده ساحلی گاومیش کارون,1,36743,0
کارون زاینده بند استان چهارمحال وبختیاری,1,36743,0
خیابان هاشمی جیحون خیابان کارون بیمارستان شهریار خیابان شادمان شادمهر,1,36743,0
کارون اروند دماوند بروب,1,36743,0
ساحل غرب شرق کارون,1,36743,0
غرب کارون اریان زاهدان طرشت بوتی دهلران عسلویه دوکوهه پارس جنوبی فردوسی خرم تربت سبزوار دالاهو,1,36743,0
اهواز کارون کارون فلر اهواز دنیا,1,36743,0
خوزستان خوزستان کارون کرخه دز,1,36743,0
ارومیه کارون خوزستان,1,36743,0
دریاچه کارون استان خوزستان,1,36743,0
ایران دریاچه ارومیه اذربایجان زاینده کارون هامون,1,36743,0
گاوخونی خوزستان حوضه کارون خوزستان خوزستان کرخه اصفهان,1,36743,0
چهارمحال حوضه کارون خوزستان خوزستان کارون کارون منطقه سمیرم و فریدونشهر استان اصفهان خوزستان,1,36743,0
کارون هامون خلیج فارس زاینده توقع,1,36743,0
کارون الیگودرز اصفهان قم,1,36743,0
خرمشهر کارون شط العرب بهمنشیر کارون چپیه شط العرب دجله فرات جزیره ابادان,1,36743,0
کارون شط العرب خرمشهر رودخانه معروف بهمنشیر خلیج فارس بصره شط العرب,1,36743,0
استان چهارمحال بختیاری خوزستان سد کارون کارون چهارمحال خوزستان اصفهان,1,36743,0
شهرکرد ابریز زاینده و کوهرنگ استان مناطق بختیاری حوضه ابریز کارون استان چهارمحال بروجن,1,36743,0
دز کارون زاینده لرستان قم خوزستان چهارمحال خوزستان اصفهان یزد,1,36743,0
سد گتوند گچساران کارون کارون,1,36743,0
کارون اهواز کارون,1,36743,0
پاساژ کارون اهواز اهواز,1,36743,0
یزد چهارمحال زاینده کارون,1,36743,0
کارون گرمه شربت خونه مارال ماپار معین التجار,1,36743,0
حومه بلم,1,36743,0
چهارراه کارون,1,36743,0
هورالعظیم زاینده کارون ارومیه ایران,1,36743,0
ایران کارون بختگان,1,36743,0
زاینده ارومیه هورالعظیم کارون,1,36743,0
کارون سد دز کارون دز سد دز کارون سد دز,1,36743,0
کارون کرخه دز دریاچه ارومیه هور العظیم,1,36743,0
کارون ارومیه ایران,1,36743,0
کارون جلگه ی خوزستان روستای اهواز,1,36743,0
خانه ابش,1,36743,0
کارون قصر الدشت سلسبیل,1,36743,0
پارک ملت تهران کارون,1,36743,0
کارون دزفول اهواز,1,36743,0
سرشاخههای دز کارون هنو,1,36743,0
استقلال همدان کارون کرخه خوزستان,1,36743,0
پل هلالی زیراب کارون کرخه,1,36743,0
کارون شهرک نخل دوبی,1,36743,0
زاینده پرخ کارون,1,36743,0
زاینده کارون دریاچه ی ارومیه تالاب گاوخونی,1,36743,0
مدرسه قدیما کارون,1,36743,0
زاهدان استان سیستان وبلوچستان,1,36743,0
ایران دریاچه ارومیه رودخانه کارون زاینده کشکان لرستان خزر تخت جمشید ایران,1,36743,0
ایران شهرکرد زاینده کارون شهرکرد,1,36743,0
کارون زاینده کوهرنگ زاینده گوز,1,36743,0
استان چهارمحال استانه سرچشمه کارون زاینده اونجاست شهرستان ایذه دهدز زیرپ نج سد عظیمی کارون,1,36743,0
حوضه زاینده بن و بروجن کارون استان چهارمحال تونل,1,36743,0
کارون خوزستان اهواز خوزستان,1,36743,0
چهارمحال درصدش زاینده روده کارانه کارون زاینده ملاخور بروجن کارون,1,36743,0
حوضه ابریز کارانه سرچشمه کارون شهرکرد شهر شهرکرد کارون شهرکرد کارانه,1,36743,0
چهارمحال زاینده کوهرنگ کارون,1,36743,0
دانی چهارمحال حوزه کارون طرح بروجن زاینده رودی,1,36743,0
سمیرم کارون زاینده اصفهان دزد باغهای هلو و بادام یزد کرمان کاشان اصفهان,1,36743,0
اصفهان زاینده طبیعی,1,36743,0
اصفهان شهرکرد کارون اصفهان,1,36743,0
کارون دز زاینده سرزمین,1,36743,0
شهرکرد سرچشمه کارون زاینده روده,1,36743,0
سد کارون استان چهارمحال,1,36743,0
کارون زاینده کوهرنگ چشمه بهشت تالاب چغاخور تالاب بن ابشاراتشگاه لردگان چهارمحال وبختیاری,1,36743,0
خشتک چهارمحال,1,36743,0
بروجن پتروشیمی فولاد سپیددشت کارون استان چهارمحال و بختیاری,1,36743,0
ایران دریاچه ارومیه هورالعظیم زاینده کارون کرخه کوهرنگ سیستان و بلوچستان ایران,1,36743,0
کارون زاینده چهارمحال حوزه کارون تونل کوهرنگ چشمه لنگان خدنگ ستان کارون,1,36743,0
رودخانه بشار کارون فارس خوزستان,1,36743,0
سد کارون غدیر دز کرخه,1,36743,0
کارون کارون ایران,1,36743,0
کرخه کرخه خوزستان دز کرخه کارون دز کرخه,1,36743,0
کارون رودخانه مقطع اهواز ابادان کرخه اهواز ابادان کرخه سوار دز,1,36743,0
ایران کارون دز ارس چالوس ایران,1,36743,0
کارون شهرکرد شهرکرد,1,36743,0
شهرکرد کارون شهرکرد اصفهان خوزستان,1,36743,0
کارانه کارون,1,36743,0
کوهرنگ جنوب شرق لرستان ایرانه کارون دز سرچشمه سرچشمه ی کارون کوهرنگه دز لرستان خوزستان ی خوزستان,1,36743,0
کوهرنگ زاینده بروجن کارون,1,36743,0
غدیر خوزستان کارون مرکز جنوب خوزستان کرخه دز کارون,1,36743,0
چهارمحال وبختیاری کارون زاینده,1,36743,0
ایران کارون زاینده استانه شهرکرد بروجن سفیددشت فرادنبه شهرستان لردگان,1,36743,0
چهارمحال شهرکرد اصفهان سمنان یزد سرچشمه کارون زاینده ابش استان چشمه دیمه معدن طبیعی ابترین ابشار کوهرنگ,1,36743,0
رودهای زاینده و کارون,1,36743,0
شهرکرد ایران چهارمحال وبختیاری سرچشمه کارون,1,36743,0
بروجن حوضه کارون سد کارون شهرکرد بروجن,1,36743,0
سد ابو کارون ارن قم خوزستان اصفهان خوزستان,1,36743,0
استان ن محال کارون سد کارون چهارمحال خوزستان چهارمحال کارون خوزستان چهارمحال بروجن چهارمحال,1,36743,0
استان محال کارون چهارمحال سد کارون استان چهارمحال منطقه خوزستان,1,36743,0
استان اصفهان مدیترانه کارون,1,36743,0
خوزستان ایرانه کرخه کارون دز دنیا,1,36743,0
منطقه اصقها تونل اب کارون,1,36743,0
استان خوزستان رودهای کارون و کرخه,1,36743,0
اصفهان کارون استان اصفهان,1,36743,0
زاینده صفوی ظم اصفهان,1,36743,0
زاینده مدنی ابریز چهارمحال بختیاری کارون,1,36743,0
ایران ارومیه زاینده خشک کارون ایران دریای خزر,1,36743,0
استان زاینده کارون,1,36743,0
ابو کارون معلوم,1,36743,0
زاینده کانال مصنوعی کوهرنگ حوزه ابریز کارون کارون زاینده,1,36743,0
کارون زاینده اصفهان اهواز,1,36743,0
اهواز کارون اصفهان,1,36743,0
خوزستان چهارمحال بیابان اصفهان تونل کوهرنگ کارون,1,36743,0
کارون زاینده ایران,1,36743,0
شهرستان باوی اهواز,1,36743,0
ارومیه زاینده کارون سد کارون,1,36743,0
ابادان کارون اروند ابادان,1,36743,0
دریاچه ی سد کارون پل قوسی شهرستان ایذه,1,36743,0
گاوخونی کارون هور خلیج,1,36743,0
سد دز دز دز کارون دز,1,36743,0
کارون رودخانه گل الود,1,36743,0
تفت کسشر تفت,1,36743,0
کارون کرخه دز سفید ارس قزل اوزن ایران,1,36743,0
هلو انجیری کارون,1,36743,0
کوهرنگ کارون اصفهان,1,36743,0
دریاچه ارومیه کارون سفید زاینده هیرمند دریاچه ایران,1,36743,0
حوضه کارون کوهرنگ چشمه لنگان,1,36743,0
کارون خوزستان چهارمحال پستن چلگرد استان چهارمحال,1,36743,0
چشمه لنگان کارون فریدون شهر زاینده,1,36743,0
رودی کارون,1,36743,0
زاینده نیزار ماهشهر کوهرنگ بختیاری کارون سیستان وبلوچستان کردستان ایران,1,36743,0
کرمان بن بروجن کارون خلیج فارس,1,36743,0
اهواز اهواز رودخانه کارون پل پل نهم پل فولاد رودخانه کارون,1,36743,0
گاوخونی کارون اصفهان صفهان صفهان اصفهان رشت ساری له کوه صف صفهان,1,36743,0
دریاچه ارومیه کارون هامون خوزستان زاینده,1,36743,0
رشت دوستانتان چهارمحال کارون سد کارون استان لردگان,1,36743,0
اهواز سرچشمه کارون,1,36743,0
تونل شهرکرد شهرکرد کارون حوضه کارون چهارمحال کار,1,36743,0
رشت کارون استان خوزستان کارون استان اصفهان کارون چهارمحال کارون استان لرستان و کهکیلویه استان مرکزی استان همدان,1,36743,0
ایران اوین گوهردشت کارون,1,36743,0
دریاچه ارومیه کارون زاینده درخت خشک کیو,1,36743,0
پل نو ی کارون,1,36743,0
رودک ارون کارون سد گتوند,1,36743,0
کرخه حوضه کارون هورالعظیم کرخه اصفهان هورالعظیم ایران کرخه دشت عباس,1,36743,0
کارون کارون استان اصفهان کارون,1,36743,0
غرب کارون منطقه ساعدی,1,36743,0
زاینده کوه یزد کاشان کارون دز زاینده اصفهان,1,36743,0
پل فردوسی کارون,1,36743,0
تهران تقاطع کارون هاشمی کوچه رحیم,1,36743,0
خوزستان کارون اهواز,1,36743,0
زاینده جهان هامون ارومیه,1,36743,0
کوه عنبل خوزستان,1,36743,0
نمک سد معادن نمک جاده معدن,1,36743,0
رامهرمز بنی رشید شرق کارون,1,36743,0
شهرستان کوهرنگ سرچشمه کارون زاینده,1,36743,0
بابلسر انزلی کارون اروند,1,36743,0
کارون ایران اهواز پل اهواز,1,36743,0
فریدونشهر کارون زاینده اصفهان,1,36743,0
جلگه خوزستان کارون چهارمحال کویر چهارمحال یا اصفهان اصفهان,1,36743,0
اصفهان خوزستان کارون تونل بهشت کوهرنگ کارون,1,36743,0
رستوران پیاده کارون,1,36743,0
کارون زاگرس سمیرم اصفهان سمیرم اصفهان سمیرم اصفهان زاینده,1,36743,0
زاینده حوضه کارون چهارمحال وبختیاری اصفهان,1,36743,0
اصفهان کارون زاینده جان,1,36743,0
چهارمحال حوضه کارون زاینده چهارمحال زاینده انتقال اب زاینده کارون سد کارون,1,36743,0
خوزستان چهارمحال بختیاری کارون,1,36743,0
زاینده رودی کارون زاینده کارون کارون,1,36743,0
انتقال اب کارون اهواز,1,36743,0
کارون یزد کرمان یزد کرمان ایران,1,36743,0
اصفهان خوزستان سرچشمه کارون کرخه لرستان لرستان خوزستان,1,36743,0
اصفهان ایران کارون زاینده خلیج فارس هورالعظیم شمال جنوب شرق و غرب,1,36743,0
سد کارون اصفهان سد بهشت کارون,1,36743,0
زاینده کارون کاشان استان یزد,1,36743,0
سد کارون شهرستان لردگان,1,36743,0
خوزستان چهارمحال بختیاری کوهرنگ سد کارون اصفهان زاینده زیبا,1,36743,0
ایرانه شرق اصفهان سرچشمه کارون خوزستان اصفهان یزد کاشان,1,36743,0
اصفهان اصفهان یزد یزد استان یزد,1,36743,0
کارون کارون زاینده زور زاینده زنده,1,36743,0
کوهرنگ چهارمحال و بختیاری سرچشمه کارون زاینده شیر فلکه کارون,1,36743,0
زاینده اصفهان چهارم حال و بختیاری خوزستان استان اصفهان کارون,1,36743,0
مدیرت,1,36743,0
کارون رودخانه زاینده,1,36743,0
کارون زاینده کارون کارون,1,36743,0
کارون کارون خوزستان کارون,1,36743,0
زاگرس خلیج فارس بویراحمد کارون,1,36743,0
هامون خزر ایران ایران,1,36743,0
زاینده کوهرنگ دز کارون خوزستان اصفهان,1,36743,0
کارون دی رازق,1,36743,0
پل اهواز کارون کارون,1,36743,0
دریاچه ارومیه دریاچه پریشان باتلاق گاوخونی زاینده کارون هورالعظیم دریاچه خزر خلیج فارس,1,36743,0
دشت هلن کارون چهارمحال بختیاری,1,36743,0
کارون ارس هرمز خزر مکران کردستان سرخس خرمشهر,1,36743,0
طبرستان خوزستان,1,36743,0
فکه کارون حلبچه,1,36743,0
کارون چهارمحال اب کویر,1,36743,0
زاینده بروجن کارون,1,36743,0
شهرستانهای سمیرم و فریدونشهر اصفهان کارون ننگ,1,36743,0
کارون خلیج خلیج فارس,1,36743,0
زاینده کارون دریاچه ارومیه هامون,1,36743,0
اصفهان کارون ایران,1,36743,0
سلم نا ابم ال ایران کارون,1,36743,0
هورالعظیم کارون زاینده دریاچه ارومیه هامون بختگان,1,36743,0
دریاچه ارومیه کارون زاینده دریای خزر دریای خزر,1,36743,0
کارون اهواز خانه هامون,1,36743,0
اصفهان زاینده اهواز کارون ارومیه,1,36743,0
زاینده نیزارهای ماهشهر کوهرنگ بختیاری کارون سیستان و بلوچستان کردستان ایران,1,36743,0
نیزارهای ماهشهر کوهرنگ بختیاری کارون سیستان و بلوچستان کردستان,1,36743,0
زاینده یزد زاینده,1,36743,0
کارون دریاچه ارومیه تالاب گاوخونی,1,36743,0
دز کرخه کارون استان خوزستان,1,36743,0
کارون اهواز زاینده رودخانه کارون هورالعظیم,1,36743,0
اصفهان کارون خلیج فارس زاینده,1,36743,0
چهارمحال حوضه کارون,1,36743,0
اصفهان خوزستان چهارمحال کارون,1,36743,0
حوزه کارون سد کارون,1,36743,0
خوزستان کارون استان اهواز,1,36743,0
منطقه خوزستان سد کارون,1,36743,0
چهارمحال لردگان کارون سد کارون سد کارون,1,36743,0
حوضه کرخه حوضه کارون هورالعظیم حوضه کارون حوضه کرخه,1,36743,0
کارون البرز دماوند دیو دربند,1,36743,0
خوزستان چهارمحال بختیاری کارون خوزستان لرستان اصفهان اصفهان,1,36743,0
خر,1,36743,0
شرف قومگراها هورالعظیم کرخه کرخه ارتباطی کارون خوزستان لردگان روستاهای چهارمحال حوضه کارون کارون,1,36743,0
زاینده چهارمحال بختیاری کارانه کارون اصفهان گهر نگ یزد یزد,1,36743,0
رشت اصفهان لرستان کرخه کارون زاینده,1,36743,0
اصفهان یزد رفسنجان اصفهان چهارمحال خوزستان,1,36743,0
حوضه کارون سد کارون فارسی کارون حوضه کارون,1,36743,0
ایران پل قدیم کارون,1,36743,0
کارون زاینده استان اصفهان زاینده کارون,1,36743,0
چشمه کوهرنگ رودخانه کارون زاینده سال منطقه کوهرنگ شهر توریستی چلگرد شهرستان کوهرنگ کارون زاینده زمانهای,1,36743,0
خوزستان کارون کرخه اصفهان چهارمحال بختیاری زاینده جهان جهان,1,36743,0
ایران زاینده کارون دریای مازندران خلیج فارس,1,36743,0
اصفهان دوما صدم تر سرچشمه کارون زاینده اب زاینده,1,36743,0
زاینده کارون کارون,1,36743,0
سمیرم فریدن فریدونشهر اصفهان فریدونشهر بام ایران استان اصفهان حوضه ابریز کارون,1,36743,0
کارون زاینده چشمههای چهارمحال محال,1,36743,0
کارون سیستان و بلوچستان اصفهان یزد,1,36743,0
ایران چشمه کارون زاینده بهشت اصفهان,1,36743,0
چهارمحال کارون زاینده روده زرد کوه بختیاری کوهرنگ لرستان کوهرنگ,1,36743,0
چهارمحال وبختیاری رودخانه زاینده و کارون رودخانه دز زاینده چشمه دیمه تونل کوهرنگ استان چهارپحال و بختیاری مال پام,1,36743,0
زاینده کارون خوزستان ایران زمین,1,36743,0
خوزستان اصفهان کارون,1,36743,0
کارون کرمان کارون یزد,1,36743,0
کارون رفسنجان,1,36743,0
خانه زاینده و کارون,1,36743,0
اصفهان کارون زاینده زاینده ابش کارون,1,36743,0
دریاچه ارومیه کارون زاینده کربلای,1,36743,0
قضیه کارون,1,36743,0
خوزستان حوضه کرخه حوضه کارون انتقال سد خوزستان,1,36743,0
یزد کارون کرخه کوهرنگ ایران,1,36743,0
بیابان گاوخونی کارون اصفهان,1,36743,0
زاینده دریاچه ارومیه کارون تالاب هورالعظیم تالاب بختگان,1,36743,0
شهرضا قمشه یزد,1,36743,0
خاورمیانه کرمان یزد اصفهان,1,36743,0
چهارمحال وبختیاری اصفهان کارون چهارمحال,1,36743,0
اصفهان خوزستان کارون کرخه چهارمحال بختیاری جهان,1,36743,0
نیروگاه رامین,1,36743,0
سرچشمههای کارون دز کرخه خوزستان,1,36743,0
خوزستان خاورمیانه کارون,1,36743,0
کارون دراستان فارس ه گیلویه وبویراحمد,1,36743,0
زاینده چهارمحال و اصفهان حوضه کارون چهارمحال و لرستان خوزستان سمیرم,1,36743,0
روستای اب اشامیدنی چهارمحال وبختیاری زاینده,1,36743,0
بندر بندر ماهشهر کارون,1,36743,0
کوهرنگ کوهرنگ کارون زاینده روده ایستگاه کوهرنگ سرچشمه کارون,1,36743,0
پل رودخانه کارون پل شهرداری اهواز,1,36743,0
ارومیه بختگان کارون مهارلو پریشان زریوار,1,36743,0
ناحیه صنعت کارون منطقه اهواز,1,36743,0
پل فولاد پل نهم اهواز رودخانه کارون,1,36743,0
پل فولاد اهواز استان خوزستان پل رودخانه کارون شهر اهواز,1,36743,0
زاینده رودم,1,36743,0
رودخانه کارون ساحل غرب پارک دولت کیانپارس کارون اهواز,1,36743,0
دابو جهل قوم,1,36743,0
گاوخونی زاینده کارون,1,36743,0
پوک ارومیه کرخه کارون زاینده,1,36743,0
کارون گل,1,36743,0
اصفهان کوهرنگ کارون,1,36743,0
سرچشمه کارون دز,1,36743,0
هویزه کارون,1,36743,0
تونل کارون اصفهان,1,36743,0
اصفهان یزد کرمان سمنان اصفهان غرب ش کارون شرق اصفهان,1,36743,0
شیراز تهران کارون,1,36743,0
کارون بلوار ساحلی کیانپارس اهواز,1,36743,0
دریاچه سد کارون شهرستان لردگان,1,36743,0
پل رودخانه کارون شهر اهواز پل فولاد پل نهم,1,36743,0
زاینده اب چهارمحال کارون,1,36743,0
بروجن اصفهان استان چهارمحال کارون اصفهان,1,36743,0
اره اهواز کارون,1,36743,0
تهران خیابان هاشمی کارون و جیحون,1,36743,0
رشت تونل دشت عباس حوضه کارون,1,36743,0
کارون کوهرنگ خوزستان زاینده رودی یزد خوزستان,1,36743,0
کارون چهارمحال یا زاینده,1,36743,0
اوس کول رودی فریدونشهر سمیرم,1,36743,0
ابریز ماربره دز و کارون اشترانکوه زردکوه و دنا زردکوه و دنا,1,36743,0
رودخانه کارون دریا چا ارومیه,1,36743,0
سواد ارا چهارمحال کارون زاینده چهارمحال و یزد اصفهان زاینده اصفهان,1,36743,0
ایران کارون اصفهان زاینده,1,36743,0
رودخانه کارون استان خوزستان بلوار ساحلی شهر اهواز,1,36743,0
کتابخانه مرکزی کیانپارس شهر اهواز ایران اصفهان,1,36743,0
اصفهان زاینده اب یزد یزد اصفهان کارون اصفهان ایران,1,36743,0
کتابخانه مرکزی کیانپارس اهواز,1,36743,0
کارون زاینده زاینده یزد,1,36743,0
پتروشیمی کارون پتروشیمی کارون,1,36743,0
جمیرا ساحل کارون,1,36743,0
پتروشیمی کارون کارخانه پتروشیمی کارون فارس,1,36743,0
بروجن کارون شهرکرد زاینده کارون,1,36743,0
پتروشیمی کارون کارخانه پتروشیمی کارون,1,36743,0
کتابخانه مرکزی کیانپارس خوزستان,1,36743,0
بروجن زاینده کارون,1,36743,0
واحد پتروشیمی کارون ماهشهر,1,36743,0
کارون زاینده دریاچه ی ارومیه کویر لوت,1,36743,0
سد کارون ایذه ظ ایذه دهدز,1,36743,0
خلیج فارس کارون اصفهان اصفهان سمیرم کارون خوزستان,1,36743,0
تپه شوش پارس شوش خاورمیانه شوش شوش کارون شوشتر,1,36743,0
خوزستان جاده اندیمشک رودخانه شوش رودخانه کرخه کارون رودخانه اهواز عبدالعظیم هورا,1,36743,0
استانهای تهران اصفهان کارون دز,1,36743,0
بندر ماه,1,36743,0
چهارمحال و کارون زاینده تونل زاینده هدایت کارون,1,36743,0
شصت زاینده کارون,1,36743,0
استان اصفهان استان چارمحال زاینده,1,36743,0
رودخانه کارون بلوار ساحلی شهر اهواز,1,36743,0
دز کارون ساحل خلیج,1,36743,0
کارون سد گتوند زاینده یزد بندر عباس یزد کرمان ایران عربستان,1,36743,0
سلام سمیرم فریدونشهر کارون استان شهرکرد کاشان یزد بروجن,1,36743,0
کارون دز استان اصفهان,1,36743,0
اصفهان کارون اصفهان اصفهان یزد,1,36743,0
استان اصفهان فریدونشهر کارون,1,36743,0
شهر استان اصفهان ابریز کارون استان اصفهان کارون چهارمحال زاینده,1,36743,0
ایران خراسان زر جوب سفیدرود جهان دز کارون هلیلرود گروگان کرمان لرستان ایران ایران,1,36743,0
فریدن سمیرم استان اصفهان کارون استان اصفهان,1,36743,0
کارون زاینده سمیرم فریدون شهر فولاد اصفهان,1,36743,0
سمیرم فریدون کارون زاینده سمیرم,1,36743,0
کارون اصفهان خوزستان کارون چهارمحال بختیاری سرچشمه کارون خوزستان چهارمحال بختیاری,1,36743,0
استان چهارمحال بختیاری اب سرچشمه چهارمحاله کارون زاینده ببندیم,1,36743,0
رشت استان چهارمحال وبختیاری کارون زاینده استان چهارمحال و بختیاری استان اصفهان استان اصفهان,1,36743,0
اصفهان کارون سمیرم فریدون شهر کارون اصفهان,1,36743,0
اصفهان یزد یزد رفسنجان,1,36743,0
منطقه خوزستان کارون,1,36743,0
اصفهان اصفهان چهارمحال یزد زاینده استان اصفهان استان چهارمحال و رودهایی کارون استان چهارمحال بختیاری چهارمحال کارون,1,36743,0
کارون اصفهان زاینده شهر اصفهان خوزستان,1,36743,0
اصفهان کارون کهکیلویه شیراز اصفهان,1,36743,0
سمیرم فریدون شهر کارون,1,36743,0
زاینده یزد کارون اصفهان ایران,1,36743,0
قبای چهارمحال روستاها لردگان حوضه کارون ید کارون چهارمحال زاینده ببرد سد کارون روستاهای لردگان,1,36743,0
رشت خوزستان استان چهارمحال و بختیاری انکار خوزستان کارون,1,36743,0
کارون میش,1,36743,0
کارون کوهرنگ شت اباد,1,36743,0
بندر عباسی,1,36743,0
بندر,1,36743,0
رودخانه کارون سد کارون,1,36743,0
رودخانه کارون دریاچه سد کارون,1,36743,0
کارون رودخانه کارون دریاچه سد,1,36743,0
زاینده درخشان خدای کوهرنگ منطقه کوهرنگ ایران,1,36743,0
چهارمحال نیاید اصفهان کارون ابشار کوهرنگ,1,36743,0
استان اصفهان کارون کوهرنگ,1,36743,0
معین التجار کارون,1,36743,0
تش کارون دز ارومیه جازموریان هورالعظیم,1,36743,0
اصفهان کارون چهارمحال وبختیاری خوزستان,1,36743,0
کتابخانه مرکزی کیانپارس خالدیه شهر اهواز,1,36743,0
زاینده مرده کارون ارس خواهش,1,36743,0
خانه رودخانه کارون,1,36743,0
استان چهارمحال وبختیاری کارون تونل بهشت,1,36743,0
چهارمحال منطقه سامان بادام اصفهان یزد کرمان کارون زاینده,1,36743,0
کارون زاینده منطقه کوهرنگ چهل گرد پدر حیدر فارسان بن,1,36743,0
خطه شمال,1,36743,0
زایند رود کارون بروجن,1,36743,0
کارون زاینده مترمکعب چهارمحال وبختیاری یزد,1,36743,0
شهرکرد یزد کارون اصفهان کوهرنگ قم اصفهان,1,36743,0
چشمه کوهرنگ سرچشمه زاینده و کارون,1,36743,0
خوزستان اصفهان زاینده یزد کرمان کارون دز کرخه اصفهان قم یزد,1,36743,0
اصفهان کارون چهارمحال ی,1,36743,0
اهواز یزد کارون کارون,1,36743,0
اصفهان شهرکرد اهواز کارون,1,36743,0
کوهرنگ کارون اب چهارمحال و خوزستان اصفهان,1,36743,0
جراحی کارون دز شط العرب بهمنشیر هور العظیم,1,36743,0
چهارمحال اصفهان کارون چها محال اصفهان یزد کرمان,1,36743,0
کارون ایران چیش,1,36743,0
کارون جاده ایذه دشت,1,36743,0
کارون قشم,1,36743,0
رودخانه کارون خوزستان چهارمحال تهران اهواز,1,36743,0
مارون کارون خوزستان اصفهان یزد,1,36743,0
پل طرفا و کارون,1,36743,0
کارون هامون,1,36743,0
الاهواز کارون اقلیم عربستان الاهواز,1,36743,0
ایران کارون هامون,1,36743,0
بیابان کارون,1,36743,0
کارون شهر,1,36743,0
کارون قصردشت و حومه,1,36743,0
کارون کارون کارون زاینده,1,36743,0
خانه یمان اهواز کارون,1,36743,0
خوزستان کارون شهر اهواز,1,36743,0
اهواز شیراز بازارچه قصرالدشت,1,36743,0
ایران جهان کارون,1,36743,0
منطقه کوت عبدالله شهرستان کارون,1,36743,0
ابریزی شهرستان سمیرم استان اصفهان ابریز کارون حوزه ابریزی احمدی نژاد استان,1,36743,0
زاینده جاری دریاچه ارومیه,1,36743,0
بافق اصفهان معدن فاصلش بندر عباس اصفهان ایران کارون,1,36743,0
اصفهان ارومیه کارون زاینده رود ارومیه,1,36743,0
ایران خوزستان یزد کارون,1,36743,0
زاینده ابریز کارون بروجن,1,36743,0
دریاچه ارومیه دریاچه ارومیه ایرانه کارون کارون ایرانه هیرمند هیرمند زاینده زاینده اصفهان گاوخونی گاوخونی اصفهان,1,36743,0
رشت زاینده کارون زاینده چهارمحال و بختیاری استان چهارمحال وبختیاری استان اصفهان,1,36743,0
استان اصفهان امار استان اصفهان استان کارون,1,36743,0
اهواز خلیج فارس کارون,1,36743,0
ابادان بندر اهواز کارون,1,36743,0
کارون دز خوزستان,1,36743,0
کارون زاینده رایت نطنز کاشان استان اصفهان زاینده چاه نطنز,1,36743,0
زاینده زاینده نود کارون سد کارون,1,36743,0
اصفهان کارون اصفهان یزد کرمان,1,36743,0
اصفهان خوزستان شرق اصفهان,1,36743,0
زاینده کارون ارس اترک اصفهان,1,36743,0
فلات مرکزی ایران تالاب کیلومترمربعی فصلی دز فصلی کارون فصلیه اوشکول,1,36743,0
کارون خوزستان العربیه,1,36743,0
زاینده سد زاینده اب کارون زاینده یزد,1,36743,0
زاینده استان چهارمحال کارون,1,36743,0
حوضه کارون منطقه لردگان سد کارون چهارمحال و بختیاری زاینده بروجن,1,36743,0
اقلیم الاهواز شهرکرد چهارمحال و بختیاری اهواز کارون,1,36743,0
استان خوزستان خوزستان کارون دز کرخه,1,36743,0
زاینده کارون چهارمحال بختیاری زاینده کارون,1,36743,0
چهارمحال چهارمحال و لرستان,1,36743,0
حقی کارون,1,36743,0
شیراز رود خونه کارون رود خونه ی دز,1,36743,0
سرچشمه کارون استان چهارمحال وبختیاری استان بیچاره خوزستان خوزستان,1,36743,0
کارون کارون قمرود کارون اصفهان کرمان خوزستان,1,36743,0
اصفهان استان اصفهان کارون,1,36743,0
یزد استان یزد اصفهان,1,36743,0
اصفهان ایران خوزستان اصفهان کارون,1,36743,0
ایران کارون هیرمند گاوخونی انزلی ارومیه,1,36743,0
اصفهان استان چهارمحال وبختیاری استان کارون کویر اصفهان زاینده فشار چهارحال و بختیاری بهشت,1,36743,0
سد کارون کرخه دز هور زاینده خوزستان رودهای خوزستان لرستان,1,36743,0
کارون استانهای استان نرود,1,36743,0
دز قلههای قالیکوه اشترانکوه لرستان چشمه استان خوزستان کارون سرچشمه دز,1,36743,0
اب کارون سرچشمه,1,36743,0
کارون چهارمحال و بختیاری,1,36743,0
خوزستان حوضه کارون,1,36743,0
اصفهان کارون استانها خوزستان,1,36743,0
اصفهان ایران ایران ایران زاینده رکورد کارون دریاچه ارومیه پریشان گاوخونی هورالعظیم ایران,1,36743,0
زاینده روان کارون,1,36743,0
انتقال اب کارون اصفهان,1,36743,0
خرسان یزد بهشت کوهرنگ چهارمحال و پا بروجن,1,36743,0
دنیا عربستان دنیا سد گتوند ایران کارون,1,36743,0
اصفهان کارون یزد چهارمحال زاینده,1,36743,0
ایران دریاچه ارمیه زاینده زاگرس دریاچه مریوان کارون,1,36743,0
اصفهان زاینده یزد کارون اصفهان,1,36743,0
کارون زاینده زاینده,1,36743,0
زاینده کارون کوهرنگ,1,36743,0
کارون چهارمحال بافتن,1,36743,0
اصفهان استان چهارمحال زاینده کارون تونل کوهرنگ,1,36743,0
زاینده اصفهان چهارمحال بختیاری کارون,1,36743,0
کارون زاینده کارون اهواز ایران زاینده,1,36743,0
اصفهان اصفهان کارون,1,36743,0
رودخانه دز زاینده کارون,1,36743,0
اصفهان کارون زاینده فریدن سمیرم کارون تونل کوهرنگ,1,36743,0
دشت سرخ کارون شهرستان کارون استان خوزستان خوزستان,1,36743,0
سرچشمههای کارون,1,36743,0
زاینده کارون دز زرد کوه بختیاری کوهرنگ,1,36743,0
خلیج فارس ایران کارون سد گتوند,1,36743,0
رودخانه کارون استان چهارمحال,1,36743,0
دریاچه ارومیه دریاچه دایورت تخمشون کارون اصفهان,1,36743,0
ایران اصفهان سرچشمه کارون,1,36743,0
خوزستان کارون زاینده خوزستان خوزستان,1,36743,0
زاینده گله کارون دریاچه ارومیه,1,36743,0
ایران رودخانه کارون اهواز,1,36743,0
زاینده اصفهان حقی کارون بهشت کوهرنگ اصفهان یزد خوزستان اصفهان,1,36743,0
کوهرنگ تونل کوهرنگ خدنگ ستان چشمه لنگان کارون اصفهان,1,36743,0
خوزستان کارون زایندرود خوزستان چهارمحال,1,36743,0
اصفهان کارون زاینده ایران,1,36743,0
زاینده کارون سمیرم فریدن کارون زاینده اصفهان,1,36743,0
کارون زاینده اصفهان کویر مرکزی,1,36743,0
تونل کوهرنگ تونل کوهرنگ کارون اصفهان,1,36743,0
خوزستان کارون خلیج فارس هرمزگان خلیج فارس,1,36743,0
کارون کارون ایران کارون دز اصفهان,1,36743,0
زاینده اصفهان کارون اصفهان خوزستان اصفهان,1,36743,0
کارون اذربایجان سیستان و بلوچستان ایران,1,36743,0
زاینده چهارمحال وبختیاری کارون,1,36743,0
الیگودرز قم گلپایگان ساوه الیگودرز اصفهان یزد اصفهان کارون,1,36743,0
کارون زاینده استان حوزه زاینده جمعیت استان زاینده,1,36743,0
تونل کارون سد دز,1,36743,0
کارون ششد اصفهان زاینده رود,1,36743,0
روستای ابرسانی سیار استان چارمحال شهرستان لردگان حوضه ابریز کارون,1,36743,0
زاینده روده کارون کارون و کارون استان و و خوزستان,1,36743,0
اصفهان کارون کهکیلویه و خوزستان,1,36743,0
کارون سد کارون,1,36743,0
اصفهان زاینده کارون کارون,1,36743,0
کارون چهارمحال خوزستان جنوب ایرانه یزد چهارمحال دزد,1,36743,0
کارانه کارون زاینده روده لردگان کارانه ابش شهر سامان زاینده رودن,1,36743,0
خوزستان چهارمحال کارون کارون زاینده,1,36743,0
زاینده مال مسیره سامان بن استان کارون,1,36743,0
کارون استان اصفهان اصفهان زاینده مال,1,36743,0
زاینده بن زاینده اصفهان کارون کارون,1,36743,0
چهارمحال مال اصفهان سمیرم فریدونشهر کارون مال اصفهان رودخانه سرچشمه پایاب زنده,1,36743,0
کارون کویر,1,36743,0
زاینده شادگان کارون,1,36743,0
ابریز زاینده روده حوضه کارون حوضه کارون کارون,1,36743,0
چهارمحال وبختیاری کارون زاینده روده زاینده رودی فلات مرکزی ایران,1,36743,0
اصفهان کارون خلیج فارس خوزستان چهارمحال اصفهان,1,36743,0
ماربین لردگان حوضه کارون خوزستان لردگان لردگان,1,36743,0
خوزستان هورالعظیم اصفهان زاینده جان کارون جان خوزستان,1,36743,0
زاینده قاجار سیراب,1,36743,0
کارون الاح,1,36743,0
کارون زاینده صنایع یزد جهان اصفهان اصفهان,1,36743,0
جهان سرچشمه کارون تونل چشمه لنگان تونل خدنگسان,1,36743,0
کارون زاینده یزد یزد اردکان,1,36743,0
استان اصفهان سمیرم ابریز کارون زاینده,1,36743,0
سمیرم اصفهان خوزستان اصفهان رفسنجان کرمان کارون,1,36743,0
کارون مرکزی ایران استان خوزستان اصفهان یزد کرمان قم,1,36743,0
اذربایجان دریاچه ارومیه خوزستان کارون هورالعظیم اهواز تبریز,1,36743,0
خرم زاگرس کارون ایذه دز,1,36743,0
سفید اهواز اهواز کارون,1,36743,0
زاینده قم یزد کارون اصفهان,1,36743,0
دریای مکران کارون دریای مازندران,1,36743,0
کارون زاینده خشک زاینده رودخانه اصفهان کارون,1,36743,0
زاینده ارومیه کارون,1,36743,0
لر بختیاری دز کارون,1,36743,0
خوزستان سد کارون کرخه دز خوزستان,1,36743,0
اصفهان اصفهان کویر کارون اصفهان,1,36743,0
سد کارون استان چهارمحال بختیاری خوزستان,1,36743,0
خوزستان اصفهان اصفهان خوزستان کارون,1,36743,0
اصفهان خوزستان اصفهان خوزستان کارون کارون,1,36743,0
صفهان کارون کرخه زاگرس اصفهان,1,36743,0
اصفهان اصفهان خوزستان کهکیلویه کارون اصفهان,1,36743,0
تونل کوهرنگ تونل چشمه لنگان تونل خدنگستان کارون زاینده دهه,1,36743,0
زاینده کرخه کارون حبیب باوی,1,36743,0
ایران تالاب انزلی و شادگان هورالعظیم دریاچههای ارومیه دریاچه هامون بختکان مهارلو رودهای دز و کارون زاینده و ارس,1,36743,0
دزفول اندیمشک شوشتر گتوند شوش کرخه اهواز حمیدیه کارون باوی دشت ازادگان هویزه شادگان ابادان خرمشهر,1,36743,0
خوزستان کارون کرخه دز اصفهان یزد,1,36743,0
شرق اهواز کارون,1,36743,0
کارون دریاچه ارومیه زاینده خشک,1,36743,0
ایران دریاچه ارومیه کارون زاینده هزارتا,1,36743,0
هورالعظیم زاینده کارون بختگان,1,36743,0
اصفهان کارون هورالعظیم,1,36743,0
کارون سمیرم کویر اصفهان استان کهگیلویه اصفهان شهر چهارمحال اصفهان,1,36743,0
سمیرم فریدونشهر اصفهان رودخانه هاشو,1,36743,0
کویر مغز کویریتون رودخانه ماربر استان اصفهان فریدونشهر سمیرم اصفهان کارون پراب خوزستان استان,1,36743,0
کارون زاینده اصفهانها,1,36743,0
ایران دریاچه ارومیه دریاچه بختگان هامون کارون زاینده,1,36743,0
کارون دز مارون,1,36743,0
دریاچه ارومیه کارون زاینده خراب,1,36743,0
تونل کوهرنگ رودخانه طبیعی کارون,1,36743,0
خلیج فارس دریای خزر خزر ارومیه کارون زاینده زاینده قم نمک,1,36743,0
زاینده کارون هامون جازموریان بختگان,1,36743,0
هامون کرخه کارون گاوخونی زاینده دریاچه ارومیه ایران,1,36743,0
دریاچه ارومیه کارون زاینده هامون جازموریان بختگان,1,36743,0
کارون زرزر,1,36743,0
ارومیه کارون تالاب شادگان زاگرس ایران,1,36743,0
ارومیه زاینده و کارون هورالعظیم سد گتوند,1,36743,0
ایران دریاچه ارومیه کارون کرخه,1,36743,0
خوزستان خوزستان دشت جاری خوزستان ایران خوزستان کارون کرخه دز مارون,1,36743,0
ایران اورشلیم,1,36743,0
خوزستان کارون دز کرخه کویر مرکزی خوزستان خوزستان,1,36743,0
کوت عبدالله,1,36743,0
خوزستان ایران دریاچه ارومیه کارون زاینده دریاچه بختگان,1,36743,0
اهواز کارون کرخه,1,36743,0
دریاچه ارومیه کارون زاینده اذربایجان,1,36743,0
کارون هور العظیم,1,36743,0
هامون بختگان زاینده کارون کرخه بهمنشیر,1,36743,0
فارس تالاب پریشان فارس هورالعظیم کارون ارومیه,1,36743,0
زاگرس دریاچه ارومیه زاینده شمال کارون خوزستان کرخه شمالم جنوبم,1,36743,0
زاینده رودو کارون هیرمند سیمره ادم,1,36743,0
دریاچه ایران دریاچه ارومیه کارون,1,36743,0
کارون کرخه دز هورالعظیم ارومیه,1,36743,0
دریاچه ارومیه دریاچه ارومیه کارون لرستان,1,36743,0
کویر ارومیه کارون,1,36743,0
شهرستان خوزستان اهواز دزفول اندیمشک شوشتر گتوند شوش کرخه حمیدیه کارون,1,36743,0
زاینده خشک کارون دز,1,36743,0
هورالعظیم کارون سیستان بلوچستان,1,36743,0
ایران ایران زاینده کارون ارومیه,1,36743,0
زاینده اصفهان کارون خوزستانی ی ارومیه اذربایجانی,1,36743,0
عرب خوزستان کارون دز شهرهای مرکزی دریاچه ارومیه اذربایجان,1,36743,0
دریاچه ارومیه تالاب گاوخونی کارون هامون,1,36743,0
تونل کوهرنگ سرچشمه کارون,1,36743,0
دجله کارون,1,36743,0
ایران کارون زاینده هورالعظیم ارومیه,1,36743,0
شهر خوزستان دزفول اندیمشک شوشتر گتوند شوش کرخه اهواز حمیدیه کارون باوی دشت ازادگان هویزه شادگان ابادان خرمشهر,1,36743,0
ی شال کارون,1,36743,0
کارون کازرون کارون کازرون,1,36743,0
طهران دانشگاه تهران,1,36743,0
ایران مهاجر کارون,1,36743,0
کویر اب چارمحال کارون یزد اصفهان,1,36743,0
استان اصفهان سیمی چشمه ناز,1,36743,0
استان چهارمحال حوزه زاینده روستاهای سد کارون استان,1,36743,0
کارون زاینده تالاب گاوخونی هورالعظیم,1,36743,0
کویر کویر مهاجر کویر اصفهان شاهین شهر بهارستان ویلاشهر یزدانشهر,1,36743,0
سد مارون سد گتوند شوستر گتوند اهواز ابادان خرمشهر بهبهان شادگان هورالعظیم کارون رمق مارون,1,36743,0
رودخانه کارون کنارشون,1,36743,0
فلات مرکزی گاوخونی ابخوان اصفهان برخوار کارون,1,36743,0
زاینده جیغاتی کارون دریاچه ی ارومیه,1,36743,0
اهواز پل کارون ریل اهن شمسی,1,36743,0
کرمان کرمان,1,36743,0
دز الیگودرز قم و گلپایگان یزد کوهرنگ کارون,1,36743,0
اصفهان زاینده ابم کارون کارون چهارمحال خوزستان کرخه لرستان کرمانشاه خوزستان,1,36743,0
رودخانه بازفت و کارون ابشار لندی اردل چهارمحال وبختیاری ایران,1,36743,0
خوزستان سد گتوند کارون,1,36743,0
مارون کارون گتوند دز,1,36743,0
ساحل بندرعباس حافظیه شیراز,1,36743,0
شهر کارون شهر اهواز شهر کارون,1,36743,0
سانفرانسیسکو دریاچه سد نیروگاه کارون جاده قدیمی ایذه شهرکرد خاورمیانه,1,36743,0
اصفهان تهران خوزستان کارون مارون اصفهان,1,36743,0
ملل فارس کارون,1,36743,0
ایران اصفهان ایران سد کارون کارون خوزستان سد زاینده سیصد اصفهان,1,36743,0
کارون کارون زهره دریاچه ارومیه,1,36743,0
شهر ایران سرای دریاچه ارومیه دریاچه هامون دریاچه بختگان دریاچه مهارلو دریاچه پریشان دریاچه کافتر تالاب شادگان تالاب گاوخونی تالاب انزلی زاینده کارون,1,36743,0
خیابان زاگرس دریاچه ی ارومیه کارون زاینده متروپل فیروزاباد,1,36743,0
رودخانه کارون دشت خوزستان کارون کرخه دز استانهای اصفهان و یزد و کرمان قم کارون کرخه و دز اصفهان,1,36743,0
پش غور پنجشیر,1,36743,0
قصر الدشت جیحون کارون ورامین,1,36743,0
گیلان کارون دریاچه هامون ارومیه دنیا,1,36743,0
کارون اروند بهمنشیر مارون نیزارهای جراحی شادگان هورالعظیم جلگه خوزستان,1,36743,0
کارون کرخه خرسان,1,36743,0
منطقه کارون جنوبی,1,36743,0
کارون دریاچه خلیج فارس,1,36743,0
زاینده استان سد کارون,1,36743,0
ایران کارون هورالعظیم,1,36743,0
خوزستان کارون استان اصفهان کارون,1,36743,0
کارون کوهرنگ استان اصفهان شهرهای تهران مشهد,1,36743,0
رشت زاینده و کارون,1,36743,0
رشت چهارمحال وبختیاری کارون سد کارون استان چهارمحال وبختیاری سد زاینده,1,36743,0
اصفهان زاینده دریاچه ارومیه هورالعظیم,1,36743,0
کارون ابادان پاوه,1,36743,0
خوزستان چهارمحال کارون,1,36743,0
رستوران ریف اهواز کارون رودخانه کشک,1,36743,0
ارس اروند الوند زاگرس هرمز هامون هیرمند,1,36743,0
کارون یزد اصفهان اصفهان خوزستان,1,36743,0
تهران حوضه زاینده حوضه کارون چهارمحال وبختیاری فارس,1,36743,0
خوزستان دجله فرات کارون,1,36743,0
فلا لی ابادان خرمشهر کارون,1,36743,0
زاینده کارون فارس,1,36743,0
اصفهان کارون کرخه مارون دز بهمنشیر رودخانه جراحی,1,36743,0
کارون خشک کرخه کارون حوضه کارون سمیرم فریدون شهر سمیرم,1,36743,0
کرخه خرابه شکی کارون,1,36743,0
سمیرم فریدونشهر اصفهان کارون خوزستان بردار,1,36743,0
کارون اصفهان خوزستان چهارمحال,1,36743,0
اصفهان اصفهان زاینده کارون یزد کرمان,1,36743,0
اهواز کارون کانال کوت عبدالله رد اصفهان,1,36743,0
ایران ایران کارون کرخه دز چالوس کشکان ارس,1,36743,0
عربی خلیج فارس فارس اراز ارس رودمون شط العرب کارون قره داغ ارسباران,1,36743,0
کارون کارون کارون جلگه خوزستان خوزستان,1,36743,0
رشت استان اصفهان چهارمحال کهکیلویه لرستان مرکزی همدان کارون استان اصفهان کارون سمیرم فریدونشهر,1,36743,0
رودهای دز کرخه کارون خوزستان زاینده خوزستان خوزستان,1,36743,0
ایران رودخانه کارون ارس دون ولگا تیمز زاینده بسیار,1,36743,0
کرمان قشم کارون ارومیه,1,36743,0
اهواز ساحل کارون,1,36743,0
خیابان اذربایجان تقاطع کارون تهران,1,36743,0
زاینده اب تونل کوهرنگ کارون,1,36743,0
کارون خوزستان اهواز اراک قم,1,36743,0
کرانه کارون دشت فتح,1,36743,0
هورالعظیم دریاچه ارومیه کارون,1,36743,0
بروجن کارون مارون,1,36743,0
سد کارون چهارمحال وبختیاری چهارمحال و بختیاری,1,36743,0
تهران اذربایجان کارون,1,36743,0
اقلیم عربستان اقلیم عربستان کارون اقلیم عربستان,1,36743,0
اصفهان اصفهان استان اصفهان شهر اصفهان,1,36743,0
اصفهان یزد کاشان کارون زاینده,1,36743,0
ترکارون,1,36743,0
کارون زاینده زاینده کاسان یزد,1,36743,0
اب کارون زاینده,1,36743,0
خوزستان خوزستان اصفهان کارون خوزستان زاینده مالک خوزستان استان استان اصفهان خوزستان خوزستان,1,36743,0
بروجن زاینده کارون یزد کرمان,1,36743,0
دز کرخه اصفهان کارون فریدونشهر سمیرم اصفهان غرب و جنوب استان اصفهان دز کرخه اصفهان,1,36743,0
اصفهان سمیرم فریدونشهر اصفهان کارون کوهرنگ زاینده سال زاینده ابه,1,36743,0
اصفهان زاینده و کارون چهارمحال زردکوه بختیاری,1,36743,0
کوهرنگ خرسان بهشت ونک سولگان کارون کارون کارون زاینده زاینده,1,36743,0
زاینده کارون خوزستان اصفهان,1,36743,0
شهر پلها نخلها کارون لشکراباد ش,1,36743,0
چهارمحال کارون چهارمحال کارون,1,36743,0
اصفهان وزستان اصفهان,1,36743,0
کارون بروجن زاینده,1,36743,0
کوهرنگ کارون اصفهان کام,1,36743,0
استان اصفهان کارون زاینده برود خور و بیابانک زاینده,1,36743,0
بروجن کارون پراب کارون زاینده شهرک صنعت و فولاد سفیددشت بروجن,1,36743,0
کارون صنایع یزد اصفهان,1,36743,0
ابریز کارون فلات مرکزی,1,36743,0
بروجن کارون زاینده شهرک صنعت و فولاد سفیددشت بروجن,1,36743,0
چهارمحال پاتا زاینده کارون زردکوه بختیاری,1,36743,0
فریدونشهر سمیرم اصفهان کارون زاینده درضمن کوهرنگ ماله چهارمحال خوزستان,1,36743,0
پاساژ تشریفات کارون,1,36743,0
کارون اصفهان یزد اصفهان اصفهان کارون اصفهان,1,36743,0
زاینده مرده دریاچه ی ارومیه کارون هامون مرده شادگان هوز سیمره,1,36743,0
ارومیه ارومیه کارون زاینده ایران,1,36743,0
اهواز کارون سرت,1,36743,0
پل فولاد اهواز اهواز اهواز کارون اهواز,1,36743,0
کارون شادگان هورالعظیم,1,36743,0
کارون اصفهان ایران کرخه کارون,1,36743,0
سرچشمه کارون جلگه خوزستان اصفهان,1,36743,0
چهارمحال کارون رودخانه زاینده,1,36743,0
چهارمحال روده استان چشمون استان سمیرم فریدن م کارون استان,1,36743,0
کارون استان اصفهان زاینده استان,1,36743,0
ایران مشهد هریرود سرخس شهر اصفهان کارون ایران,1,36743,0
شهر اصفهان کارون مشهد سرخس,1,36743,0
کارون مارون,1,36743,0
اصفهان خوزستان کارون زاینده زاینده کارون خوزستان اصفهان,1,36743,0
لردگان ابریز زاینده حوضه ابریز کارون,1,36743,0
چشمه لنگان حوضه کارون چهارمحال نزدیکی بروجن,1,36743,0
چهارمحال کارون استان کارون چهارمحال زاینده,1,36743,0
یزد کرمان کارون خلیج فارس یزد اصفهان,1,36743,0
حوضه کرخه همسایه کارون کارون کرخه,1,36743,0
کارون کرخه دز هیرمند هیرکانی تخت جمشید,1,36743,0
رودخانه سرچشمه رودخانه سرچشمه کارون استان اصفهان کارون شهرستان سمیرم کارون,1,36743,0
دریاچه ارومیه کارون زاگرس,1,36743,0
ازادی طرشت خیابان ازادی کارون و جیحون,1,36743,0
کارون کارون دریاچه ارومیه,1,36743,0
کرخه ایران کارون رودخانه زال سیمره اندیمشک هورالعظیم,1,36743,0
رشت فریدن فریدونشهر استان اصفهان کوهرنگ چهارمحال خوزستان خوزستان کارون,1,36743,0
دریاچه ی ارومیه کارون,1,36743,0
کارون بختیاری باتلاقهای هویزه,1,36743,0
خوزستان اصفهان کارون استان فارس,1,36743,0
سمیرم فریدونشهر ایران سمیرم رودخانه خرسان ابترین کارون فریدونشهر استان لرستان استان و کارون,1,36743,0
دریاچه ارومیه زاینده کارون زاگرس,1,36743,0
دنیا راس ره کره دنیا کارون,1,36743,0
خوزستان جنوب خوزستان دلتای کارون,1,36743,0
مکان کارون نفت,1,36743,0
کارون اسمان خوزستان کهک لیویه و چهارمحال کهک لیویه و چهارمحال خوزستان اصفهان,1,36743,0
استان اصفهان حوضه زاینده,1,36743,0
بروجن کارون یزد کاشان,1,36743,0
سمیرم کارون چهارمحال یزد کرمان سمیرم کارون اصفهان,1,36743,0
زاینده رودی کارون دز کرخه دریاچه ارومیه بختگان هامون کشور اصفهان,1,36743,0
باغ لنجان لنجان خوزستان رودخانه کارون اصفهان,1,36743,0
دغ ه زای یی رسیدلی دغه کارون لاس,1,36743,0
کارون کرخه دز هور,1,36743,0
خاورمیانه کارون,1,36743,0
ایران یزد اصفهان زاینده سرچشمه کارون دز,1,36743,0
سرچشمه زاینده دز کارون,1,36743,0
فارس کشور اذربایجان شرق غرب زنجان اردبیل شیراز اردبیل تبریز خوزستان کویر تهران اصفهان ش کویر کوه پایه غربشم دشت کارون خوزستان سمیرم فریدون ابشون,1,36743,0
شادگان ارومیه هورالعظیم کارون زاینده گاوخونی مهارلو انزلی,1,36743,0
خوزستان کارون زاینده زاگرس مشهد تهران استان هاله,1,36743,0
خیابان کارون جردن جنوبی,1,36743,0
سرزمین ایران لردگان بروجن زاینده خوزستان,1,36743,0
کارون اب تره میاندواب میاندواب زاینده و سیمینه,1,36743,0
دز کارون کرخه زاینده,1,36743,0
رشت اصفهان کارون فریدونشهر و سمیرم,1,36743,0
خیابان کارون اذربابجان,1,36743,0
استان اصفهان استان لرستان استان کارون,1,36743,0
کارون استان اصفهان سمیرم فریدونشهر فریدونشهر دز کارونوب,1,36743,0
رشت منطقه سمیرم ونک ماربین کارون استان اصفهان منطقه سمیرم فریدونشهر کارون فریدونشهر دز کارون استان چهارمحال,1,36743,0
سد گتوند بالادست کارون,1,36743,0
حوضه کارون گناه زاینده اصفهان,1,36743,0
کارون ایران زاینده گاوخونی,1,36743,0
منطقه لرهای فیلی خلیج فارس شمال غرب و جنوب شرق بروجرد اصفهان شمال دزفول و شوشتر رامهرمز و بهبهان رودهای دز کارون زاینده,1,36743,0
رشت استان چهارمحال وبختیاری ونک و خرسان استان دستی اصفهان استان خوزستان کارون استان اصفهان بهره استان اصفهان,1,36743,0
خوزستان کارون خلیج فارس,1,36743,0
زاینده زاینده کارون خر خره,1,36743,0
ایران ایران کارون تهران خوزستان پل بو پل سیزده,1,36743,0
خانه پیرهن زرده خانه کوچه و کارون,1,36743,0
شهرستان فریدونشهر حوضه ابریز کارون فریدونشهر,1,36743,0
لنجان کارون,1,36743,0
سرچشمه زاینده کارون شهرستان کوهرنگ اصفهان خوزستان ناحق اصفهان مجتمع,1,36743,0
کارون خشک کصخلانه,1,36743,0
جاده ساحلی کیانپارس کارون,1,36743,0
شهر شوشتر کارون شوشتر روستای ابوطیور شوشتر دز دز کارون,1,36743,0
مجتمع کشت و صنعت کارون احواز اشغالی,1,36743,0
مسجد سلمان اح واز اشغالی,1,36743,0
کارون کوی,1,36743,0
کرخه دز قم کارون اصفهان یزد,1,36743,0
کارون شادگان رودخانه کارون مارون نهرهای بحره,1,36743,0
یزد کاشان کارون زاینده یزد اصفهان کاشان چهارمحال,1,36743,0
ایران جنوب بندر گناوه دیلم بوشهر اهواز کارون,1,36743,0
سرچشمه کارون چهارمحال,1,36743,0
زاینده بهشهر بروجن کارون بروجن بلداجی سفید دشت,1,36743,0
کارون زاینده زاینده کارون کاشان یزد,1,36743,0
استان اصفهان کارون,1,36743,0
کارون استان چهارمحال کارون سد زاینده,1,36743,0
کارون دریاچه هامون ارومیه,1,36743,0
بروجن کارون سد پراب کارون زاینده مسافت شهرک صنعت و فولاد سفیددشت,1,36743,0
چهارمحال حوضه ابریز زاینده رودی حوضه ابریز کارون,1,36743,0
بروجن سد عظیم کارون شهرک صنعت و فولاد سفیددشت مقصود,1,36743,0
بیمارستانها کارون اندوسکوپی,1,36743,0
چهارمحال زاینده خشکه زاینده زاینده کارون جنوب غرب ایران یهودیه,1,36743,0
رشت حوص ابریز اصفهان اصفهان منطقه فریدونشهر و سمیرم کارون قم,1,36743,0
رشت کارون کارون استانهای همدان مرکزی لرستان اصفهان چهارمحال کهکیلویه و خوزستان فریدونشهر اصفهان سمیرم اصفهان کارون سمیرم,1,36743,0
لنجان ات اصفهان,1,36743,0
جلگه خوزستان جهان کارون,1,36743,0
خوزستان خوزستان حوضه کارون کرخه مارون جلگه کویر,1,36743,0
شهرستان خوزستان اهواز حمیدیه باوی کارون ابادان خرمشهر شادگان شوش دزفول شوشتر اندیمشک گتوند امیدیه اغاجاری مشیر و کرخه,1,36743,0
اصفهان زاینده کارون دز کرخه اصفهان,1,36743,0
کارون شادگان رودخانه کارون مارون بحر ه و مال,1,36743,0
مرز مهران دهلران کارون,1,36743,0
دز کرخه سیمره کارون خوزستان,1,36743,0
دریاچه سد کارون جاده قدیم شهرکرد تالاب چوغاخور روستای سیبک پشتشه,1,36743,0
شیراز شیراز شیراز,1,36743,0
روستای غزاویه روستای گبری ساحل شرق و غرب کارون جاده نیشکر کیانپارس,1,36743,0
شهرستان ایذه کارون,1,36743,0
دریاچه ارومیه دریاچه هامون سیستان زاینده,1,36743,0
ایران کارون ارومیه اصفهان اصفهان,1,36743,0
کارون زاینده کرخه,1,36743,0
کارون یزد دریای مکران کوهرنگ,1,36743,0
اصفهان یزد اصفهان کارون خوزستان,1,36743,0
سرچشمه کهکیلویه کارون,1,36743,0
اصفهان یزد اصفهان کارون,1,36743,0
رودخانه کارون کتابخانه مرکزی کیانپارس شهر اهواز,1,36743,0
ارومیه کارون ایرانه,1,36743,0
فارس اصفهان,1,36743,0
اهواز کارون ساحلی شهر اهواز,1,36743,0
تخت جمشید هگمتانه خلیج فارس دماوند ایران ایران ایران,1,36743,0
خوزستان خوزستان رودخانه کارون ایران خوزستان چهارمحال وبختیاری لرستان,1,36743,0
خوزستان هورالعظیم رودخانه کارون اهواز خوزستان خوزستان,1,36743,0
جهان خوزستان باوی,1,36743,0
خوزستان شهرستان باوی خوزستان,1,36743,0
کارون ورت ناموس شرمی,1,36743,0
شهرستان باوی شمال شهر اهواز,1,36743,0
کارون بلوار ساحلی کیانپارس خالدیه,1,36743,0
کارون شادگان خرمشهر,1,36743,0
اصفهان اصفهان سرچشمه کارون یزد تونل کوهرنگ,1,36743,0
دریاچه ارومیه کارون تالاب هورالعظیم کویر عمه ایران,1,36743,0
دریاچه ارومیه کارون تالاب هورالعظیم کویر عم ایران,1,36743,0
کارون هویزه تالاب هورالعظیم تالاب مرگ انزلی دریاچه رضايیه,1,36743,0
اصفهان خوزستان کارون اصفهان زاینده,1,36743,0
ایران تهران کارون ایران کشور شمال مرکز کیش,1,36743,0
جنوب نفت کرخه دز کارون اصفهان کویر رودخانه استان خشک یزد اصفهان,1,36743,0
کرخه کارون دز کشور استان خوزستان کارون کرخه,1,36743,0
شهر خوزستان اهواز کارون,1,36743,0
کرخه کارون دز کشور استان خوزستان,1,36743,0
اصفهان خوزستان ایران کارون اصفهان خوزستان,1,36743,0
کارون کرخه زهره مارون دز جلگه خوزستان,1,36743,0
رودخانه دز دزفول رودخانه کارون شوشتر,1,36743,0
نخلستان کارون,1,36743,0
هور ماهی دز,1,36743,0
پل لالی خوزستان کارون,1,36743,0
دز کرخه کارون اروند,1,36743,0
خوزستان کارون نیزار کارون زاینده دشت اصفهان,1,36743,0
رودخانه ی کارون پل سفید اهواز فتوشاپ اهواز,1,36743,0
واز دارخوین محمره سب خیهایی,1,36743,0
زاینده ببخشید,1,36743,0
اسکل بوق کارون دریاچه ارومیه صحرا,1,36743,0
ی دز دز قم سد گتوند علیا ایران رودخانه کارون,1,36743,0
رودخانه کارون تونل انتقال اب کوهرنگ,1,36743,0
کارون کهکیلیویه استان شهر,1,36743,0
زاینده استان اصفهان کارون چهارمحال و اصفهان,1,36743,0
گتوند گتوند کارون,1,36743,0
زاینده اصفهان دریاچه ارومیه,1,36743,0
کارون کوهرنگ کوهرنگ تونل کوهرنگ تونل بهشت تونل قم,1,36743,0
اهواز اصفهان کارون یزد یزد,1,36743,0
زایند,1,36743,0
خانه یمان تهران کارون هاشمی,1,36743,0
بروجن کارانه زاینده,1,36743,0
کارون بهمنشیر ابادان,1,36743,0
اهواز شهراش کارون خوزستان,1,36743,0
کارون کارون ابادان خلیج فارس,1,36743,0
اصفهان حوضه کارون خوزستان فلات ایران مرکزی,1,36743,0
تهران کارون هاشمی,1,36743,0
کارون بختیاری,1,36743,0
سیتی سنتر کارون,1,36743,0
اهواز مجتمعی کارون سیتی اهواز,1,36743,0
ارومیه هورالعظیم باغات قزوین زاگرس کارون زاینده ابخوانها,1,36743,0
اصفهان ابریز گاوخونی چهارمحال,1,36743,0
دزفول خلیج فارس س کارون,1,36743,0
خوزستان کارون کرخه مهاجر خوزستان استانهای اهواز کارون,1,36743,0
مغازه ساحلی کارون,1,36743,0
میدان شیاد پرسپولیس پل حافظ سعدی فردوسی پل کارون لوور پاریس,1,36743,0
کارون شهر تستر احواز اشغالی,1,36743,0
گوند وز کارون نی گلمدین,1,36743,0
خوزستان ابادان ایران,1,36743,0
قم شمال شمال کنکله کارون,1,36743,0
خراسان سمرقند,1,36743,0
روستای قلعه کنعان شهرستان کارون جنوب اهواز,1,36743,0
شهرستان کارون حومه جنوبی شهر اهواز,1,36743,0
شهرستان کارون اهواز,1,36743,0
سرشاخههای کارون دز,1,36743,0
عیلام,1,36743,0
فرات کارون فنقیها ثمود اکد سومر بابل اشور خاورمیانه,1,36743,0
النهرین,1,36743,0
خوزستان اهواز ابادان کارون,1,36743,0
ایران کارون ارومیه مشهد خلیج فارس خزر,1,36743,0
قم قمرود کارون اصفهان شهر لندن جلگه خوزستان کارون,1,36743,0
لر سست,1,36743,0
کارانه فتحی مخکی کارون خورا خوند خرابه دی هیل ورت,1,36743,0
مات قان,1,36743,0
خوزستان سرچشمه کرخه دز کارون,1,36743,0
اروپا دنیا عربستان اذربایجان عربستان اذربایجان فارس کارون بیابان اصفهان,1,36743,0
سد گتوند زار کارون کارون,1,36743,0
جنوب خوزستان رودخانه کارون دریا بندر بوزی شادگان,1,36743,0
خرمشهر خرم بم کارون,1,36743,0
شهر دز کارون,1,36743,0
خوزستان جهان کارون کرخه دز مارون خلیج فارس استان خوزستان شرق شمال کوههای زاگرس,1,36743,0
ایران دریاچه ارومیه کارون,1,36743,0
تهران ایران شط کارون,1,36743,0
مهزیار پاساژ کارون بیمارستان رازی,1,36743,0
ابم ان بروجن کارون اب بروجن,1,36743,0
جنوب خوزستان کارون سد بانمک گتوند کرخه خوزستان دستبرد خوزستان,1,36743,0
خوزستان کارون زهره,1,36743,0
دریاچه ارومیه راهه کارون و خوزستان چرت پرت دریاچه ارومیه کویر اوسگول,1,36743,0
دریاچه ارومیه هامون کارون,1,36743,0
بندر شهر خرمشهر پادگان حمید جفیر جاده اهواز خرمشهر شهر هویزه کارون کرخه کور,1,36743,0
کارون جیهون قصر دشت چهل,1,36743,0
کارون هورالعظیم کارون دز کرخه,1,36743,0
سینما کارون خیابان رودکی سلسبیل سینما کارون رودکی,1,36743,0
پارک پل سفید کارون,1,36743,0
پل کارون اروندکنار,1,36743,0
خانه ارس,1,36743,0
اهواز حمیدیه کارون,1,36743,0
کاروان چنار پیرمحمد کارون,1,36743,0
خاورمیانه کارون خرمشهر ابادان,1,36743,0
سلمان اح واز اشغالی,1,36743,0
باوی,1,36743,0
م جنوبی کارون,1,36743,0
خدنگ ستان رودخانه ایت سالی استان اصفهان سمیرم کارون,1,36743,0
شهر کارون خوزستان,1,36743,0
تونلهای گانه کوهرنگ حوضه کارون,1,36743,0
زاینده چهارمحال حوصه کارون کوهرنگ ه سال چهارمحال زاینده مناطق حوصه زاینده,1,36743,0
سد زاینده ابش کارون سد زاینده کارون خوزستان کارون,1,36743,0
سد زاینده اصفهان کارون بن بروجن زاینده کارون کارون چشمه دیمه کارون,1,36743,0
بروجن سد زاینده کارون و کوهرنگ بروجن زاینده کارون,1,36743,0
سد زاینده کارون چهارمحال شهرکرد خوزستان تاجی,1,36743,0
حوضه کارون کارون,1,36743,0
خوزستان چهارمحال کارون اصفهان خوزستان کوهرنگ چشمه دیمه سد زاینده,1,36743,0
سد زاینده چهارمحال کارون کوهرنگ بروجن تونل ابر خوزستان چهارمحال اصفهان سد زاینده,1,36743,0
کارون چهارمحال زرد کوه سرچشمه,1,36743,0
کارون پارس,1,36743,0
کرخه کارون ارس,1,36743,0
استان پهناور اصفهان استان کویر استان حوضه کارون سمیرم فریدونشهر کارون,1,36743,0
شهر کارون استان خوزستان,1,36743,0
نخبگان اهواز کارون,1,36743,0
شهرستان کارون خوزستان درویشی کوت عبدالله,1,36743,0
بهشهر ابادان ساحل کارون,1,36743,0
شهر تستر اح واز اشغالی,1,36743,0
ایستگاه شهرستان کارون فاجعه متروپل ابادان,1,36743,0
خوزستان اصفهان دریاچه ارومیه کارون,1,36743,0
شهرستان کارون منطقه قلعه کنعان,1,36743,0
کارون کازرون,1,36743,0
پل سفید طالقانی کارون,1,36743,0
کارون روده کارون,1,36743,0
بلد کارون,1,36743,0
رودهای دجله و فرات کارون ایران,1,36743,0
ایرانه کارون لرستان,1,36743,0
کارون خانه بخت,1,36743,0
ایران کارون دز کرخه بشار خرسون مارون زهره,1,36743,0
لرستان رودخانه دز استان خوزستان شهرستان اندیمشک دزفول شوش شوشتر اهواز کارون,1,36743,0
شهر شوشتر شوشتر رودخانه خروشان کارون معبد چغازنبیل رامیان,1,36743,0
شهر اهواز حمیدیه کارون,1,36743,0
شهر اهواز کارون,1,36743,0
اهواز اهواز حمیدیه کارون,1,36743,0
استان صمدی بروجنی حوضه کارون کارون حوضه کارونهواز کارون,1,36743,0
اهواز حمیدیه کارون و باوی,1,36743,0
یزد دریاچه ارومیه کارون دز کرخه اصفهان یزد کرمان,1,36743,0
ساحل کارون هاوایی,1,36743,0
شهر اهواز اهواز کارون,1,36743,0
شرق غرب تهران جهان ازادراه قم مشهد,1,36743,0
مازندران مازندران شرق مازندران سد فینسک سد موسوم رجایی,1,36743,0
زاینده مرور,1,36743,0
منطقه خانه اصفهان اصفهان زمین ایران,1,36743,0
زاینده پاسارگاد دریاچه ارومیه تهران اهواز,1,36743,0
فارس جهان,1,36743,0
زمین فارس جهان,1,36743,0
استان گلستان النگدره,1,36743,0
شهریار شهر تهران جنوب و جنوب غرب شهر تهران,1,36743,0
خلیج فارس عربستان,1,36743,0
دشت استانه,1,36743,0
داروخانه کارون ایران,1,36743,0
شهر پانزده جنوب غرب تهران ایران,1,36743,0
نسیم شهر جنوب غرب تهران,1,36743,0
خیابان فرونشست خیابان تحکیم,1,36743,0
بزرگمهر,1,36743,0
نسیم شهر,1,36743,0
نسیم نسیم شهر جنوب غرب تهران,1,36743,0
نسیم,1,36743,0
نسیم شهر پانزده جنوب غرب تهران,1,36743,0
شهرستان مهریز یزد,1,36743,0
زمین نسیم شهر مهر,1,36743,0
نسیم شهرداری نسیم شهر نسیم شهر پانزده جنوب غرب تهران,1,36743,0
منطقه نسیم شهر تهران,1,36743,0
جهان بلوچستان کردستان بلوچستان,1,36743,0
توسعه جنوبی خط مترو شرکت مترو,1,36743,0
اصفهان اصفهان گاوخونی,1,36743,0
منتقل بیمارستان مرخص,1,36743,0
بهشهر اصفهان,1,36743,0
اصفهان اروپا اصفهان استان کویری اصفهان,1,36743,0
سال مهاباد,1,36743,0
شرق اصفهان زاینده سال اصفهان اصفهان اصفهان,1,36743,0
زمین نقش رستم,1,36743,0
ایران رفسنجان ایران,1,36743,0
ویلا م دوبی,1,36743,0
تهران زمین,1,36743,0
جمیرا,1,36743,0
خیابان کاوه خیابان گلستان چهارراه هسا,1,36743,0
مسجد سید,1,36743,0
شهر وزیر اصفهان اصفهان,1,36743,0
روستای استان قزوین,1,36743,0
هسته بوشهر پایبست,1,36743,0
رضا,1,36743,0
روستا,1,36743,0
همدان دشت قزوین,1,36743,0
شرق غرب تهران جهان ازادراه قم مشهد ایران استان ایران اصفهان چهارمحال وبختیاری,1,36743,0
دریاچه چوتو اصفهان شهر استانه,1,36743,0
اصفهان چهارمحال وبختیاری تهران جهان,1,36743,0
شرق غرب تهران جهان ازادراه قم مشهد ایران دنیا استان ایران,1,36743,0
شرق غرب تهران جهان ازادراه ورامین قم گرمسار مشهد ایران دنیا استان ایران اصفهان,1,36743,0
طاهری,1,36743,0
شهر اشنویه و نقده,1,36743,0
اصفهان هرمزگان گیلان تهران خوزستان,1,36743,0
اصفهان شهرک اصفهان,1,36743,0
اصفهان استان اصفهان اصفهان اصفهان,1,36743,0
اصفهان ایران اصفهان اصفهان,1,36743,0
اصفهان اصفهان ایران تالاب گاوخونی,1,36743,0
سیستان خوزستان خراسان کرمان اذربایجان,1,36743,0
جلگه خوزستان لرستان زاینده شهر قم,1,36743,0
ايیل کارد,1,36743,0
ایران مشهد تهران جهرم,1,36743,0
منطقه پا دنا اصفهان خوزستان زاینده فلات کویری ایران اصفهان استانهای یزد و کرمان و سیستان تالاب گاوخونی,1,36743,0
جنوب زاینده زاینده شهر اصفهان,1,36743,0
زیرگذر ربط,1,36743,0
منطقه خان,1,36743,0
اصفهان تالاب گاوخونی رودخانه شکر,1,36743,0
شهر اصفهان اصفهان ایران,1,36743,0
ایران بندرعباس زمین ایران ایران,1,36743,0
گاوخونی اصفهان خلیج فارس جنوب,1,36743,0
خوزستان اصفهان اباد مازندران دشتهای ارومیه دریاچه هنرویرانی بلوچستان هامون خشک بختگان,1,36743,0
تهران اصفهان همدان,1,36743,0
خانه ورامین,1,36743,0
اصفهان زاینده صنایع یزد,1,36743,0
دردشت اصفهان سد کرج,1,36743,0
ارگ بم میدان نقش جهان ارگ بم جهان,1,36743,0
نجف استان,1,36743,0
جاده یزد میبد یزد,1,36743,0
خیابان بزرگمهر,1,36743,0
شهر تهران تهران تهران استان تهران,1,36743,0
زاینده رود اصفهان,1,36743,0
هسته اصفهان,1,36743,0
دریاچه پریشان تالاب دریاچه,1,36743,0
حفره باستانه,1,36743,0
اصفهان دفتر جمعه حبیب اصفهان,1,36743,0
سرزمین ایران سرزمین ایران,1,36743,0
استانهای مازندران و گیلان استان توجیه استان گلستان استانهایی اصفهان فارس خوزستان,1,36743,0
منطقه نسیم شهر,1,36743,0
ارگ بم جهان ارگ بم,1,36743,0
زمین عربستان شمال ایران,1,36743,0
اصفهان زمین اصفهان,1,36743,0
اصفهان یزد کرمان چهارمحال وبختیاری قم خوزستان ایران,1,36743,0
ایران ایران اسیا,1,36743,0
یزد اصفهان دارالع باده بهشهر,1,36743,0
غرب و جنوب غرب تهران و البرز اصفهان رودخانه کرج تهران تهران,1,36743,0
اصفهان چهارمحال و یزد,1,36743,0
اصفهان زاینده شهر اصفهان اصفهان فلات مرکزی,1,36743,0
شرق اصفهان اصفهان,1,36743,0
کالیفرنیا دشت لرد بیر دن چوخ سو دشت لر,1,36743,0
اصفهان گاوخونی اصفهان ایران جهان,1,36743,0
زمین زمین زمین ایران,1,36743,0
مبارکه اصفهان ذوب,1,36743,0
اصفهان گاوخونی اصفهان اصفهان,1,36743,0
اصفهان زاینده سراب زاینده دشت اصفهان برخوار شهر زاینده کشاورز,1,36743,0
خیابان گلسرخ کرمانشاه خیابان گلسرخ کرمانشاه,1,36743,0
اصفهان شهر کرمان,1,36743,0
شهر صومعه سرا,1,36743,0
دشت اصفهان شهرک نیروی هوایی ارتش اصفهان,1,36743,0
زاینده چهارمحال و خوزستان,1,36743,0
گاوخونی استان یزد ایران,1,36743,0
زاینده گاوخونی زاینده خاک توریه,1,36743,0
بزرگراه خرازی میرزاطاهر اصفهان اصفهان اصفهان ایران دنیا,1,36743,0
اصفهان زاینده سراب شهر اصفهان غرب اصفهان شرق و مرکز و غرب اصفهان,1,36743,0
استانهایی اصفهان تهران مرکزی فارس کرمان,1,36743,0
اصفهان زمین زمین,1,36743,0
خط اهن شرق اصفهان,1,36743,0
شهرک,1,36743,0
هوایی ارتش منطقه خانه اصفهان,1,36743,0
اصفهان شهرک نیروی هوایی,1,36743,0
خیابان فردوسی,1,36743,0
اصفهان زاینده کشاورز اصفهان اصفهان,1,36743,0
زاینده شهر اصفهان اصفهان اصفهان اصفهان اصفهان,1,36743,0
اصفهان شهرهای مرکزی ایران,1,36743,0
دردشت سلماس,1,36743,0
اصفهان شهر اصفهان شهرکرد,1,36743,0
اصفهان دشت اصفهان برخوار,1,36743,0
زاینده شهر اصفهان خلیج فارس,1,36743,0
نیروگاه برق همدان,1,36743,0
رودخانه شهر رد خشکه,1,36743,0
تهران اهواز و کیش,1,36743,0
پل هلالی کارون,1,36743,0
اصفهان کویر,1,36743,0
عالی قاپو,1,36743,0
اصفهان سد زایندرود پل خواجو,1,36743,0
اصفهان ایران خوزستان شهر یاسوج اصفهان,1,36743,0
کمه زمین هامونم,1,36743,0
تهران دشت قزوین,1,36743,0
اصفهان شرق اصفهان زاینده اصفهان,1,36743,0
شمال اصفهان اصفهان,1,36743,0
اصفهان تهران اصفهان چهارباغ پل خواجو کوه صف اصفهان حصه زینبیه وقايمیه اصفهان زاینده حیات اصفهان زاینده رود,1,36743,0
خلیج فارس خلیج فارس اصفهان,1,36743,0
بلوار محافظ,1,36743,0
تالار پذیرایی صومعه سرا,1,36743,0
هامون بختگان جازموریان کارون زاینده ارومیه ایران,1,36743,0
روستای کلیدبر صومعه سرا,1,36743,0
شهرک صنعت محموداباد,1,36743,0
تالار پذیرایی صومعه سرا روستای کلیدبر صومعه سرا,1,36743,0
ایرانه اصفهان,1,36743,0
زاینده سپرده اصفهان یزد,1,36743,0
کرمان کرمانشاه,1,36743,0
بلوار گلسرخ کرمانشاه اصفهان زاینده اصفهان,1,36743,0
بلوار گلسرخ,1,36743,0
کرمانشاه اصفهان,1,36743,0
خیابان گلسرخی کرمانشاه,1,36743,0
کرمانشاه صومعه سرا,1,36743,0
بهشهر اصفهان جهان,1,36743,0
شهرک نیروهوایی اصفهان,1,36743,0
شهر استان اصفهان شهر تهران شهر استان کرمان شهر استان خراسان رضوی,1,36743,0
شهر استان اصفهان شهر تهران شهر استان کرمان شهر استان خراسان رضوی استانهای البرز فارس یزد همدان مرکزی,1,36743,0
محور پهره مسجد ابوالفضل مملکت بلوچستان جاده مواصلاتی پهره مسجد ابوالفضل مملکت بلوچستان,1,36743,0
حله اصفهان,1,36743,0
شرق اصفهان منبع,1,36743,0
دردشت ورامین,1,36743,0
مسجد فیواستار,1,36743,0
اصفهان تهران تهران اصفهان استان فارس,1,36743,0
کوت اصفهان اصفهان,1,36743,0
اصفهان ونکوور,1,36743,0
اصفهان یزد گاوخونی اصفهان,1,36743,0
تهران اصفهان قم,1,36743,0
اصفهان پل پل خواجو مسجد سید اصفهان,1,36743,0
ایران شهر کرمان کرمانشاه,1,36743,0
اصفهان اصفهان ایران گاوخونی شهر سرطان,1,36743,0
منطقه اب اسم چرخاب یزد کشاورزی یزد یزد,1,36743,0
روستای کرمان استان کرمان,1,36743,0
دریاچه ارومیه شمال غرب هور کارون جنوب غرب زاینده اصفهان,1,36743,0
یزد سمنان اصفهان,1,36743,0
رشت اصفهان شهر اصفهان کلانشهر اصفهان,1,36743,0
خانه روا اصفهان یزد یزد,1,36743,0
رودخانه کلورادو اریزونا,1,36743,0
ایران اصفهان پل پل الله وردی خان مسجد حکیم مسجد جامع عباسی پل خواجو,1,36743,0
یزد بهداد اصفهان,1,36743,0
زاینده خانه تکم اصفهان,1,36743,0
زاینده خوزستان خزر ایران,1,36743,0
اصفهان هامون خوزستان خوزستان اصفهان,1,36743,0
اصفهان گاوخونی یزد,1,36743,0
تونل کوهرنگ یزد اصفهان,1,36743,0
شهر کاشان,1,36743,0
رشت زاینده زاینده,1,36743,0
اصفهان زاینده دهه اینسو زاینده,1,36743,0
خاک خانه کوچه ایت الله یثربی خیابان اباذر کاشان کاشان,1,36743,0
خانه قدیمی کوچه یثربی خیابان اباذر کاشان,1,36743,0
تالاب گاوخونی شرق اصفهان ایران اصفهان یزد زاینده یزد,1,36743,0
اسماعیلی جیرفت روستای حسین زین روستای لطف قنات نورس,1,36743,0
تخت جمشید همدان اصفهان,1,36743,0
جهان ایران جنوب تهران فارس یزد,1,36743,0
ایران جهان زمین جهان زمین ایران,1,36743,0
ایران ارومیه زاینده کارون,1,36743,0
ایران اصفهان شهر اصفهان,1,36743,0
شهرستان گلپایگان خوانسار,1,36743,0
مسجد جامع عتیق قزوین جهان اصفهان تخت جمشید فارس,1,36743,0
شهر تهران دشت ورامین استان تهران,1,36743,0
دشت ورامین تهران تهران تجریش دشت ورامین,1,36743,0
دشت ورامین,1,36743,0
گلاسکو جهان جهان,1,36743,0
اصفهان چهارمحال اصفهان کوهرنگ اصفهان ایران,1,36743,0
خلیج فارس زمین ایران ایران,1,36743,0
ایران ایران زمین جهان,1,36743,0
اصفهان مسجد صفوی حکیم,1,36743,0
مسجد صفوی حکیم اصفهان,1,36743,0
استان فارس ایران,1,36743,0
اصفهان فرودگاه بهشهر,1,36743,0
جهان ایران تهران,1,36743,0
تهران اصفهان اراک قزوین فارس شیراز کرمان نقش رستم تخت جمشید پل خواجو,1,36743,0
ایران تهران اصفهان اراک قزوین فارس شیراز کرمان نقش رستم تخت جمشید,1,36743,0
شهر استان خراسان رضوی شهر استان کرمان شهر استان تهران استان اصفهان استانهای البرز فارس یزد همدان و مرکزی,1,36743,0
ایران ایران زمین اصفهان,1,36743,0
تهران دردشت ورامین دشت ساوجبلاغ دشت قزوین دشت گلپایگان دشت رفسنجان دشت کرمان دشت زرن دشت کاشمر دشت نیشابور دردشت مشهد,1,36743,0
اصفهان پاسارگاد,1,36743,0
اصفهان خوزستان یزد سمنان خراسان,1,36743,0
ایران تخت جمشید پل خواجو تخت جمشید اصفهان اصفهان,1,36743,0
ایران جهان کویر ایران,1,36743,0
جنوب غرب دشت کاشمر,1,36743,0
کاشمر کاشمر اصفهان,1,36743,0
کاشمر اصفهان,1,36743,0
زمین ایران زمین دردشت اراک باغ پرحاشیه نیاوران تهران,1,36743,0
زمین ایران جهان ایران,1,36743,0
زمین جهان جهان زمین ایران,1,36743,0
زاینده شهر اصفهان دریای زاینده,1,36743,0
اصفهان اصفهان اصفهان زاینده ایران,1,36743,0
شهر اصفهان دریای خزر,1,36743,0
جهان اصفهان جهان,1,36743,0
مسجد حکیم اصفهان بنای تاریخی مسجد حکیم اصفهان,1,36743,0
ایران خاور میانه,1,36743,0
شمال شهرستان,1,36743,0
شهر هرت شهر هرت شهر هرت,1,36743,0
کرمانشاه ایران اسیا,1,36743,0
خیابانهای عارف,1,36743,0
یلان,1,36743,0
پل صراط,1,36743,0
شهر هرت شهر هرت شهر هرت شهر هرت,1,36743,0
شهر هرت هرت شهر هرت,1,36743,0
الدن,1,36743,0
بلخ بامیان سمنگان سرپل بلخاب,1,36743,0
لاس وگاس,1,36743,0
منطقه پاسارگاد و ارسنجان,1,36743,0
موند یا,1,36743,0
تل,1,36743,0
فارس کرمان سیستان ایران,1,36743,0
رشت ایران گیلان مازندران,1,36743,0
ارامگاه کوروش,1,36743,0
ایران پاسارگاد,1,36743,0
ایران ایران زمین دنیا,1,36743,0
همدان اصفهان شیراز خوزستان سیستان ایران,1,36743,0
مسجد حکیم مسجد جامع دیلمی جورجی,1,36743,0
غرب شمال کشور,1,36743,0
ایران ایران استان فارس,1,36743,0
اصفهان مسجد صفوی حکیم اصفهان,1,36743,0
قحطی رودخانه البه,1,36743,0
برج مراقبت فرودگاه اصفهان اصفهان پیزا,1,36743,0
شهر اصفهان شرق اصفهان رودخانه زاینده,1,36743,0
میدان نقش جهان اصفهان ایران,1,36743,0
اصفهان زاینده بناشده زاینده اصفهان اصفهان,1,36743,0
حسین خنداب اراک,1,36743,0
دردشت تهران,1,36743,0
استان قضا گسل اصل مشا فارس اصفهان مرکزی قزوین,1,36743,0
ایران اصفهان همدان کرمان ایران شهریار ملارد میدان صفايیه شهرری,1,36743,0
شیراز اصفهان میدان نقش جهان,1,36743,0
شهر شیراز اصفهان,1,36743,0
استادیوم فوتبال,1,36743,0
جنوب اصفهان کاشان,1,36743,0
خیابان مبین,1,36743,0
تهران ایران استان گیلان و مازندران,1,36743,0
ایران جهان استان اصفهان خراسان قزوین تهران مرکزی البرز فارس کرمان اصفهان,1,36743,0
حوضه گاوخونی,1,36743,0
فرودگاه اصفهان خط اهن اصفهان شیراز,1,36743,0
یزد کرمان دشت اردکان,1,36743,0
پلهای تاریخی مسجد,1,36743,0
خوزستان دشت خوزستان ایران ایران,1,36743,0
تهران کرمانشاه,1,36743,0
زمین سپاهان شهر جنوب اصفهان,1,36743,0
اصفهان شیراز اسم دشت مهیار,1,36743,0
تهران اراک همدان اذربایجان,1,36743,0
اصفهان زاینده اصفهان رودخانه زاینده,1,36743,0
اصفهان جهان پاریس فلورانس اصفهان اصفهان,1,36743,0
شمال شهر تهران,1,36743,0
شهریار ری,1,36743,0
استان گوانگ,1,36743,0
اصفهان اصفهان استان اصفهان اصفهان جهان,1,36743,0
استان تهران جهان اتوبان تهران قم,1,36743,0
مسجد صفوی حکیم,1,36743,0
تهران جهان استان تهران,1,36743,0
جهان ایران قطب شمال,1,36743,0
دشتهای شرق و مرکزی ایران کورد ستان,1,36743,0
اذربایجان غرب خوی سلماس ارومیه,1,36743,0
دشتهای ایران,1,36743,0
تهران جنوب غرب ملارد کالیفرنیا,1,36743,0
اصفهان جهان زاینده رود یزد اصفهان,1,36743,0
ایران پل خواجو ایران ایران ایران,1,36743,0
اذربایجان غرب خوی سلماس و ارومیه,1,36743,0
بلوار میرداماد شرقم زمین میرداماد,1,36743,0
اذربایجان غرب دشت سلماس,1,36743,0
ایران ایران کشور ایران,1,36743,0
مقبره,1,36743,0
تهران پراید,1,36743,0
اصفهان جنوبی بندرعباس,1,36743,0
دریاچه ارومیه خوزستان سیستان و بلوچستان همدان تهران خراسان زاینده,1,36743,0
اصفهان فلات مرکزی,1,36743,0
اصفهان فرودگاه اصفهان,1,36743,0
منطقه معین ورامین,1,36743,0
جنوب غرب تهران کالیفرنیا جنوب لس انجلس,1,36743,0
فلاورجان زاینده اصفهان,1,36743,0
شهر اصفهان دشت اصفهان شهر اصفهان,1,36743,0
استان اصفهان چهارمحال وبختیاری یزد کوهرنگ,1,36743,0
اصفهان خیابان میرفندرسکی دشت اصفهان جهان,1,36743,0
تالاب گاوخونی استان اصفهان زاینده تالاب گاوخونی,1,36743,0
میدان نقش جهان,1,36743,0
غرب کشور دشت ورامین,1,36743,0
اصفهان خوف خونه هامون,1,36743,0
تپه گوه زمین,1,36743,0
دشت اب ایران,1,36743,0
حیاط خانه خانه روحت,1,36743,0
جانت زید وین,1,36743,0
اصفهان بهشهر,1,36743,0
زمین عربستان عربستان,1,36743,0
زاینده زمین اصفهان اصفهان,1,36743,0
استان ایران ایران,1,36743,0
سرزمین ایران دیار زنده نطنز بادرود کاشان,1,36743,0
اصفهان نطنز بادرود کاشان,1,36743,0
اصفهان دریاچه ارومیه دشت خوزستان,1,36743,0
چهارمحال و خوزستان اصفهان اصفهان,1,36743,0
دشت رفسنجان,1,36743,0
دریاچه ارومیه کارون فلات مرکزی ایران,1,36743,0
دردشت مهیار استان اصفهان,1,36743,0
گیلان اصفهان منطقه کاشان ایران,1,36743,0
تهران تهران رکنا,1,36743,0
دارالع,1,36743,0
چالوس هراز قزوین رشت,1,36743,0
اصفهان اصفهان زاینده شهر اصفهان,1,36743,0
تهران شمال شرق پالایشگاه تهران راکتور امیراباد تهران,1,36743,0
پل و خواجه کشاورزی اصفهان,1,36743,0
ایران تهران ورامین,1,36743,0
ورامین شرق و غرب تهران جهان ازادراه قم مشهد ایران صفهان چهارمحال وبختیاری,1,36743,0
زاینده شهر زمین,1,36743,0
تهران اصفهان ایران,1,36743,0
اصفهان گاوخونی اصفهان,1,36743,0
تل اویو جهان,1,36743,0
دشت ورامین جهان اصفهان,1,36743,0
باغ موزه اصفهان اصفهان,1,36743,0
استان اصفهان شهر اصفهان بهشهر,1,36743,0
دشت اصفهان برخوار دشت مهیار دشت برخوار اصفهان,1,36743,0
زاینده رودی اصفهان اصفهان,1,36743,0
استان قزوین قزوین البرز استان قزوین,1,36743,0
ایران اروپاییها,1,36743,0
استان فارس بختگان,1,36743,0
شهرستانها تهران تهران,1,36743,0
خوزستان سیستان هورالعظیم دریاچه ارومیه گاوخونی زاینده برگن,1,36743,0
جهان کاروانسرای کاروان کاروان,1,36743,0
مسجد جامع عباسی فرودگاه اصفهان,1,36743,0
ورزشگاه نقش جهان,1,36743,0
بلوچستان مسجد ابوالفضل,1,36743,0
کشور مازندران و گیلان,1,36743,0
شامات,1,36743,0
تهران دنیا شهر تهران,1,36743,0
هشتگرد حسین ع کربلا,1,36743,0
هیروشیما جهان ایران,1,36743,0
شمال کشور جهان,1,36743,0
ترکمانچای گلستان,1,36743,0
پیو,1,36743,0
شیرد از چوروباه شل,1,36743,0
تهران دمادم تهران,1,36743,0
اروپا ایران گلستان,1,36743,0
کشور اکراین تایوان,1,36743,0
اروپا دبی,1,36743,0
شهرک نیرو هوایی چرنوبیل,1,36743,0
رودخانه دریا خونه هاتون,1,36743,0
جهان شیراز,1,36743,0
فلات مرکزی ایران ایران ایران,1,36743,0
اصفهان میدان نقش جهان,1,36743,0
زاینده بخوانید زاینده صحرا اصفهان,1,36743,0
خیابان میر خونه,1,36743,0
رودخانه زاینده مرکز اصفهان میدان فیض جوار پل خواجو سی پل چوبی خواجو,1,36743,0
محور ورامین مشهد اصفهان شیراز سد فیروزاباد فارس,1,36743,0
رودخانه زاینده دولتخانه صفوی میدان نقش جهان اصفهان,1,36743,0
رشت شمال شهر اصفهان شمال شرق فرودگاه فرودگاه شمال غرب منطقه,1,36743,0
المان جهان برلین,1,36743,0
ساندی,1,36743,0
بیروت,1,36743,0
زمین ایران استانهای گیلان و مازندران استان اصفهان کشور تهران,1,36743,0
منطقه حسن سرای گیلان,1,36743,0
کاشان اصفهان اصفهان کارون اصفهان زاینده,1,36743,0
نیرو هوایی اصفهان,1,36743,0
اصفهان شهرک,1,36743,0
هوایی اصفهان,1,36743,0
اصفهان همدان,1,36743,0
ایران هرات باکو,1,36743,0
ایران شمال جنوب,1,36743,0
خانه ترکی,1,36743,0
هار اشتهارد همدان فارس,1,36743,0
ایران استانهای گیلان و مازندران تهران,1,36743,0
اشپزخانه کلاک,1,36743,0
ایران گیلان و مازندران بینی استان سالی اصفهان ایران,1,36743,0
منطقه نیروهوایی,1,36743,0
رودخانه elbe الپ غرب هامبورگ دریای شمال,1,36743,0
کویر لوت رومیسپردن,1,36743,0
البه,1,36743,0
مازندران ایران مازندران,1,36743,0
اصن,1,36743,0
د البه اروپای مرکزی,1,36743,0
سیستان ایران خوزستان دزفول,1,36743,0
چپ علاف,1,36743,0
ایران اروپای,1,36743,0
اصفهان ایران اروپا,1,36743,0
استانهای ایران گیلان و مازندران بینی استان سالی اصفهان ایران,1,36743,0
چهارمحال ادم اصفهان کارون زاینده روده زاینده,1,36743,0
بروجن زاینده,1,36743,0
کارون شمال تاج,1,36743,0
رستوران رویال پارک ساحل شرق کارون رستوران ریف ساحل غرب رستوران فجر کوی ملی,1,36743,0
کارون فاصل غزاویه دوست هشتم,1,36743,0
تونل کوهرنگ کارون زاینده کارون,1,36743,0
خاکی سد کارون,1,36743,0
دهکده زاراس ایذه سد سد کارون,1,36743,0
پل نادری,1,36743,0
کارون خوزستان کارون تونل کوهرنگ,1,36743,0
اهواز جنوب خوزستان کارون واروند تالاب شمال خوزستان لالی گتوند ایذه دهدز ابشار سازههای اب شوشتر دره کول خرسون دره انار کله کیارس پل برزین چغازنبیل باستان شوش,1,36743,0
دنا کارون,1,36743,0
شهر اهواز پل سفید اهواز شهر اهواز ایران کارون,1,36743,0
کارون چهارمحال باتونل اصفهان چهارمحال حوزه کارون,1,36743,0
سرچشمه کارون زاینده استان چهارمحال بختیاری لرستان اهواز ایران,1,36743,0
زاگرس مرکزی زردکوه کارون,1,36743,0
کارون اهواز خراسان,1,36743,0
خیابان کارون تهران ایران,1,36743,0
جنگل نامه خزر البرز دماوند کارون,1,36743,0
منطقه کارون اهواز,1,36743,0
کارون اروند خرمشهر خوزستان قم,1,36743,0
خط شیدا کارون زاینده خط,1,36743,0
کارون ابادان,1,36743,0
پا,1,36743,0
فرودگاه اهواز مجتمع تجاری تفریحی پارک سنتر هایپر ستاره,1,36743,0
شیراز کارون اهواز,1,36743,0
اهواز ساحل کارون فرودین,1,36743,0
اهواز کارون تهران,1,36743,0
پل طبیعت شط کارون,1,36743,0
پارک لاله ساحل کارون,1,36743,0
دریاچه کارون دهدز,1,36743,0
خوزستان کارون پل بن مهزیار,1,36743,0
کارون لندن اهواز لندن,1,36743,0
خلیج عربی فارس دریاچه ارومیه خوشک کارون,1,36743,0
کرخه کارون هایاهواز ابادان خرمشهر,1,36743,0
تهران خیابان کارون تهران,1,36743,0
یمان,1,36743,0
روستایی سد کارون استان خوزستان,1,36743,0
اسفند رودخانه کارون,1,36743,0
کارون جاده اهواز خرمشهر,1,36743,0
کارون کارون حلال خاطرمه پارک چوبیش,1,36743,0
چشمه اب کوهرنگ چهارمحال وبختیاری سرچشمه زاینده اب استان خوزستان کرخه دز کارون ایل بختیاری,1,36743,0
دارخوین,1,36743,0
پل زاینده کارون,1,36743,0
دارخوین کارون,1,36743,0
بلوار کارون پل سفید,1,36743,0
دهدز اهواز کارون ایذه,1,36743,0
کارون سد گتوند کوه نمک سد اب,1,36743,0
کرکوک کارون,1,36743,0
چهارمحال زاینده کارون کارون,1,36743,0
کارون چهارمحال بختیاری خوزستان,1,36743,0
کارون خلیج ابد فارس,1,36743,0
خخخ شط کارون,1,36743,0
کارون اصفهان چشمه کوهرنگ,1,36743,0
کارون پل سفید اهواز,1,36743,0
پل سفید کیانپارس,1,36743,0
خوزستان شوش دزفول شوشتر سد کارون دشت سوسن,1,36743,0
رشت اهواز کارون,1,36743,0
بندر اندیو,1,36743,0
خرمشهر کارون خلیج فارس,1,36743,0
یادمان اروند,1,36743,0
زاینده یزد رود کرمان رود قمرود,1,36743,0
لشکر اباد کارون,1,36743,0
اهواز اهواز شمال اهواز کارون,1,36743,0
کارون کوت عبدالله,1,36743,0
شط کارون سایع داغی,1,36743,0
پارک هنرمندان شجریان باغ فاتح عمارت اکبریان پل حافظیه ارم امین,1,36743,0
اهواز مشیر غرب کارون,1,36743,0
اهواز کارون گل,1,36743,0
منطقه نفتی غرب کارون,1,36743,0
سرپل کارون,1,36743,0
رودخانه کارون خرمشهر شلمچه,1,36743,0
خرمشهر اهواز,1,36743,0
کویر لوت نمک ابرود,1,36743,0
شهرستان کوهرنگ کارون زاینده,1,36743,0
استانبول کارون زیبا,1,36743,0
تهران بلوار اندرزگو خیابان کارون,1,36743,0
کارون زندان,1,36743,0
باغهای مازندران,1,36743,0
استانهای خوزستان و چهارمحال بختیاری,1,36743,0
لشکر,1,36743,0
کارون لشکر اباد م اهواز,1,36743,0
دریاچه ارومیه ازر بایجان جنوبی کارون ملک عربستان الاح واز,1,36743,0
بوستان هماهنگی دانشگاه چمران,1,36743,0
میرداماد,1,36743,0
خیابان فرح تهران منطقه توس رودخانه حبیب الله مخصوص کارون هاشمی تگزاس,1,36743,0
کارون شهرستان گتوند خوزستان,1,36743,0
کارون باغ فردوس کارون,1,36743,0
روستای غرب کارون خرمشهر,1,36743,0
سد کارون شهرستان لردگان san,1,36743,0
دشت سوسن رودخانه کارون خوزستان,1,36743,0
ابادان اهواز اروند کارون,1,36743,0
دریاچه سال خشک کارون,1,36743,0
هاشمی طوس جیحون کارون,1,36743,0
بوشهر ایران خاور میانه جهان کارون خیابان باغ زهرا,1,36743,0
خوزستان کارون چهارمحال بختیاری,1,36743,0
خرمشهر کارون اصفهان,1,36743,0
خوزستان کارون دزفول,1,36743,0
شهر کارون کارون,1,36743,0
غرب کارون غرب کارون,1,36743,0
زاگرس سد کارون,1,36743,0
خوزستان ساحل کارون,1,36743,0
روستاهای الخرجین دیم نجم و کفیشه,1,36743,0
کارون دریاچه ی ارومیه زاینده بختگان شادگان هورالعظیم هامون پریشان تالاب انزلی ایران,1,36743,0
کارون بهمنشیر استانهای اصفهان کرمان یزد استان خوزستان,1,36743,0
اهواز خیابان اصل کیانپارس مال کارون,1,36743,0
خوزستان ایلام ابادان اهواز باوی بستان ماهشهر حسینیه حمیدیه خرمشهر شادگان شوش شوشتر کارون هویزه گتوند صفی دزفول ایلام,1,36743,0
ابادان اهواز باوی بستان ماهشهر حسینیه حمیدیه خرمشهر شادگان شوش شوشتر کارون هویزه گتوند و صفی دزفول ایلام,1,36743,0
سد کارون طبیعت چغازنبیل,1,36743,0
غرب شرق کارون خارک,1,36743,0
دریاچه خلیج فارس کارون چیتگر,1,36743,0
پل کابلی میندازم کارون,1,36743,0
کارون سیدنی,1,36743,0
نهر کارون اصفهان فارس اصفهان,1,36743,0
کشور ن کارون,1,36743,0
کارون زاینده ارومیه,1,36743,0
نفت اهواز,1,36743,0
رودخانه کارون اهواز رودخانه کارون پارک ساحلی جنب پل پنجم اهواز,1,36743,0
سد کارون گتوند,1,36743,0
فریدون شهر اصفهان روستای برداسیاب زاینده کارون,1,36743,0
اهواز دارین کارون,1,36743,0
اهواز ابادان بهبهان دزفول رامهرمز کارون مشیر امیدیه اندیمشک,1,36743,0
پارک ساحلی اهواز کارون,1,36743,0
خوزستان اهواز ابادان بهبهان دزفول رامهرمز کارون امیدیه اندیمشک هفتکل اغاجاری باغملک خرمشهر ایذه شوش اندیکا باوی ماهشهر دشت ازادگان حمیدیه شوشتر شادگان,1,36743,0
چهارمحال کوهرنگ کارون,1,36743,0
سد گتوند کارون کارتاژ,1,36743,0
سابا,1,36743,0
سد گوتو ایران رودخانه اب کارون کارون اب سور خوزستان خوزستان,1,36743,0
ساحل کارون کارون,1,36743,0
سفید کارون,1,36743,0
اهواز کارون پل کابلی پل سفید لشکر دزفول اهواز دزفول شوش شهر شوش شوشتر,1,36743,0
کارون رفتی,1,36743,0
کرخه کارون خوزستان,1,36743,0
پل کارون نجف,1,36743,0
کارون بندرگاه ناصری اهواز,1,36743,0
رودیم کارون,1,36743,0
شهر عشقی کارون,1,36743,0
جنوب حمیدیه اهواز خرمشهر ابادان کارون خرمشهر اهواز دزفول,1,36743,0
بشار خرسان شیراز یزد بویراحمد و بختیاری بویراحمد و بختیاری خوزستان رودخانه کارون کارون,1,36743,0
تجریش دربند اروند,1,36743,0
روستا کارون,1,36743,0
بادرود کارون,1,36743,0
تونل کوهرنگ کارون اصفهان یزد سد تونل کوهرنگ رودخانه کوهرنگ و بیرگان زردکوه بختیاری کارون,1,36743,0
کوهرنگ لر کارون کوهرنگ زاینده,1,36743,0
کارون جیحون قصر الدشت شیراز باغیه,1,36743,0
جسر بهمنشیر رودخانه بهمنشیر,1,36743,0
کارون سد کارون سد کارون,1,36743,0
خانه شقایق,1,36743,0
پل جهان اراش,1,36743,0
خان که کارون,1,36743,0
اهواز کیانپارس کارون,1,36743,0
کربلا قم,1,36743,0
رشت مازندران خزر کارون اهواز جهان خراسان,1,36743,0
کارون دریا کارون,1,36743,0
دجله بغداد کارون اهواز,1,36743,0
پارک ملی کرخه سد دز اهواز خرمشهر ابادان رودخانه کارون,1,36743,0
کارون اهواز استان عزیز خوزستان کارون اهواز ایران زمین,1,36743,0
کارون اروند,1,36743,0
ملی,1,36743,0
اهواز کارون بیمارستان اهواز شهرستان کارون شهر کوت عبدالله,1,36743,0
نفت کارون,1,36743,0
تجریش دماوند,1,36743,0
تهران خیابان اذربایجان مابن کارون,1,36743,0
زاینده خشک کارون دریاچه ارومیه,1,36743,0
کارون خشک البرز دماوند,1,36743,0
شهرستان کارون روستای کوت عبدالله,1,36743,0
کارون کاتیج رودخانه تایمز تیمز,1,36743,0
اهواز کارون کارون ایذه شهرکرد ایران,1,36743,0
دزفول کارون شوشتر شوشتر,1,36743,0
کرانه کارون,1,36743,0
رودخانه اسم کارون دز,1,36743,0
سفید شهر اهواز شهر اهواز کارون,1,36743,0
زاینده کارون روستاهای کوهرنگ,1,36743,0
کارون تونل کوهرنگ کارون تونل کوهرنگ,1,36743,0
اباده تهران کارون کمپول اهواز خوزستان,1,36743,0
اهواز پل طبیعت کارون,1,36743,0
مهزیار اهوازی پل تمدنها هفتم رستوران ریف گذران کارون,1,36743,0
اره کارون,1,36743,0
خوزستان شهرستان اغاجاری شهرستانهای اهواز امیدیه اندیکا اندیمشک ابادان بهبهان حمیدیه مشیر رامهرمز شادگان شوشتر کارون,1,36743,0
سد دز رودخانه کارون,1,36743,0
پل کابلی کارون,1,36743,0
استان کارون خوزستان,1,36743,0
ساحل رامسر,1,36743,0
کارون روده,1,36743,0
ساحل کارون خرمشهر اهواز ساحل ژن خورده اسکلهها خرمشهر,1,36743,0
دجله فرات کارون اروند,1,36743,0
رودخانه کارون صحرای سینا,1,36743,0
کارون الدن گ خان,1,36743,0
استادیوم ازادی,1,36743,0
اصفهان اونو,1,36743,0
زمین کارون اهواز دزفول سد کرخه اصفهان,1,36743,0
کارون تونل کوهرنگ تنول چشمه لنگان خدنگ ستان زاینده زاینده,1,36743,0
پارک ملی کرخه حفاظت میشداغ تالاب شادگان سد دز شهرهای اهواز خرمشهر و ابادان کارون,1,36743,0
کارون تیریری سپی غاپی چا پسی کرحه لیونی هغه خه کوه زره دی غواری,1,36743,0
دریای مارمارای استانبول,1,36743,0
اهواز کوی شریعتی کوت عبدالله شهرستان کارون خوزستان کوت عبدالله,1,36743,0
شهرستان خوزستان شهرستانهای اهواز کارون باوی و حمیدیه,1,36743,0
خوزستان شهرستان اهواز کارون باوی و حمیدیه فارس,1,36743,0
شط کارون شط کارون ساحل کارون,1,36743,0
شمال و جنوب کشور ساحل رودخانه ی کارون اهواز,1,36743,0
چهارراه نادری گل گندم,1,36743,0
بیمارستان شهریار خیابان کارون,1,36743,0
اروند کارون درود,1,36743,0
اهواز کارون بندر دیلم,1,36743,0
خرمشهر اروپا,1,36743,0
استان خوزستان رودخانه کارون,1,36743,0
ساحل کارون گل باران,1,36743,0
شهرهای شوش اهواز ابادان کارون,1,36743,0
لشکر اباد پل قشنگ کابلی,1,36743,0
استان اهوازی بروجرد کارون اهواز خرمشهر بهشهر خرمشهر,1,36743,0
ایران رودخانه تاسیس ابادان کارون,1,36743,0
دجله کارون دجله دجله,1,36743,0
کوت عبدالله شهرستان کارون,1,36743,0
کارون اصفهان اهواز م دزفول,1,36743,0
سد کارون ی سد روستا,1,36743,0
استان اصفهان فریدن سمیرم کارون,1,36743,0
زاینده ارتباطی کارون,1,36743,0
پل بحر شهرستان کارون,1,36743,0
کوهرنگ حوضه کارون استان اصفهان,1,36743,0
دوکوهه شلمچه طلایی شرق کارون فکه,1,36743,0
خوزستان کارون تهران,1,36743,0
کشور کارون خوزستان,1,36743,0
چلگرد چهارمحال زاینده و کارون,1,36743,0
مسجد وکیل شیراز مسجد جامع یزد کلیسای سنت استپانوس جلفا خانه ی مقدم پل کارون اهواز,1,36743,0
اهواز کارون کیانپارس,1,36743,0
اهواز کارون دریا,1,36743,0
دربند درکه توچال تنگ طرقبه شاندیز مشهد جاده ساحلی اهواز کارون زاینده دلم,1,36743,0
رستوران نگین کارون,1,36743,0
کارون شوشتر شوشتر,1,36743,0
شوشتر شوشتر,1,36743,0
دریاچه ارومیه کارون زاینده هیرمند,1,36743,0
اهواز کارون کارون کارون,1,36743,0
سد زاینده زاینده زرین کوه چهارمحال کارون خوزستان اصفهان,1,36743,0
کارون زاینده استان اصفهان سمیرم خوزستان,1,36743,0
زاینده کوهرنگ چهارمحال و کارون تونل کوهرنگ سد زاینده,1,36743,0
حوضه کارون زاینده استان اصفهان خوزستان اصفهان خوزستان,1,36743,0
کارون زاینده روده شرق جنوب غرب,1,36743,0
چهارمحال م کارون زاینده سرچشمه,1,36743,0
واز کارون شط العرب,1,36743,0
سد کارون استان چهارمحال وبختیاری چهارمحال ی خوزستان چهارمحال سد زاینده,1,36743,0
سد دز کارون,1,36743,0
حم کارون,1,36743,0
زاگرس کارون زاینده,1,36743,0
چهارمحال وبختیاری کویر کویر رودخانه زاینده کارون پل خان,1,36743,0
دغه زما نوم درنه کارون خراب,1,36743,0
کارون چخبر گاومیشا,1,36743,0
استان اصفهان خوزستان کارون زاینده روده,1,36743,0
رودخانه کارون اهواز رودخانه کارون,1,36743,0
خوزستان امیدیه,1,36743,0
قم نجف,1,36743,0
خوزستان سد گتوند سد کارون,1,36743,0
گتوند کارون رودخانه دز,1,36743,0
اهواز رستوران بابل کارون,1,36743,0
اهواز چهارراه نادری گل زیرپ,1,36743,0
قلعه حسن خان شیروان تربت حیدریه شاهرود نهاوند کازرون بندر عباس ماهشهر کرمانشاه ایذه بویین زهرا لردگان ملارد پرند کارون زیویه سقز فولادشهر اصفهان دهگلان میبد تفت,1,36743,0
شرق کارون میدان نفتی سهراب غرب کارون خلیج فارس,1,36743,0
دجله و فرات کرخه و کارون هویزه رودخانههای کرخه و کارون,1,36743,0
خوزستان سد کارون و کارون حوضه مارون,1,36743,0
رودخانه کارون پل جزیره سفید بیمارستان رازی,1,36743,0
بندری ای ساحل کارون,1,36743,0
پتروشیمی کارون بندر,1,36743,0
دریاچه ارومیه بختگان زاینده کارون,1,36743,0
کارون ابادان کارون اهواز,1,36743,0
پایههای,1,36743,0
شهر دورن سد کارون کارون پیشا,1,36743,0
ایران کارون کنگ مسقط دوبی,1,36743,0
سیستان و بلوچستان کارون کرخه کردستان کرمانشاه,1,36743,0
گتوند کارون کرخه خرداد,1,36743,0
پل سفید اهواز رودخانه کارون اهواز,1,36743,0
رودخانه کارون کارون,1,36743,0
ایران دریاچه ارومیه سرسبز لرستان کارون,1,36743,0
دریاچه ارومیه ایران کارون,1,36743,0
تقاطع قصردشت طوس طوس,1,36743,0
کارون ولش ولش,1,36743,0
کارون زاینده رودتون,1,36743,0
کارون اروندرود جنوب کشور,1,36743,0
رودخانه شوشتر جزیره شرق رودخانه رد کارون گرگر,1,36743,0
کارون اریانا خیابان سپه خیابان پدریان منطقه تهران,1,36743,0
الیگودرز کوهرنگ کارون,1,36743,0
خوزستان استان فارس کهگیلویه شمال استان خوزستان ایذه جزیره هلن سد کارون باغملک کارد گچساران,1,36743,0
رودخانه کارون اهواز کارون,1,36743,0
کارون کوت عبدالله لشگر شهر اهواز دزفول شوشتر شوش اندیکا شادگان,1,36743,0
پایانه یادگار دامپزشکی هاشمی طوس قصر الدشت کارون جیحون,1,36743,0
بندر افتاب بندر کارون کارون بندر بندر,1,36743,0
کارون دریاچه م دریاچه ارومیه,1,36743,0
کوچه کوچه ببرد سهروردی حکیم کارون,1,36743,0
پل هفتم اهواز کارون,1,36743,0
خوزستان اهواز ایران,1,36743,0
سلام اهواز دیار کارون,1,36743,0
شمال تهران استان کرمان هرمزگان کارون زاینده,1,36743,0
کارون زاینده زور,1,36743,0
رشت استان چهارمحال وبختیاری زاینده حوضه کارون استان چهارمحال و بختیاری استان اصفهان,1,36743,0
سد رودخانە کارون لالی,1,36743,0
داخ زم ور ره مخ کارون,1,36743,0
پل سفید اهواز,1,36743,0
شهر خوی شرق رودخانه کارون دارخوین,1,36743,0
پتروشیمی کارون پتروشیمی پارس پالایشگاه,1,36743,0
بیدبلند جهان خلیج فارس,1,36743,0
سفید کارون شهر اهواز اروندکنار شوشتر,1,36743,0
شهر شهرستان اسمش عوض دزپارت استان خوزستان چهارمحال و خوزستان دریاچه کارون کارون,1,36743,0
ایران غرب کارون خوزستان,1,36743,0
خوزستان کارون دز,1,36743,0
گچساران سد چم شیر سد تنگ سرخ شیراز مارون سد کارون,1,36743,0
پاریس نیویورک,1,36743,0
فضلاب کلانتری فلکه کارون,1,36743,0
کارون منطقه ماهشهر,1,36743,0
استانبول کارون,1,36743,0
دریاچه ارومیه زاینده کارون خزر خلیج فارس,1,36743,0
محله امانی اهواز کارون کارون خیابان دانشکده ادبیات,1,36743,0
رودخانه ی کارون,1,36743,0
هاوایی,1,36743,0
اصفهان ایران زمین تهران مشهد زاینده کارون,1,36743,0
سد کرخه کارون ایران,1,36743,0
شرق پارک کارون,1,36743,0
منطقه عملیاتی نفتی غرب کارون,1,36743,0
خانه کارون,1,36743,0
پل کابلی اهواز کارون,1,36743,0
اتوبان ساحلی غایت لوم کارون,1,36743,0
کارون ارومیه زاینده رود اصفهان,1,36743,0
دشت ازادگان کارون,1,36743,0
رودخانه دز کارون,1,36743,0
اهواز ناصری,1,36743,0
کلن بن اهواز ابادان راین کارون ارفورت یزد شلسویگ هولشتاین مکل نبورگ فورپومر چهارمحال بختیاری کهگیلویه وبویراحمد,1,36743,0
حله پل کارون حله,1,36743,0
پارک اب کارون,1,36743,0
کارون قصر,1,36743,0
تورنتو پاریس,1,36743,0
زاگرس مرکزی لرستان کهکیلویه و بویراحمد سرچشمههای کارون زاینده,1,36743,0
دهدز شهرستان دزپارت روستای دزپارت,1,36743,0
دی چهارمحال زاینده کارون و دز,1,36743,0
کارون اروند روان خلیج فارس دز کرخه بهمنشیر کاسپین,1,36743,0
کارون کرخه الاح واز,1,36743,0
اصفهان خوزستان کارون یزد,1,36743,0
خانه قدیمی کارون,1,36743,0
پل روگذر نهر بحر شهرستان کارون جاده اهواز ابادان,1,36743,0
مجتمع کارون خیابان حافظ و فردوسی,1,36743,0
کارون کاوه,1,36743,0
احمداباد ایزگاه متر کوی کارگر,1,36743,0
وزستان شوش اهواز ابادان کارون,1,36743,0
کارون شیراز,1,36743,0
پاساژ کارون عبدالحمد دوست,1,36743,0
حوزه کارون و دز,1,36743,0
کارون کهگیلویه وبویراحمد,1,36743,0
سد گتوند تهران لندن تورنتو,1,36743,0
زاینده و کارون ارومیه انزلی,1,36743,0
کارون زاینده کوهرنگ بختیاری کوهرنگ,1,36743,0
بلخ بغداد,1,36743,0
اهواز پل کارون,1,36743,0
سد کوثر مزایاش گچساران خوزستان سد مارون اصفهان کارون,1,36743,0
کارون ایران خلیج فارس,1,36743,0
حوزه ابریز کارون تونل کوهرنگ,1,36743,0
اصف یزد محال خوزستان یزد استان اصفانیا فریدن رودخانه تاش تاش,1,36743,0
کارون کارون کارون,1,36743,0
گم مارون ولش کارون ولش,1,36743,0
کارون ولششش,1,36743,0
ارومیه کارون,1,36743,0
زاینده دریاچه ارومیه سد کرج کارون,1,36743,0
رشت ایران کارون ایران رشت,1,36743,0
دریا اهواز شط کارون اهواز,1,36743,0
کرخه راین کارون دانوب,1,36743,0
قم کارون,1,36743,0
فریدونشهر اصفهان کارون زاینده شنبه زاینده استان اصفهان خوزستان,1,36743,0
بروجن کارون زاینده جان کارون,1,36743,0
زاینده چهارمحال کارون خوزستان اصفهان یزد کرمان,1,36743,0
روستاهای خوزستان اهواز روستای نگازه نگازه رودخانه کارون روستای نگازه شهرستان باوی درشمال اهواز,1,36743,0
پیاده کارون خرمشهر,1,36743,0
خوزستان اهواز روستای نگازه نگازه رودخانه کارون روستای نگازه شهرستان باوی شمال اهواز,1,36743,0
اروندکنار خلیج فارس دبی کارون بهمن,1,36743,0
زاینده بروجن سبزک وه کارون بروجن بروجن,1,36743,0
خلیج کاهش دبی کارون,1,36743,0
کارون شیر دجله فرات,1,36743,0
فریدونشهر اصفهان زاینده کارون,1,36743,0
رشت شرق لصفهان سامان ابم ال محاله چهارمحال سرما چهارمحال کارون لرستان,1,36743,0
کارون شیبان,1,36743,0
اروندکنار منطقه غصب درویش خلیج فارس کارون,1,36743,0
زاینده کارون سفیدرود,1,36743,0
خوزستان اروندکنار خلیج فارس کارون,1,36743,0
اهواز کارون پل سفید میدان چهارشیر محله کوی نیروی اهواز,1,36743,0
دروازه شمیران کارون اروند,1,36743,0
اروپا ابریز دز کرخه و کارون لرستان خوزستان چهارمحال و کهگیلویه و بویراحمد,1,36743,0
دجله فرات کارون بهمنشیر پمپاژ بهمنشیر اروند تاریخی دجله و فرات کارون هورالعظیم,1,36743,0
اباده اوسی مشره سپی غپیری کارون تیری,1,36743,0
گ صبه النصار اروندکنار,1,36743,0
پل سیا,1,36743,0
حمیدیه کارون,1,36743,0
نخلهای اروندکنار رودخانه کارون بهمن شیر اروندرود,1,36743,0
هور العظیم حوضه کرخه هورالعظیم کارون استان چهارمحال حوضه کارون,1,36743,0
هور ارتباطی کارون هورالعظیم حوضه کرخه کرخه کارون کرخه کارون,1,36743,0
اصفهان کارون زاینده کوه کویر مرکزی کارون زک,1,36743,0
چهارمحال حوضه کارون تونل و کوهرنگ خدنگ ستان چشمه لنگان چهارمحال خروجی اصفهان,1,36743,0
ریشتر خنگ ک رودخانه کارون,1,36743,0
سرزمین کارون,1,36743,0
زاینده کارون سیستان,1,36743,0
زاینده کارون هورالعظیم تالاب هامون تالاب انزلی تالاب انزلی,1,36743,0
کارون خلیج فارس خوزستان,1,36743,0
رودخانه سراب ولر ستان خوزستان ایران کارون زاینده,1,36743,0
ایران جنگل کوه ایران دریاچه ی ارومیه تالاب گاوخونی زاینده کارون معدن سونگون زاگرس ارس,1,36743,0
اهواز احمد محمود کارون,1,36743,0
کوهرنگ زاینده کارون,1,36743,0
دریاچه ارومیه کارون زاینده,1,36743,0
رودخانه کارون زاینده زاگرس,1,36743,0
رودخانه کارون ایذه اندیکا شوشتر اهواز,1,36743,0
اهواز دبی کارون,1,36743,0
کارون شهر اصفهان,1,36743,0
کرخه تالاب هورالعظیم کرخه,1,36743,0
زاینده کارون دریاچه ارومیه هامون هیرمند بختگان,1,36743,0
کارون شهرستان اردل میانکوه لردگان,1,36743,0
خزر سمنان ارومیه زاینده کارون,1,36743,0
پاساژ کارون پاساژ مرو,1,36743,0
کارون دز و غرب کشور,1,36743,0
ازاد خوزستان,1,36743,0
جنوب دریا جنوب ماهی جنوب ادویه جنوب کارون بندری جنوب,1,36743,0
ی حفاظت میانکاله,1,36743,0
میانکاله چابهار,1,36743,0
شاهرود میانکاله جهان زمین,1,36743,0
مازندران گیلان تجن انزلی میانکاله فریدونکنار,1,36743,0
دریای کاسپین شبه جزیره میانکاله,1,36743,0
منطقه حفاظت میانکاله ادیت,1,36743,0
بهبهان میانکاله مازندران,1,36743,0
تبرستان میانکاله,1,36743,0
خوزستان سراوان,1,36743,0
دریاچه ارومیه میانکاله اصفهان,1,36743,0
گرفتین میانکاله تالار حسن,1,36743,0
استانه فریدونشهر طبیعی لرستان تونل بزیند کارون زاینده ا,1,36743,0
میانکاله سراوان ایران,1,36743,0
سراوان مجتمع پتروشیمی میانکاله,1,36743,0
میانکاله ایران سیستان میانکاله مازندران مازندران,1,36743,0
سراوان تالاب میانکاله شمال جنوب شرق غرب اعضای,1,36743,0
ایران میانکاله سراوان,1,36743,0
گردی اشوراده میانکاله جزیره اشوراده تالاب المللی میانکاله,1,36743,0
میانکاله استان مازندران گلستان,1,36743,0
خلیج گر میانکاله میانکاله,1,36743,0
میانکاله مازندران دنیا,1,36743,0
خوزستان تالاب میانکاله,1,36743,0
ایرانه میانکاله ایران,1,36743,0
منطقه زیست بکر میانکاله,1,36743,0
پارک پردیسان احمدی نژاد,1,36743,0
خلیج گر تالاب میانکاله خلیج گر بندر گز بندر ترکمن,1,36743,0
میانکاله گا,1,36743,0
کاسپین ولگا ارال خلیج فارس,1,36743,0
سد گتوند میانکاله تالاب شادگان,1,36743,0
ایران پتروشیمی میانکاله,1,36743,0
خانه میرحسین,1,36743,0
میانکاله هیرکانی,1,36743,0
بهشت زهرا میانکاله,1,36743,0
سد تمیره میانکاله پلنگ,1,36743,0
میانکاله جزیره اشوراده اشوراده,1,36743,0
خلیج گرگان میانکاله,1,36743,0
مازندران شرق میانکاله,1,36743,0
قلعه دهستان میانکاله قوم قومیت ارومیه,1,36743,0
زاینده زاینده میانکاله دریاچه ارومیه هامون کارون کرخه دز ایران,1,36743,0
میانکاله ارومیه خلیج فارس,1,36743,0
شمال جنوب شرق و غرب ایران دریاچه ارومیه هورالعظیم خلیج زاگرس کاسپین سد گتوند پتروشیمی میانکاله ایران,1,36743,0
شمال پتروشیمی میانکاله,1,36743,0
کویر پتروشیمی میانکاله,1,36743,0
اکراین میانکاله,1,36743,0
میانکاله لاپ,1,36743,0
خانه بهانه بولدبشه میانکاله,1,36743,0
میانکاله اطراف تاش جهان,1,36743,0
فج میانکاله,1,36743,0
پتروشیمی میانکاله خلیج فارس,1,36743,0
میانکاله خلیج فارس بیدبلند,1,36743,0
پتروشیمی میانکاله درامد اف,1,36743,0
شهرک صنعت بهشهر شهرک صنعت امیراباد میانکاله,1,36743,0
دنیا میانکاله بهشهر,1,36743,0
میانکاله خلیج بهشهر,1,36743,0
استان گلستان زمین میانکاله پناهگاه میانکاله ایران,1,36743,0
منطقه حفاظت میانکاله مازندران,1,36743,0
بندر امیراباد منطقه میانکاله,1,36743,0
میانکاله سواحل مازندران,1,36743,0
خزر میانکاله خزر بندرگز,1,36743,0
کارون تونل کوهرنگ,1,36743,0
کوهرنگ میانکاله,1,36743,0
شوا میانکاله,1,36743,0
میانکاله منطقه گردشگری اشوراده,1,36743,0
بهشهر شرق استان میانکاله چهارقلعه,1,36743,0
مرتع جنوبی میانکاله,1,36743,0
مازندران شهرستان گلوگاه بهشهر میانکاله سفید ابشار سمبی,1,36743,0
پالایشگاه میانکاله هورالعظیم,1,36743,0
پلا,1,36743,0
ترکمن صحرا میانکاله,1,36743,0
بهشت روباهم میانکاله,1,36743,0
جهان میانکاله,1,36743,0
منطقه میانکاله جنوب نفت شرق مازندران,1,36743,0
میانکاله شبه جزیره جنوب شرق دریای خزر,1,36743,0
میانکاله خوزستان کارون میانکاله,1,36743,0
روستای حسین گوش میانکاله جنوب غرب,1,36743,0
مجتمع پتروشیمی میانکاله مجتمع پتروشیمی منطقه,1,36743,0
مازندران کره میانکاله خلیج گر,1,36743,0
شرق دریایی ویکی میانکاله,1,36743,0
خلیج گر اشوراده میانکاله,1,36743,0
ایران میانکاله جنگلهای سراوان,1,36743,0
میانکاله اشوراده شرق هیرکان شمال مازندران مرکزی غرب ویلا گیلان شمال شمال ایران هیرکان,1,36743,0
خلیج فارس سد گتوند پتروشیمی میانکاله فارس,1,36743,0
میانکاله شمال گرگان,1,36743,0
منطقه ی حفاظت ی میانکاله,1,36743,0
میانکاله میانکاله کنوانسیون,1,36743,0
اصفهان یزد میانکاله,1,36743,0
استانهای گیلان مازنداران و گلستان پتروشیمی میانکاله استان مازندران,1,36743,0
شهرک صنعت بهشهر امیراباد میانکاله,1,36743,0
صحرای حسین,1,36743,0
خاورمیانه بندر امیراباد صدرا نکا میانکاله عسلویه عسلویه,1,36743,0
میانکاله مازندران شهرک صنعت اشوراده بندر ترکمن,1,36743,0
شرق استان مازندران مهمی گلستان جزیره میانکاله جزیره قشم ایران میانکاله خلیج گر,1,36743,0
وین مسکو,1,36743,0
تالاب المللی میانکاله بام و دوه وا,1,36743,0
تالاب میانکاله پتروشیمی مازندران,1,36743,0
تالاب میانکاله نکا,1,36743,0
دریای کاسپین میانکاله,1,36743,0
میانکاله پتروشیمی مازندران میانکاله,1,36743,0
ایران مازندران تالاب میانکاله,1,36743,0
مجتمع پتروشیمی تالاب میانکاله,1,36743,0
حریم میانکاله ایران ایران زاینده کارون,1,36743,0
حیات وحش تالاب المللی میانکاله,1,36743,0
میانکاله اشوراده,1,36743,0
خارک عسلویه میانکاله,1,36743,0
میانکاله طال اب میانکاله ایران ایران ایران ایران,1,36743,0
مازندران گیلان میانکاله,1,36743,0
میانکاله الیگودرز قم میانکاله,1,36743,0
کویر سبزوار,1,36743,0
بیابان اصراریه میانکاله,1,36743,0
پتروشیمی حریم میانکاله,1,36743,0
پتروشیمی مازندران حفاظت جنوب غرب میانکاله شهرک صنعت بهشهر جنوب شرق میانکاله میانکاله گوگل,1,36743,0
میانکاله دریای خزر ایران,1,36743,0
بهشهر مازندران پتروشیمی میانکاله,1,36743,0
پتروشیمی میانکاله عسلویه,1,36743,0
خلیج گر عالم پناهگاه میانکاله,1,36743,0
میانکاله مازندران پتروشیمی میانکاله,1,36743,0
پتروشیمی میانکاله ساحل خزر,1,36743,0
مجتمع پتروشیمی میانکاله میانکاله,1,36743,0
دهستان میانکاله بهشهر,1,36743,0
ایران تالاب تالاب میانکاله چوپان جفتک,1,36743,0
میانکاله مجتمع پتروشیمی میانکاله میانکاله,1,36743,0
میانکاله تهران رامسر,1,36743,0
میانکاله منطقه شیراز,1,36743,0
منطقه سواد,1,36743,0
تالاب میانکاله خلیج گر میانکاله تالاب میانکاله خلیج گر,1,36743,0
مجتمع پتروشیمی میانکاله منطقه منصور,1,36743,0
میانکاله زاینده,1,36743,0
لالی ویلا بزونه مازرون ویلا هایته,1,36743,0
تالاب میانکاله بهشهر شمال دریای کاسپین جنوب خلیج گر غرب تالاب زاغمرز شرق اشوراده کانال باریک بندر ترکمن قدیما,1,36743,0
ساری میانکاله ایران ایران,1,36743,0
امیراباد مازندران پتروشیمی میانکاله,1,36743,0
میانکاله استان مازندران مازندران ایران,1,36743,0
میانکاله مازندران جهان ایران ایران,1,36743,0
ایران جنوب کشور,1,36743,0
ساری پتروشیمی میانکاله مازندران مازندران مازندران,1,36743,0
بندر ماهشهر ایران ایران میانکاله,1,36743,0
چیذر میانکاله زاگرس,1,36743,0
منطقه زیست محیطی میانکاله,1,36743,0
ایران پتروشیمی عسلویه میانکاله,1,36743,0
پف یوز مازندران,1,36743,0
زیست کره میانکاله,1,36743,0
مازندران میانکاله ایران,1,36743,0
پتروشیمی میانکاله ایران میانکاله ایران,1,36743,0
مازندران ˇ پتروشیمی میانکاله,1,36743,0
شرق استان مازندران استان گلستان جزیره میانکاله خلیج گر ایران,1,36743,0
مازندران بهشهر پتروشیمی میانکاله,1,36743,0
پتروشیمی استان سمنان میانکاله سمنان,1,36743,0
میانکاله جمعه,1,36743,0
سواحل شمال کشور,1,36743,0
پتروشیمی میانکاله اصفهان,1,36743,0
شاهرود میانکاله,1,36743,0
پتروشیمی میانکاله بهشهر,1,36743,0
پتروشیمی فولاد زاینده تالاب میانکاله مرداب انزلی,1,36743,0
نقطه پتروشیمی میانکاله میانکاله,1,36743,0
پتروشیمی میانکاله ماهشهر,1,36743,0
مجتمع پتروشیمی میانکاله ترکی پتروشیمی میانکاله,1,36743,0
حفاظت میانکاله,1,36743,0
حسین مرز میانکاله بهشهر,1,36743,0
حسین بهشهر پتروشیمی میانکاله,1,36743,0
میدان سرخس سرخس,1,36743,0
میانکاله جزیره میانکاله,1,36743,0
اشوراده اشوراده جزیره اشوراده,1,36743,0
سد فینسک میانکاله مازندران,1,36743,0
میانکاله خلیج گر اشوراده,1,36743,0
میانکاله تالاب میانکاله شرق اشوراده,1,36743,0
میانکاله چپ ورا و شمال و جنوب,1,36743,0
پتروشیمی ماهشهر ماهشهر,1,36743,0
استان سمنان,1,36743,0
حوزه نکا ساری جویبار نیروگاه نکا بهشهر میانکاله,1,36743,0
میانکاله پتروشیمی سمنان,1,36743,0
سمنان مازندران سمنان,1,36743,0
گلستان میانکاله میانکاله,1,36743,0
اشوراده جاده تالاب المللی میانکاله منطقه حفاظت میانکاله,1,36743,0
تالاب میانکاله گلستان میانکاله اشوراده میانکاله اشوراده,1,36743,0
میانکاله شمال,1,36743,0
شرق دریای مازندران خلیج میانکاله شبه جزیره اشوراده دراز,1,36743,0
میانکاله میانکاله خوزستان,1,36743,0
استان سمنان پتروشیمی میانکاله,1,36743,0
پتروشیمی میانکاله شکی,1,36743,0
ساختمان متروپل ساختمان پلاسکو,1,36743,0
منطقه پتروشیمی بندر هکتار,1,36743,0
میانکاله استان گلستانه مازندران,1,36743,0
پتروشیمی ماهشهر,1,36743,0
تالاب هورالعظیم رودخانه کارون دریاچه ارومیه تالاب میانکاله ایرانه,1,36743,0
اشتباه میانکاله شاهرود,1,36743,0
ایران اژه,1,36743,0
ماهشهر پتروشیمی اروند,1,36743,0
عسلویه میانکاله اروپا جهان,1,36743,0
رودان النهرین خاورمیانه,1,36743,0
میانکاله بهشهر جزیره اشوراده,1,36743,0
ایران چالوس میانکاله,1,36743,0
تجن میانکاله جلگه خزر گلستان خوزستان,1,36743,0
میانکاله اصفهان خوزستان,1,36743,0
اصفهان نیشابور کارون زاینده پریشان هامون ارومیه مشهد قم انزلی,1,36743,0
خوزستان میانکاله,1,36743,0
میانکاله میانکاله میانکاله,1,36743,0
حسین میانکاله,1,36743,0
پتروشیمی مکران خلیج چابهار منطقه حفاظت گاندو,1,36743,0
میانکاله سرخس مازندران,1,36743,0
هکتار مرتع امیراباد موسوم میانکاله,1,36743,0
پاستور پاستور میانکاله,1,36743,0
میانکاله شرق,1,36743,0
میانکاله عسلویه,1,36743,0
میانکاله هورالعظیم شمال و غرب مملکت,1,36743,0
کلاردشت کلاردشت استان گیلان و مازندران,1,36743,0
دریاچه ارومیه میانکاله,1,36743,0
تبریز خوزستان تهران پتروشیمی میانکاله ایرانه,1,36743,0
گیلان مازندران تالاب انزلی تالاب میانکاله البرز,1,36743,0
مازندران مازندران سد فینسک میانکاله هراز چالوس,1,36743,0
دشت مغان مرداب میانکاله,1,36743,0
پاسارگاد تنگه بلاغی,1,36743,0
سراوان میانکاله,1,36743,0
میانکاله جنوب کشور میانکاله,1,36743,0
شبه جزیره میانکاله ساحل بندرامیراباد جزیره اشوراده جنگل بادریا,1,36743,0
میانکاله تالاب میانکاله میانکاله,1,36743,0
میانکاله تالاب میانکاله تالاب میانکاله میانکاله,1,36743,0
میانکاله هورالعظیم ارومیه سیستان,1,36743,0
میانکاله ایران حیات وحش میانکاله,1,36743,0
مازندران بهشهر قايمشهر,1,36743,0
شمال کشور گتوند,1,36743,0
میانکاله خوزستان,1,36743,0
تالاب المللی میانکاله جلگه خزر,1,36743,0
اتش ارومیه زاینده میانکاله,1,36743,0
جزیره فارور,1,36743,0
میانکاله پتروشیمی افریده,1,36743,0
ایران رودخونههای کارون میناب جگ ین,1,36743,0
دریاچه قم کارون,1,36743,0
کارون کویر اصفهان استانهای منهای مازندران و گیلان,1,36743,0
بروجن حوضه کارون زاینده یزد,1,36743,0
اصفهان دشت اصفهان شادگان کارون,1,36743,0
خدام,1,36743,0
مراوه تپه کردکوی میانکاله کجور نور کلاردشت تنکابن کلاچای دیلمان تالش خلخال شرق غرب البرز جلگه هیرکان,1,36743,0
پتروشیمی میانکاله ایرانه,1,36743,0
منطقه حسین تالاب میانکاله,1,36743,0
تالاب المللی گاوخونی اصفهان میانکاله میانکاله زاینده و گاوخونی,1,36743,0
منطقه حسین تالاب میانکاله استان مازندران,1,36743,0
تالاب میانکاله خلیج گر تالاب میانکاله استانهای گلستان و مازندران غرب شرق مازندران,1,36743,0
مراتع میانکاله,1,36743,0
مرتع,1,36743,0
میانکاله دریای خزر,1,36743,0
میانکاله بستس,1,36743,0
خزر میانکاله مازندران,1,36743,0
شبه جریزه باریک میانکاله شمال دریای خزر جنوب خلیج گر شرق جزیره اشوراده غرب تالاب زاغمرز,1,36743,0
پتروشیمی میانکاله تالاب جهان مجتمع پتروشیمی میانکاله,1,36743,0
پتروشیمی منطقه,1,36743,0
میانکاله ایران پناهگاه حیات وحش میانکاله,1,36743,0
ورزشگاه مشهد,1,36743,0
پتروشیمی میانکاله گمیشان بندر ترکمن,1,36743,0
میانکاله میانکاله بهشهر,1,36743,0
سد فینسک ساری کویر سمنان,1,36743,0
مجتمع,1,36743,0
ساری میانکاله,1,36743,0
پتروشیمی میانکاله خوزستان,1,36743,0
میانکاله البرز کویر,1,36743,0
میانکاله خزر ارومیه هامون ایران,1,36743,0
میانکاله پتروشیمی مازندران,1,36743,0
شبه جزیره میانکاله تالاب میانکاله,1,36743,0
شهر اهواز د کارون شادگان,1,36743,0
شهرکرد سرچشمه کارون زاینده اصفهان خوزستان,1,36743,0
منطقه کارون خوزستان,1,36743,0
لشگر اباد اهواز کارون,1,36743,0
خزر اصفهان کارون خزر,1,36743,0
کارون پل اهواز,1,36743,0
صفهان بروجن,1,36743,0
اصفهان بروجن بروجن,1,36743,0
جهان اصفهان اصفهان دریاچه ارومیه کارون,1,36743,0
رودخانه کارون کانون شرق اهواز کانون غرب اهواز رودخانه کارون,1,36743,0
رودخانه کارون نیروگاه رامین اهواز,1,36743,0
خوزستان کارون خوزستان خوزستان,1,36743,0
اصفهان فریدن,1,36743,0
رودخانه کارون خیابان کارون,1,36743,0
حوضه کارون بن بروجن,1,36743,0
کارون اهواز کارون خرمشهر,1,36743,0
کارون پل غدیر,1,36743,0
کارون زاینده گاوخونی کارون,1,36743,0
استان اصفهان یزد خوزستان جهان کوهرنگ کارون زاینده,1,36743,0
کرانه کارون زاگرس مرکزی,1,36743,0
اهواز صنعت کارون,1,36743,0
کارون جان خوزستان کارون جان,1,36743,0
دریاچه ارومیه ایران اسراییل,1,36743,0
سد کارون اهواز,1,36743,0
نادری پل کارون پل نادری,1,36743,0
نهر مقعر کوه گیلویه خوزستان شط العرب زاینده و زاینده چهارمحال تاریخا دج یل اهواز کارون نهر جندیسابور رودخانه دز نهر طاب مارون ا,1,36743,0
مبارکه دردشت لنجان,1,36743,0
کارون کرخه حوضه کرخه کارون اصفهان,1,36743,0
شهر اهواز کارون خوزستان کارون دز کارون,1,36743,0
پالایشگاه ابادان اروند اهواز کارون,1,36743,0
رودخانه کارون گتوند,1,36743,0
گلستان شرق میانکاله اشوراده فا,1,36743,0
رودخانه کارون کانون شرق ارتباط مدیر,1,36743,0
پالایشگاه ابادان کارون,1,36743,0
کوهرنگ چهارمحال استان خوزستان فریدونشهر و سمیرم استاناصفهان کارون,1,36743,0
اصفهان تونل کوهرنگ کارون,1,36743,0
ایران ایران کشور ایران دریای مازندران چابهار زاینده قم کرمان یزد کارون شهرکرد کاشان,1,36743,0
شیراز قطب شمال واز,1,36743,0
شهر اهواز کارون اهواز شادگان,1,36743,0
اهواز رودخانه کارون کارون,1,36743,0
اهواز رودخانه کارون رودخانههای کارون و دز,1,36743,0
دریاچه خوارزم ارال سیحون جیحون کارون زاینده دریاچه ارومیه دریاچه خوارزم سیحون جیحون شوروی,1,36743,0
قند دزفول,1,36743,0
ازادی کارون,1,36743,0
اهواز ابادان رودخانه کارون اروند اروند اهواز,1,36743,0
استان خوزستان کارون استان زاینده خوزستان استان خوزستان,1,36743,0
کویر اصفهان یزد گاوخونی کارون دشت خوزستان اصفهان,1,36743,0
کویر اصفهان یزد ایران,1,36743,0
کیانمهر اروند کارون البرز,1,36743,0
کارون کارون ابادان خرمشهر,1,36743,0
بروجن کارون سمیرم فریدن فریدونشهر,1,36743,0
کرخه کارون کرخه,1,36743,0
تالاب میانکاله اشوراده,1,36743,0
اشوراده استان گلستانه میانکاله مازندران گلستان گلستان خلیج گر مازندران میانکاله,1,36743,0
شهر شهر ترکی اشوراده تالاب میانکاله عمقی اب کاسپین گلستان,1,36743,0
اشوراده خطر میانکاله,1,36743,0
میانکاله اشوراده میانکاله,1,36743,0
گلستان بندر ترکمن اشوراده میانکاله,1,36743,0
خلیج میانکاله,1,36743,0
جزیره میانکاله جزیره جزیره پناهگاه حیات وحش میانکاله,1,36743,0
ایران جزیره میانکاله,1,36743,0
امیراباد سرباز منطقه ترکمن و ترک گلوگاه مازندرانی اشوراده میانکاله و مازندران بندر ترکمن,1,36743,0
جزیره میانکاله میانکاله,1,36743,0
میانکاله ایران اسراییل فلسطین میانکاله,1,36743,0
جزیره اسماعیل سای پناهگاه حیات وحش میانکاله,1,36743,0
جزیره میانکاله جزیره اسماعیل سای پناهگاه حیات وحش میانکاله,1,36743,0
جزیره پناهگاه حیات وحش میانکاله,1,36743,0
جزیره اسماعیل سای حیات وحش میانکاله,1,36743,0
منطقه حفاظت میانکاله میانکاله,1,36743,0
میانکاله میانکاله میانکاله جزیره اسمال سای,1,36743,0
مازندران میانکاله اشوراده مازندران مازندران میانکاله استان گلستان,1,36743,0
تالاب المللی میانکاله سواحل اشوراده,1,36743,0
جزیره میانکاله خبر,1,36743,0
مازندران میانکاله دریای خزر اشوراده مازندران,1,36743,0
تالاب کاله,1,36743,0
میانکاله زالوها,1,36743,0
جزیره اسماعیل سای میانکاله,1,36743,0
تالاب المللی میانکاله ساحل اشوراده,1,36743,0
شمال ایران سواحل اشوراده تالاب میانکاله,1,36743,0
جزیره ی میانکاله,1,36743,0
میانکاله ایران جهان,1,36743,0
بندر ترکمن استان مازندران میانکاله میانکاله,1,36743,0
دریای خزر تالاب میانکاله تالاب پخ,1,36743,0
کلانتری میانکاله,1,36743,0
گلوگاه مازندران اشوراده گلستان,1,36743,0
تالاب میانکاله و انزلی جهان,1,36743,0
دماوند ساری,1,36743,0
ساری دماوند میانکاله دماوند دماوند,1,36743,0
جنوب شرق خزر بندرترکمن ایران جزیره میانکاله ایران گلستان,1,36743,0
میانکاله ساری,1,36743,0
خلیج گر تالاب میانکاله خلیج گر دریای خزر تالاب میانکاله,1,36743,0
میانکاله جنگل شن زار استان مازندران جزیره میانکاله,1,36743,0
میانکاله اشوراده کوههای هزارجریب غرب منطقه جنوب ش,1,36743,0
جنوبی شرق غرب و مرکزی شمال ایران میانکاله هورالعظیم,1,36743,0
میانکاله شبه مازندران گلستان,1,36743,0
خلیج گر شهرهای مرکزی و شرق مازندران و غرب استان گلستان دریای خزر خلیج گر تالاب میانکاله,1,36743,0
جزیره میانکاله شبه جزیره,1,36743,0
رضا جان میانکاله محموداباد فریدونکنار,1,36743,0
خزر تالاب میانکاله,1,36743,0
دریای خزر تالاب میانکاله,1,36743,0
تالاب میانکاله استان مازندران شمال بهشهر منطقه حفاظت المللی ثبت دیماه میانکاله,1,36743,0
هورالعظیم تالاب کاله,1,36743,0
تالاب میانکاله کشور کشور,1,36743,0
تالاب میانکاله ایران,1,36743,0
میانکاله مازندران میانکاله,1,36743,0
شمال دیک,1,36743,0
پتروشیمی میانکاله باست ی هیلز,1,36743,0
روستای حسین روستاهای میانکاله,1,36743,0
اردبیل میانکاله,1,36743,0
میانکاله قالیباف,1,36743,0
میانکاله قوم دیوسیرت,1,36743,0
میانکاله تالاب شادگان خوزستان هورالعظیم,1,36743,0
ایران منطقه میانکاله,1,36743,0
شرق استان مازندران میانکاله بهشهر بابلسر,1,36743,0
میانکاله زیرزمین میانکاله فلات ایران ایران,1,36743,0
سد گتوند میانکاله,1,36743,0
تالاب المللی شادگان مراتع میانکاله درشمال,1,36743,0
میانکاله شمال ایران,1,36743,0
مجتمع صنعت تالاب میانکاله,1,36743,0
میانکاله دریای مازنداران,1,36743,0
کره میانکاله,1,36743,0
میانکاله گرگان میانکاله بهشهر مازندران,1,36743,0
میانکاله کشور ایران,1,36743,0
دریاچه میانکاله گیلان میانکاله,1,36743,0
شهرستانهای بهشهر و گلوگاه منطقه حفاظتی میانکاله,1,36743,0
منطقه پارس منطقه میانکاله,1,36743,0
هورالعظیم میانکاله,1,36743,0
میانکاله جهان,1,36743,0
شمال کشور پتروشیمی میانکاله,1,36743,0
زاینده میانکاله,1,36743,0
شهرک صنعت بهشهر میانکاله میانکاله,1,36743,0
استان گلستان و مازندران جزیره اشوراده پتروشیمی میانکاله استان گلستان,1,36743,0
شهرستان بهشهر,1,36743,0
استان مازندران بهشهر محیط زیست میانکاله,1,36743,0
میانکاله ایران میانکاله,1,36743,0
ساختمان پاستور,1,36743,0
امیراباد میانکاله روستای امیراباد منطقه صنعت بندر میانکاله,1,36743,0
میانکاله پارک ملی کرخه,1,36743,0
شبه جزیره میانکاله مازندران,1,36743,0
البرز میانکاله رشت,1,36743,0
پتروشیمی میانکاله استان مازندران,1,36743,0
مازندران مازندران میانکاله گلستان استان گلستان,1,36743,0
جان,1,36743,0
مکران نداری ن میانکاله بهشهر شمال پتروشیمیه,1,36743,0
بهشر میانکاله منطقه امیراباد,1,36743,0
پالایشگاه میانکاله,1,36743,0
ایران خلیج فارس شازند ارومیه میانکاله خلیج فارس,1,36743,0
میانکاله غرب منطقه,1,36743,0
ایران استانهای غرب مرکزی جنوبی,1,36743,0
هورالعظیم تالاب میانکاله,1,36743,0
میانکاله پتروشیمی انزلی,1,36743,0
میانکاله مرداب انزلی,1,36743,0
بهشهر خوزستان اصفهان میانکاله,1,36743,0
مازندران میانکاله خوزستان اصفهان,1,36743,0
پتروشیمی میانکاله البرز سد فینسک دریای کاسپین کویر,1,36743,0
رشت اصفهان چهارمحال وبختیاری,1,36743,0
شهر شهرستان کارون,1,36743,0
خوزستان فولاد اصفهان خوزستان خوزستان اصفهان فولاد اصفهان کارون کویر مرکزی ایران,1,36743,0
ایران زاینده رود کارون زاگرس,1,36743,0
اصفهان کارون دریاچه ارومیه هامون هور العظیم,1,36743,0
کرخه رودخانه کارون خرمشهر ابادان شادگان دشت ازادگان,1,36743,0
فارس اصفهان کارون ارومیه,1,36743,0
چهارمحال وبختیاری لرستان اصفهان کارون,1,36743,0
یزد اصفهان یزد کارون,1,36743,0
کارون ارومیه زاینده,1,36743,0
ایران حوضه کارون بن بروجن زاینده یزد,1,36743,0
تالاب انزلی کرمانشاه زاینده اصفهان,1,36743,0
کارون کرخه دز ایذه سوسنگرد,1,36743,0
اصفهان یزد کارون اصفهان,1,36743,0
شهر ابادان خرمشهر اهواز اروندکنار کارون بندرامام جزیره مینو چويبده اندیمشک خوزستان,1,36743,0
کارون کارون استان فارس سراب بشار,1,36743,0
کرمان اصفهان,1,36743,0
اصفهان زاینده کوه زاگرس کارون اب یزد اصفهان,1,36743,0
زاینده خزر زاینده خلیج فارس زاینده کارون,1,36743,0
یزد کارون زاینده زاینده,1,36743,0
اصفهان اصفهان زاینده کارون کارون خرمشهر ابادان,1,36743,0
کارون کارون اصفهان یزد,1,36743,0
زاینده استان اصفهان شرق اصفهان زاینده خشکه کارون اصفهان,1,36743,0
دریاچه ارومیه کارون زاینده ناهار,1,36743,0
استانهای همدان مرکزی اصفهان چهارمحال لرستان و کهکیلویه کارون استان اصفهان سمیرم و فریدونشهر,1,36743,0
شادگان بیمارستان کارون,1,36743,0
شادگان کارون,1,36743,0
اصفهان یزد کارون اصفهان اصفهان یزد کارون اصفهان,1,36743,0
دریاچه گاوخونی ارومیه هامون کارون,1,36743,0
استان سرچشمه کارون زاینده تپه کرامت حافظی,1,36743,0
خزر ایران اصفهان,1,36743,0
کارون کارون گرگر شطیط کارون اهواز خوزستان,1,36743,0
اصفهان کارون اهواز دریاچه ارومیه ایران تهران,1,36743,0
خوزستان کارون خار,1,36743,0
خلیج فارس اصفهان یزد زاینده نجات یزد کارون اصفهان,1,36743,0
خوزستان کرخه کارون کارون کرخه لرستان کارون کرخه,1,36743,0
استانهای اصفهان چهارمهال چهارمحال حوزه کارون استان اصفهان زاینده,1,36743,0
استان چهارمحال و بختیاری استان اصفهان کارون خوزستان,1,36743,0
اهواز زاگرس کرخه و دز کارون,1,36743,0
تهران زاینده دریاچه ارومیه کارون دریای خزر,1,36743,0
خوزستان اصفهان حوزه کارون خوزستان زاینده استان چهارمحال و اصفهان خوزستان استان اصفهان,1,36743,0
شوشتر کارون تان بزن خوشی میمیمیر,1,36743,0
رودخانه زاینده زاینده کارون جلگه خوزستان کارون,1,36743,0
بندر کارون بهمنشیر احمداباد ابادان پاریس,1,36743,0
ایران ایران زاینده کارون ایران,1,36743,0
اصفهان ارس قزل اوزن سفید کرخه کارون و دز,1,36743,0
کارون ربطی زاینده,1,36743,0
اهواز دریاش ساحل کارون کارون,1,36743,0
اروند کارون تهران,1,36743,0
اصفهان یزد اصفهان کارون اصفهان خوزستان,1,36743,0
اصفهان زاینده رود کارون کرخه زاینده رود,1,36743,0
طلافروشا کاوه شیراز,1,36743,0
چهارمحال بختیاری کارون کارون چهارمحال بختیاری,1,36743,0
ایذه باغملک رودخانه خرسان استان کهگیلویه وبویراحمد رودخانه کارون خوزستان رودخانه خرسان,1,36743,0
کارون کوهرنگ استانهای کرخه کرمانشاه,1,36743,0
کارون کارون زاینده زرد کوهه,1,36743,0
تونل کارون زاینده مارگون,1,36743,0
کارون کرخه دز جلگه خوزستان,1,36743,0
زاینده کوهرنگ زاگرس اصفهان یزد کرمان,1,36743,0
دجله فرات فرات کارون اروند,1,36743,0
کارون هامون زاینده تنگستان,1,36743,0
کارون منطقه کوهرنگ نیت جنوب و بختیاری,1,36743,0
کوهرنگ استان چهارمحال و بختیاری کوهرنگ استان اصفهان سرچشمه کارون زاینده روده,1,36743,0
بو,1,36743,0
زاینده رود خوزستان کارون زاینده بفرستن یزد کرمان اصفهان,1,36743,0
رودخانه اصفهان جنوبی غرب خوزستان کارون,1,36743,0
کارون دز اصفهان,1,36743,0
شط,1,36743,0
شط اهواز,1,36743,0
اصفهان کارون زاینده کارون دشت چهارمحال,1,36743,0
منطقه باوی شمال شهر اهواز,1,36743,0
میدان نقش جهان کارون چابهار رشت اهواز جهان,1,36743,0
سمیرم سد دز کارون,1,36743,0
اهواز کارون سیستان بلوچستان هامون,1,36743,0
شهر کارون,1,36743,0
اصفهان سرچشمه گاوخونی کارون,1,36743,0
اصفهان زاینده یزد کارون,1,36743,0
اهواز کارون شهر,1,36743,0
یزد اصفهان کارون اصفهان,1,36743,0
شرق اصفهان کارون اصفهان,1,36743,0
استانهای کویری یزد یزد کارون کوههای اصفهان,1,36743,0
چهارراه کنت لاله زارنو هتل اعیونی بهنام کارون,1,36743,0
اهواز کارون زاینده خشکه حومه,1,36743,0
کارون اهواز دریاچه ارومیه ارومیه تبریز,1,36743,0
کارون اصفهان اصفهان خوزستان,1,36743,0
قم سرچشمه کارون زاینده,1,36743,0
اصفهان یزد اصفهان اصفهان یزد اصفهان اصفهان,1,36743,0
کارون کارون کارون کارون,1,36743,0
زاینده کارون کارون اصفهان اصفهان یزد,1,36743,0
اصفهان اهواز ارومیه کارون دریاچه ارومیه,1,36743,0
خوزستان کارون اصفهان اصفهان یزد,1,36743,0
سن لوران,1,36743,0
کارون اصفهان کوهرنگ زاینده,1,36743,0
شمال جنوب و شرق و دریاچه ارومیه کارون,1,36743,0
دز کرخه کارون گتوند قم یزد کرمان,1,36743,0
زاینده کارون خلیج فارس,1,36743,0
اصفهان اصفهان خوزستان کارون,1,36743,0
کارون اصفهان اصفهان اصفهان اصفهان یزد,1,36743,0
زاینده نقاط کارون,1,36743,0
رودخانه کارون جلگه خوزستان,1,36743,0
خوزستان کارون زاینده زاینده,1,36743,0
رودخانه کارون و کرخه,1,36743,0
ی کارون پل سفید اهواز میدان خیابان متر متر کافه خیام,1,36743,0
اصفهان زاینده هفتاد کابل,1,36743,0
اصفهان سد زاینده شرق,1,36743,0
اصفهان اصفهان ساختمان دادگستری کشاورز اصفهان زاینده,1,36743,0
تالاب کویری یزد,1,36743,0
زاینده دادگستری اصفهان,1,36743,0
اصفهان زاینده تهران,1,36743,0
رودخانه سیدنی زاینده شرف,1,36743,0
پل زمانخان زاینده زیبا,1,36743,0
زاینده اصفهان کارون خور ستان چهارمحال خوزستان یزد کاشان,1,36743,0
اصفهان کارون اهواز عربستان الاح وازیه,1,36743,0
خوزستان رودخانه کارون,1,36743,0
خوزستان استان فریدونشهر اصفهان کارون اصفهان اصفهان خوزستان,1,36743,0
ایران کوهرنگ کارون,1,36743,0
خراسان خوزستان رودخانه رودخانه کارون,1,36743,0
کارون کارخونه ایران,1,36743,0
کارون اصفهان اصفهان یزد خوزستان بختیاری سرچشمه ابشون یزد اصفهان,1,36743,0
اهواز کارون ایران,1,36743,0
اب کارون ضلع شرق زردکوه زاینده گاوخونی کارون اصفهان اصفهان قم یزد,1,36743,0
تونل کوهرنگ کارون یزد اصفهان,1,36743,0
سد کارون اصفهان زاینده سمیرم,1,36743,0
اصفهان کارون ارومیه اصفهان کارون ارومیه,1,36743,0
دریاچه ارومیه کارون زاینده اصفهان ایران,1,36743,0
زاینده کارون بختگان ارومیه مرداب گاوخونی,1,36743,0
استان خوزستان رامهرمز بهبهان کارون زهره ابریز کارون,1,36743,0
زاینده زاینده کارون جنوبی خوزستان,1,36743,0
زاینده غرب شرق اصفهان,1,36743,0
فلات مرکزی اصفهان زاینده زاینده,1,36743,0
زاینده اب اب صفا,1,36743,0
شیراز اصفهان زاینده نظیر پاریس,1,36743,0
اصفهان زاینده دوش,1,36743,0
سد زاینده برود,1,36743,0
زاینده پل زمانخان شهرستان سامان,1,36743,0
زاینده شیراز,1,36743,0
اصفهان زاینده خره,1,36743,0
ارومیه هامون زاینده کیو گول,1,36743,0
زاینده دریاچه ارومیه هورالعظیم,1,36743,0
زاینده دشت خوزستان چهارمحال عزیز گه گلویه,1,36743,0
ایران ماهشهر زاینده پل کالج تهران,1,36743,0
خوزستان زاینده یزد اصفهان رفسنجان,1,36743,0
تالاب گاوخونی ایران تالاب ایران تالاب گاوخونی,1,36743,0
زاینده اصفهان زاینده رود یزد خوزستان اصفهان,1,36743,0
چشمه هفرنگ لرستان دریاچه ارومیه زاینده اردوغان,1,36743,0
زاینده اصفهان سد فروردین سد زاینده و اصفهان,1,36743,0
خیابان زاینده ملاصدرا,1,36743,0
زاینده خشک خیخی,1,36743,0
زاینده عشق,1,36743,0
کرانه ی باختری زاینده,1,36743,0
زاینده تالاب گاوخونی اصفهان ایران,1,36743,0
زاینده زیبای,1,36743,0
یزد یزدی,1,36743,0
زاینده فرودین,1,36743,0
ساختمان شهرداری ماشین ارشاد فاطی کماندوها,1,36743,0
کارون بختیاری کهگیلویه خوزستان,1,36743,0
منطقه ماربین,1,36743,0
خوزستان کارون کرخه رودهای چهارمحال بختیاری و خوزستان اصفهان و یزد,1,36743,0
قطب شمال کارون,1,36743,0
کارون اصفهان کارون,1,36743,0
تبریز ارومیه زاب ارومیه اصفهان کارون,1,36743,0
سامان چهارمحال سد کارون سد کارون محالی حوضه کارون خوزستان موش اصفهان,1,36743,0
کوهرنگ زاینده تگ,1,36743,0
بندر عباس اهواز کارون,1,36743,0
خوزستان ایران اصفهان خوزستان ایران کارون کرخه خوزستان خوزستان,1,36743,0
کارون خشک,1,36743,0
رودخانه خراجی چهارمحال وبختیاری رودخانه خراجی شهرستان شهرکرد استان چهارمحال وبختیاری اتصال بهشت ابریز کارون,1,36743,0
خوزستان چهارمحال وبختیاری کهگیلویه وبویراحمد اصفهان اصفهان اصفهان کارون کرخه,1,36743,0
زاینده کارون خوزستان,1,36743,0
دجله فرات د کارون,1,36743,0
کارون ارومیه زاینده اصفهان ایران,1,36743,0
کوهرنگ سد زاینده کارون خوزستان,1,36743,0
زاینده کوهرنگ کارون,1,36743,0
کرخه کارون کارون شهر خوزستان شهرستان کارون,1,36743,0
کارون سرچشمه,1,36743,0
زاینده فیک سرچشمه کارون زاینده,1,36743,0
کارون اصفهان اصفهان کارون اصفهان,1,36743,0
تالاب دریاچه و رودخانه کارون هامون ارومیه گاوخونی هور العظیم زاینده انزلی,1,36743,0
چشمه کوهرنگ رودخانه کوهرنگ کوهرنگ کوهرنگ کارون اب کارون,1,36743,0
کارون لشکر اباد اهواز,1,36743,0
کارون زاینده زاینده کارون,1,36743,0
رودخانه بازفت رودخانه کارون,1,36743,0
خاورمیانه دریاهای جنوب مرکزی کویر کارون کارون کارون کارون سد کوهرنگ,1,36743,0
استان همدان کارون چهارمحال وبختیاری اصفهان یزد خوزستان چهارمحال,1,36743,0
اصفهان سرزمین کارون زاینده هامون کوهرنگ ارومیه بختگان,1,36743,0
اصفهان یزدی,1,36743,0
سد گتوند کارون منطقه گچساران,1,36743,0
چهارمحال چهارمحال حوضه کارون خواب اشامیدنی لردگان سد کارون لردگان نعل وارونه,1,36743,0
کارون اصفهان کویر,1,36743,0
سد سندی اب گتوند دز کارون,1,36743,0
سد کرخه و دز و کارون دشت اهواز,1,36743,0
استان مرکزی ابریز کارون استانهای همدان و مرکزی,1,36743,0
اصفهان ایران کارون,1,36743,0
کارون ارومیه زاگرس زاینده,1,36743,0
کارون کوهرنگ بازفت جفتشون زردکون بختیاری خرسان ید همدان سمیرم فریدون شهر,1,36743,0
کارون خرمشهر ابادان شوش سرزمین ایران,1,36743,0
کارون رودها,1,36743,0
اهواز کارون بوگندو,1,36743,0
اصفهان زاینده ایران کارون,1,36743,0
دز کرخه کارون گتوند قم یزد,1,36743,0
اتصال بهشت ابریز کارون,1,36743,0
خوزستان اصفهان یزد کارون,1,36743,0
کوهرنگ کارون چشمه دیم چهارمحال اصفهان چشمه لنگان کارون سد کوچری کارون,1,36743,0
کارون زاینده دریاچه ارومیه,1,36743,0
خوزستان زاینده اصفهان خوزستان اصفهان,1,36743,0
دهدز کارون خوزستان خوزستان,1,36743,0
اصفهان جهان زاینده نیل,1,36743,0
بالادست دز شوش کارون گتوند سد گتوند,1,36743,0
کویر مرکزی یزد اصفهان کرمان قم یزد,1,36743,0
سد زاینده کارون و چهارمحال,1,36743,0
تونل کارون,1,36743,0
کارون کوهرنگ تونل تونل اصفهان و یزد,1,36743,0
کارون اصفهان کارون اهواز,1,36743,0
اصفهان کرمان یزد کارون کوهرنگ کارون,1,36743,0
کارون اصفهان زاید نه رودتون,1,36743,0
منطقه گتوند کارون,1,36743,0
کارون خوزستان شهرکرد اصفهان,1,36743,0
زاینده خشک کارون زاینده خشک,1,36743,0
بروجن کارانه سمیرم حوضه کارانه کارون استان قاطی,1,36743,0
مرکز خوزستان شمال اهواز جنوب شوش شوشتر ایران کارون دز خوزستان,1,36743,0
کوهرنگ چهارمحال وبختیاری رودهای کارون و زاینده و دز,1,36743,0
اصفهان زاینده خشک خوزستان کارون سیستان و بلوچستان هامون ایران تهران,1,36743,0
اصفهان کارون اصفهان اصفهان,1,36743,0
رودخانه سپیدرود کارون هیرمند دریای ازاد,1,36743,0
خوزستان اصفهان زاینده اب مال کارون,1,36743,0
اصفهان کارون خوزستان خوزستان اصفهان,1,36743,0
کوهرنگ انتقال اب خدنگستان تونل انتقال اب چشمه لنگان زاینده سهم طبیعی کارون اصفهان,1,36743,0
اهواز ه کارون پل هلالی رستوران ریورساید,1,36743,0
دریای پارس,1,36743,0
کارون شلمچه,1,36743,0
سد گتوند خوزستان کارون,1,36743,0
کارون دز کارون دز,1,36743,0
دریاچه ارومیه کارون اهواز زاینده ایران,1,36743,0
دمش گرم روستای بندر دیلم بوشهر دارش اهی درنگ بساط گجستک کارون,1,36743,0
باوی استان خوزستان شهرستان باوی,1,36743,0
کارون هامون زاینده,1,36743,0
کارون زاینده رودن اصفهان,1,36743,0
استان خوزستان کارون اصفهان,1,36743,0
ایران اصفهان یزدی کارون,1,36743,0
تونل چشمه لنگان تونل خدنگستان تونل کوهرنگ تونل کوهرنگ اب کارون و دز زاینده تونل کوهرنگ تونل بهشت اب کارون زاینده,1,36743,0
اهواز پل سفید اهواز شهر اهواز ایران,1,36743,0
کویر کویر,1,36743,0
خشکی دریاچه ارومیه زاینده کارون,1,36743,0
خوزستان سیستان بلوچستان کارون زاینده,1,36743,0
لرستان کشکان خرم خوزستان کارون,1,36743,0
اصفهان خوزستان رودهای سمیرم فریدونشهر اصفهان حوضه ابریز کارون بوسی اصفهان,1,36743,0
کارون زاینده کارون,1,36743,0
کارون استانهای اصفهان نیمه جنوبی خوزستان,1,36743,0
کارون دبی,1,36743,0
خوزستان زاینده کارون,1,36743,0
رودخانه سرچشمه زاینده چشمه دیمه تونل کوهرنگ تونل زاینده رودخانه دايمی قاجاریه کارون,1,36743,0
ونک سولقان اصفهان خوزستان رودخانه خرسان کارون یزد یزد اصفهان,1,36743,0
کارون اصفهان کارون اصفهان اصفهان کارون خوزستان خوزستان,1,36743,0
اصفهان کارون کارون زاینده,1,36743,0
کارون اصفهات خوزستان,1,36743,0
کارون چهارمحال و بختیاری خوزستان,1,36743,0
کوچه نصیری خیابان کارون,1,36743,0
سرخس ویلا ویو میانکاله,1,36743,0
مازندران چیت بهشهر مازندران چیت بهشهر,1,36743,0
پتروشیمی میانکاله زاینده دریاچه ارومیه,1,36743,0
میدان خانگیران میانکاله,1,36743,0
پالایشگاه پتروشیمی میانکاله پتروشیمی پالایشگاه احداث,1,36743,0
ساری پتروشیمی میانکاله مازندران,1,36743,0
ساری میانکاله مازندران مازندران مازندران,1,36743,0
گوزاباد پتروشیمی میانکاله,1,36743,0
میانکاله تالاب میانکاله,1,36743,0
میانکاله فینسک مازندران,1,36743,0
پتروشیمی دریای مکران چابهار میانکاله,1,36743,0
قدس فلسطین,1,36743,0
رودخانه کارون سد گدارلندر سد گتوند,1,36743,0
پتروشیمی کاله,1,36743,0
کره میانکاله تالاب المللی زاغمرز جزیره اشوراده بندر امیراباد جنوب تالاب,1,36743,0
میانکاله رودس,1,36743,0
تالاب میانکاله شمال تالاب شادگان هورالعظیم شمال جنوب,1,36743,0
میانکاله مازندران مازندران بهشهر,1,36743,0
ایران کابل,1,36743,0
ساری ایران میانکاله مازندران,1,36743,0
ایران ایرانه میانکاله,1,36743,0
میانکاله پتروشیمی تالاب میانکاله,1,36743,0
میانکاله استان گلستان,1,36743,0
دریاچه ی کاسپین,1,36743,0
میانکاله میانکاله مازندران دریاچه کاسپین,1,36743,0
پتروشیمی میانکاله مازندران خوزستان سرخس بختیاری,1,36743,0
یزد کوهرنگ سرچشمه کارون خلیج فارس,1,36743,0
خوزستان کارون کرخه دز خوزستان چهارمحال بختیاری,1,36743,0
کارون اصفهان چهارمحال بختیاری,1,36743,0
واز کارون فارس اصفهان,1,36743,0
کوهرنگ کارون اصفهان یزد کرمان خوزستان,1,36743,0
کارون رودهای لرستان و کهگیلویه وبویراحمد یزد,1,36743,0
مرکز اهواز رودخانه کارون اهواز,1,36743,0
منطقه کارون,1,36743,0
کارون دریا اهواز خوزستان,1,36743,0
ونک سولقان چهارمحال وبختیاری کارون,1,36743,0
کارون اصفهان یزد قم کاشان,1,36743,0
رودخانه بهشت کارون فلات مرکزی استان اصفهان,1,36743,0
میانکاله گوز,1,36743,0
میانکاله سیستان بلوچستان,1,36743,0
نوار جنوب میانکاله,1,36743,0
بوشهر پتروشیمی میانکاله,1,36743,0
میانکاله دنیا پتروشیمی میانکاله,1,36743,0
میانکاله پتروشیمی میانکاله سد فینسک شرق مازندران,1,36743,0
جهرم داراب,1,36743,0
میانکاله پتروشیمی میانکاله,1,36743,0
میانکاله میانکاله خطه سرسبز,1,36743,0
مازندارن,1,36743,0
کاله تالاب شادگان هورالعظیم شمال جنوب خوزستان,1,36743,0
مازندران بهشهر میانکاله,1,36743,0
کوهرنگ کارون زاینده,1,36743,0
کارون خوزستان کارون اصفهان زاینده کارون زاینده,1,36743,0
سد زاینده کارون اصفهان زاینده زاینده کارون,1,36743,0
ابریز گاوخونی,1,36743,0
سمیرم کارون چ جور,1,36743,0
کارون خزر زاینده ایران,1,36743,0
کارون اهواز اصفهان تبریز ارومیه,1,36743,0
چهارمحال وبختیاری اصفهان زاینده خوزستان کارون,1,36743,0
کارون قورودوغوندا احوازا ابمعدن گوندرنلر,1,36743,0
رودخانه کارون شهر رد,1,36743,0
اح وازا کارون معدن گوندرنلر,1,36743,0
کارون خوزستان زاینده اصفهان اصفهان یزد خوزستان اصفهان قم,1,36743,0
اصفهان خوزستان زاینده کارون یزد کرمان,1,36743,0
کارون استان اصفهان,1,36743,0
ایران اهواز کارون,1,36743,0
کارون اصفهان یزد غرب کویری اصفهان کارون دشت خوزستان,1,36743,0
خراسان جنوبی کارون کارون زاینده,1,36743,0
دز کارون اصفهان خوزستان,1,36743,0
روستای علوه شهرستان کارون,1,36743,0
اصفهان جلگه خوزستان کویر خوزستان اصفهان اصفهان,1,36743,0
کارون اصفهان اصفهان سمیرم کارون,1,36743,0
تونل کوهرنگ رودخانه سلام افرین کارون تونل سرشاخ خونه سلام افرین کارون رودخانه سلام افرین کارون تونل چشمه لنگان رودخانه سلام افرین دز تونل خدنگستان سرساخه خانه سلام افرین دز,1,36743,0
اصفهان سرچشمه کارون کویر مرکزی,1,36743,0
کارون مال خوزستان,1,36743,0
استان استان کارون,1,36743,0
تونل کوهنرگ سرچشمه کارون تونل خدنگستان سرچشمه دز تونل چشمه لنگان سرچشمه دز تونل بهشت,1,36743,0
زاینده فصلیه کارون,1,36743,0
اصفهان کارون خلیج اصفهان,1,36743,0
کارون زاینده زاینده سهمی یزد,1,36743,0
خیابان هاشمی کارون شت شبستری,1,36743,0
خوزستان خلیج فارس خوزستان کارون خرمشهر ابادان اهواز دزفول شوشتر شهر بلد روستای اندیکا سد شهیدعباسپور ایلام,1,36743,0
اصفهان اصفهان خوزستان کارون زاینده روده سد زاینده,1,36743,0
کارون اصفهان اصفهان سمیرم اصفهان,1,36743,0
کوهرنگ سد نجات کارون زاینده,1,36743,0
خوزستان کارون اصفهان خوزستان,1,36743,0
خیابان کارون منطقمون,1,36743,0
کارون دریا کارون دشت خوزستان,1,36743,0
یزد اصفهان زاینده خشک کارون خوزستان,1,36743,0
زاینده حوزه پراب کارون کام بهنام اصفهان,1,36743,0
چهارمحال و بختیاریه کارون زاینده اصفهان,1,36743,0
بروجن زاینده بروجن کارون,1,36743,0
گچساران سد چم شیر بلایی رودخانه زهره سد گتوند رودخانه کارون,1,36743,0
معدن بافق یزد,1,36743,0
یزد کرمان کارون استانهای مرکزی و جنوبی,1,36743,0
کارون زاینده کارون زاینده ایران,1,36743,0
زاینده رود خووههای خوزستان کارون دز,1,36743,0
اصفهان خوزستان کارون,1,36743,0
کارون اصفهان زاینده قدیم جلگه خوزستان,1,36743,0
فرات کارون,1,36743,0
رودخانه کارون کارون منطقه عقیلی روستای مرتضی,1,36743,0
دزفول خوزستان کارون خوزستان,1,36743,0
زاینده یزد کاشان سمیرم کارون اصفهان,1,36743,0
کارون کوهرنگ زاگرس البرز اصفهان چهارمحال دریاچه ارومیه,1,36743,0
منطقه کوهرنگ سرچشمه زاینده ابشار کوهرنگ کارون زرد کوه سازه زاینده جاری,1,36743,0
رودخانه دز کارون خوزستان,1,36743,0
چشمه کوهرنگ چهارمحال وبختیاری کارون دز زاینده تاریخ,1,36743,0
اهواز کارون هورالعظیم,1,36743,0
دز کارون کرخه قم کرمان یزد استان خوزستان,1,36743,0
رشت کارون کارون,1,36743,0
اصفهان گندی استان خوزستان,1,36743,0
کارون کارون دبی کارون,1,36743,0
کارون ره تورکیه,1,36743,0
اصفهان واز,1,36743,0
زاینده کارون کارون استان اصفهان,1,36743,0
کارون زاینده استانهای چهارمحال وبختیاری و خوزستان,1,36743,0
یزد استان اصفهان کارون زاینده روده,1,36743,0
رشت کارون کارون کارون دبی کارون,1,36743,0
اصفهان دریاچه ارومیه کارون اصفهان,1,36743,0
زاینده باجر کارون,1,36743,0
کوهرنگ کارون کرخه,1,36743,0
کوه صفه زاینده کارون,1,36743,0
هه هن رودخانه کارون اهواز,1,36743,0
منطقه ایذه و دهدز کارون کارون,1,36743,0
چهارمحال حوضه کارون چهارمحال بن سامان حوضه گاوخونی حوضه گاوخونی حوضه گاوخونی استان فارس ایزدخواست,1,36743,0
پایانه نسیم,1,36743,0
کارون دز زاینده زاینده سد تونل استان,1,36743,0
شط کوین کوینی کارون اهواز,1,36743,0
نایین نطنز,1,36743,0
زاینده یزد کوهرنگ کارون زاینده چشمه لنگان خدنگ ستان تونل کوهرنگ بهشت,1,36743,0
زاینده چهارمحال کارون,1,36743,0
خوزستان تونل کارون اصفهان,1,36743,0
زاینده خشک کوهرنگ چشمه چهارمحال و بختیاری کشور زاینده کارون,1,36743,0
زاینده کارون زاینده رود کرخه کارون گاوخونی زاینده,1,36743,0
اصفهان یزد کارون اصفهان یاسوج اهواز دریای مکران یزد,1,36743,0
اصفهان ایران کارون زاینده,1,36743,0
اصفهان خوزستان کارون خوزستان,1,36743,0
زاینده کارون ونک سولقان خرسان,1,36743,0
کارون هورالعظیم ایران دریاچه ارومیه تهران زاینده اصفهان,1,36743,0
اصفهان بختیاری چغاخور سرچشمه الوغره تونل سبزکوه,1,36743,0
خلیج فارس سرچشمه کارون خوزستان بهشت کارون کارون,1,36743,0
زاینده یزد بهشت کوهرنگ کوهرنگ خدنگ ستان چشمه لنگان زاینده یزد زاینده,1,36743,0
اصفهان گاوخونی چهارمحال چهارمحال زاینده,1,36743,0
کارون اتوبان زاینده,1,36743,0
ایران زاینده گاوخونی,1,36743,0
صفهان زاینده خوزستان چهارمحال بختیاری کارون هورالعظیم,1,36743,0
کارون کارون فلات مرکزی,1,36743,0
اصفهان کرمان یزد رفسنجان,1,36743,0
رنگ اصفهان منطقه کوه رنگ چشمه کوه رنگ رودخانه کارون زاینده سال منطقه کوه رنگ توریستی چل گرد,1,36743,0
باوی شهرستان باوی,1,36743,0
خوزستان اروپا کارون کرخه دز گتوند,1,36743,0
زاینده حرفش زاینده یزد کارون زاینده,1,36743,0
چشمه کوهرنگ زاگرس زیست خوزستان چشمه کوهرنگ خانه کارون کارون زاگرس,1,36743,0
زاگرس کارون استان لرستان کارون بختیاری لرستان,1,36743,0
رشت کارون خوزستان کارون,1,36743,0
زاینده باخ شکان,1,36743,0
کارون خدا,1,36743,0
ساختمان متروپل ابادان رستوران ریف کارون خرمشهر خوزستان خوزستان,1,36743,0
ابادان خوزستان کارون,1,36743,0
رستوران ساحلی ریف رودخانه کارون اهواز پل ابادان اتفاقیه,1,36743,0
خوزستان خوزستان خوزستان خوزستان خوزستان خوزستان کارون کارون کارون,1,36743,0
خوزستان رستوران ساحلی ریف رودخانه کارون اهواز,1,36743,0
کارون دریاچه ارومیه زاگرس,1,36743,0
اونی کوه نمک سد گتوند کارون,1,36743,0
اروند عرضش کارون بهمنشیر,1,36743,0
دریاچه ارومیه بای جان جنوبی کارون ملک عربستان جهان,1,36743,0
شهر ایذه,1,36743,0
مشکین شهر,1,36743,0
وه چهارمحال وبختیاری بروجن ابریز کارون استان چهارمحال و بختیاری بختیاری بختیاری,1,36743,0
اصفهان خوزستان منطقه فریدن استان اصفهان دز خوزستان شهرستان سمیرم رودخانه کارون,1,36743,0
اصفهان بختیاری بختیاری کارون سبزک وه بروجن استان چهارمحال بروجن,1,36743,0
کارون حوزه کارون خشک کرخه حوزه کارون کرخه,1,36743,0
زاینده کارون بروجن سد کارون,1,36743,0
دریاچه ارومیه سرچشمه کارون زاینده خشکی استان سرچشمه کارون زاینده تهران ایران,1,36743,0
کارون زاینده کوهرنگ دجله و فرات,1,36743,0
زاینده بروجن سد کارون شرق اصفهان و اصفهان,1,36743,0
هور العظیم جلگه خوزستان ایران اهواز خوزستان ایران هورالعظیم کارون بصره,1,36743,0
شیبان رودخانه کارون شهر شیبان باف اصله کارون,1,36743,0
ارومیه تورکیه کارون دریاچه بختگان گاوخونی تهران اذربایجان شرق غرب,1,36743,0
خوزستان چهارمحال بختیاری,1,36743,0
وه کارون چهارمحال وبختیاری بروجن ابریز کارون چهارمحال وبختیاری بختیاری بختیاری,1,36743,0
یزد بلوچستان,1,36743,0
گیلان تهران اهواز خوزستان,1,36743,0
استارا مهتاب قزوین اراک,1,36743,0
جهرم,1,36743,0
کارون اهواز خراسان شهر شیراز,1,36743,0
ساختمان مرکزی مناطق جنوب,1,36743,0
رودخانه کرخه کارون الوند سیروان دجله,1,36743,0
ارس کارون زاینده دریاچه ارومیه,1,36743,0
کارون سرزمین شهر خرم خرمشهر خرمشهر,1,36743,0
رودخانه یادم صاحاب خرمشهر کارون بهمنشیر منی خ ابادان,1,36743,0
خنگ کارون کوهرنگ زاینده اسراییل,1,36743,0
کارون سیمره کوهرنگ,1,36743,0
ساختمان متروپل ابادان رستوران کارون خوزستان,1,36743,0
کارون سره کارون زاینده رود چهارمحال صنایع یزد کاشان,1,36743,0
شط کارون شط کارون,1,36743,0
کارون کاروان ندهی,1,36743,0
خوزستان ساختمان متروپل کارون سینما زیتون اهواز,1,36743,0
اهواز رستوران کارون,1,36743,0
رستوران کارون ابادان,1,36743,0
اهواز کارون باوی اهواز,1,36743,0
زاگرس میانی کارون,1,36743,0
برج متروپل ابادان اهواز رستوران ریف رودخانه کارون رستوران ریف اهواز,1,36743,0
خرمشهر ابادان خرمشهر پل کارون,1,36743,0
شمال ایران ارومیه,1,36743,0
ریف اهواز,1,36743,0
خوزستان حوضه کرخه کارون استان فارس استان فارس,1,36743,0
ایران کارون دریاچه ارومیه,1,36743,0
اهواز کارون اصفهان زاینده ایران,1,36743,0
خوزستان جنوبی,1,36743,0
شهر عبادان شهرستانهای باوی و کارون اهواز,1,36743,0
خیابان نادری پاساژ کارون گلستان,1,36743,0
کارون خوزستان چهارمحال,1,36743,0
نهر کارون,1,36743,0
ملک شخصی جلگه ی خوزستان کرخه بحرانیه کارون,1,36743,0
حوزه کارون کویر طبیعی زاینده,1,36743,0
زاینده رود دریاچه ارومیه هیرمند جلگه خوزستان کارون,1,36743,0
کارون اصفهان استانهای جنوبی خوزستان,1,36743,0
خور ستان سرچشمه کارون زاینده,1,36743,0
ابادان زاگرس مهربان کارون کویر مرکزی,1,36743,0
خرمشهر رودخانه کارون,1,36743,0
ساحل بوگندوی کارون ولش,1,36743,0
خوزستان دهدز دریاچه سد کارون,1,36743,0
کارون استان خراسان رضوی,1,36743,0
تالار وحدت,1,36743,0
رودخانه دز کارون ساحلی خسرواباد بهمن شیر ماهی,1,36743,0
هور خور موسی کارون بهمنشیر تهران,1,36743,0
رودخانه کارون لشکر,1,36743,0
گل,1,36743,0
بیر غ یی کوز,1,36743,0
ژل,1,36743,0
کارون گل باران,1,36743,0
کوهرنگ چشمه لنگان خدنگ ستان کارون زاینده اصفهان زاینده گاوخونی,1,36743,0
مریخ کارون زمین,1,36743,0
تهران تهران خوزستان,1,36743,0
خوزستان کارون دز کرخه,1,36743,0
کارون کارون اصفهان,1,36743,0
اره اهوازم اهواز کارون,1,36743,0
زاگرس خوزستان فارس کارون,1,36743,0
سد کرخه سد گتوند کارون,1,36743,0
سد گتوند و کارون,1,36743,0
بهشت گلاب چهارمحال زاینده کارون بیشع اصفهان,1,36743,0
جمعیت,1,36743,0
ریف رودخانه کارون شهر اهواز,1,36743,0
تونل کوهرنگ خوزستان چهارمحال بختیاری سرچشمه کارون زاینده,1,36743,0
کارون کارون هورالعظیم اصفهان یزد خوزستان اصفهان دریاچه ارومیه هیرمند ایران,1,36743,0
ازادی قلعه حسن خان,1,36743,0
شهرستان اهواز حمیدیه باوی کارون میسان دشت ازادگان حویزه عبادان محمره خرمشهر بندر معشور ماهشهر فلاحیه شادگان,1,36743,0
ابادان کارون ابادان,1,36743,0
سد دجله فرات کارون مارون رودهای خوزستان اروند اب دجله فرات مرزی,1,36743,0
کارون شط,1,36743,0
سد زاینده بروجن کارون سد کارون سفید دشت شهرک صنعت,1,36743,0
کوره سپیه داغولن کارون ارغنداب,1,36743,0
مغازه خ کارون مالک اشتر,1,36743,0
رودخانه کارون جنوب کشور رودخانه کارون,1,36743,0
زاینده لوله اب ببرد بروجن بروجن,1,36743,0
زاینده کارون هورالعظیم,1,36743,0
خوزستان خیابان نادری,1,36743,0
رودخانه کارون شرق و غرب رودخانه اهواز رودخانه کارون اهواز,1,36743,0
گتوند کارون کارون خوزستان سد گتوند,1,36743,0
اهواز نادری کارون,1,36743,0
مبارکه اصفهان کارون شوشتر,1,36743,0
دریاچه ارومیه دریاچه پریشان تالاب هامون سرچشمه کارون جهان,1,36743,0
کرخه کارون تنگه هرمز,1,36743,0
خرمشهر خرمشهر کارون بهشهر,1,36743,0
خوزستان گتوند کارون گتوند ه دز,1,36743,0
اصفهان خوزستان زاینده کارون,1,36743,0
پل کابلی اهواز و کارون,1,36743,0
زاینده گاوخونی زاینده نر گاوخونی,1,36743,0
زاینده کارون خلیج فارس ابادان,1,36743,0
یزد اصفهان یزد کارون زاینده بلوچستان,1,36743,0
زاینده تعجب منطقه کارون خوزستان,1,36743,0
پل سفید کارون یز له,1,36743,0
خور کارون ابادان اهواز خرمشهر کارون دز,1,36743,0
منطقه کویری کارون,1,36743,0
مارون احواز,1,36743,0
رودخانه کارون خوزستان استانهای اصفهان کرمان اراک قم,1,36743,0
تهران کارون اصفهان,1,36743,0
اذربایجان ارومیه,1,36743,0
البرز کارون,1,36743,0
بهشهر بهشهر بهشهر بهشهر,1,36743,0
دمام,1,36743,0
ابادان خرمشهر خوزستان,1,36743,0
اصفهان اصفهان یزد اصفهان خوزستان یزد خوزستان,1,36743,0
خوزستان دریاچه سد کارون,1,36743,0
زاینده رودخانه کارون,1,36743,0
سد کارون سیستان و بلوچستان,1,36743,0
شیراز کارون کویر یزد اصفهان,1,36743,0
سد گتوند هورالعظیم دریاچه ارومیه دریاچه هامون زاینده کارون تالاب گاوخونی انزلی میانکاله دشت خوزستان دشت قزوین دشت ساوه فلات کهن ایران ایران ایران,1,36743,0
ایران سد کرخه سد گتوند کارون,1,36743,0
حوضه کارون تالاب گاوخونی راستین,1,36743,0
یزد ایران اصفهان چهارمحال سد لبالب کارون,1,36743,0
دهدز دزپارت شرق خوزستان سد کارون کارون اهواز شهرکرد اصفهان خوزستان,1,36743,0
اصفهان چارمح ال بختیاری کارون,1,36743,0
کرخه کارون مارون استان خوزستان,1,36743,0
خوزستان کارون کرخه بهمنشیر,1,36743,0
سد چغاخور حوزه کارون کارون زاینده بیجان,1,36743,0
دریاچه ارومیه خوزستان سد گتوند زاینده و کرخه کارون,1,36743,0
چس کارون,1,36743,0
دریاچه ارومیه کارون اصفهان ایران اراز عر,1,36743,0
پارک لاله کارون,1,36743,0
مهزیار کارون,1,36743,0
مسافرخانه کارن,1,36743,0
ایران خوزستان کارون زاینده,1,36743,0
تونل کوهرنگ کارون تونل کوهرنگ کارون تونل چشمه لنگان دز تونل خدنگستان دز,1,36743,0
کارون دجله فرات اروند کارون اروند کارون,1,36743,0
ایران ماد پارس پارت کارون ارس هیرمند,1,36743,0
کارون زاینده خوزستان پست رفسنجان,1,36743,0
کارون شهر تستر اح واز اشغالی شهر الیگودرز لرستان اشغالی,1,36743,0
تهران خزر شمال زنبیل,1,36743,0
قم کارون اصفهان,1,36743,0
کارون اصفهان جوشقان ایزه اهواز ابادان,1,36743,0
دماوند خلیج فارس اروند,1,36743,0
جاده ساحلی کارون چمنای,1,36743,0
اهواز مال پاساژ کارون,1,36743,0
باجگیری,1,36743,0
استان هامون کارون,1,36743,0
خوزستان کارون هورالعظیم کویر لوت,1,36743,0
ارومیه رودکی کارون خیابان اذربایجان قصر دشت,1,36743,0
فارس کارون کویر یزد اصفهان دریاچه ارومیه,1,36743,0
ساحل شرق کارون اهواز,1,36743,0
رودخانه کارون دز و کله دزفول,1,36743,0
خوزستان کویر ایران,1,36743,0
اذربایجان قصردشت کارون هاشمی سلسبیل,1,36743,0
خوزستان ابادان جزیره اروند بهمنشیر کارون,1,36743,0
کوسهها تهران پارک ملت,1,36743,0
ابادان کارون چا خان,1,36743,0
کارون دز کویری اصفهان یزد و کرمان,1,36743,0
اصفهان شیراز مشهد تهران,1,36743,0
رستوران ساحلی اهواز ساختمان متروپل ابادان رستوران ساحلی ریف اهواز بستر کارون,1,36743,0
خوزستان شمال لر تبار ش,1,36743,0
کارون اهواز جهنم دره,1,36743,0
اغاجاری,1,36743,0
مناطق نفت خیز جنوب اهواز,1,36743,0
تقاطع خ اذربایجان کارون,1,36743,0
غرب تهران اذربایحپجان اصفهان کرمان کارون یزد اصفهان اذربایجان غرب و اردبیل,1,36743,0
خرمشهر کارون بهمنشیر,1,36743,0
دریاچه اورمو ازربای جان فارس کارون کویر یزد کارون,1,36743,0
ابادان ریف اهواز کارون,1,36743,0
بهشهر بهشهر اهواز بهشهر کارون بهشهر بهشهر,1,36743,0
رودخانه کارون سینما پنج اهواز,1,36743,0
اصفهان خوزستان اصفهان خوزستان خوزستان کارون اصفهان,1,36743,0
خوزستان خرمشهر اهواز خوزستان,1,36743,0
رودخانه کارون هورالعظیم,1,36743,0
دریاچه هامون کارون دز زاگرس,1,36743,0
خوزستان هامون کارون خشک,1,36743,0
خرمشهر کارون اروندرود,1,36743,0
شهر استراباد اردشیر,1,36743,0
خور کارون شهر رد,1,36743,0
خوزستان کارون خوزستان کارون,1,36743,0
محله بلدوزر خانه جارو حمیدیه سوسنگرد ازادگان ملاشیه شهرستان کارون گاومیش و مشعلی,1,36743,0
کرمانشاه سی پل کارون,1,36743,0
کارون خوزستان چهارمحال کویر کارون کویر خوزستان,1,36743,0
خرمکوش ک اهواز رودخانه کارون,1,36743,0
ملعون رودخانه کارون قصر,1,36743,0
خیابان کارون طوس,1,36743,0
پل کارون چهارراه نادریه کوی علوی شیلنگ اهواز,1,36743,0
خوزستان سیستان اصفهان هامون کارون,1,36743,0
جلگه خوزستان کارون کرخه زهره,1,36743,0
چهارمحال حوضه کارون سد کارون چهارمحال سد کارون زاینده,1,36743,0
پل کارون سیدنی,1,36743,0
اباده هورالعظیم هامون رضاییه زریوار گاوخونی کارون زاینده خشک شرف,1,36743,0
کارون عربستان جزیره العرب,1,36743,0
اقلیم عربستان اهواز کارون,1,36743,0
اباد,1,36743,0
ی رستوران گردون یای لشکر اباد,1,36743,0
خوزستان سمیرم فریدونشهر اصفهان,1,36743,0
گل ارادان چهارمحال زاینده کارون امازون,1,36743,0
اصفهان اصفهان ی کارون اصفهان,1,36743,0
خوزستان هورالعظیم کارون دریاچه ارومیه مازندران گیلان گلستان,1,36743,0
سد مارون نیروگاه کارون الب,1,36743,0
اصفهان کارون خوزستان ایران اصفهان شهر طهران ایران,1,36743,0
کرخه کارون جراحی,1,36743,0
کارون کارانه چیر,1,36743,0
کارون پل چوبی اصفهان,1,36743,0
بروجن کارون زاینده بروجن سد کارون مناطق بختیاری,1,36743,0
سرشاخههای کارون زاینده,1,36743,0
زرده تاراز کارون زرینه کوگ خرامان تارا ساران,1,36743,0
بروجن زاینده حوضه کارون,1,36743,0
کارون خلیج فارس چهر بطی سمیرم,1,36743,0
کوهرنگ کویر اصفهان اصفهان کارون اهواز,1,36743,0
کارون ایران کارون,1,36743,0
زاگرس کارون دز کرخه زاینده سپیدرود زرینه گاماسیاب سیروان,1,36743,0
کارون پل کابلی اهواز,1,36743,0
کرخه کارونیا کارون,1,36743,0
عرب خلیج ولاغیر خلیج خلیج عربی فارس کارون یزد فارس کرمان,1,36743,0
رودخانه کارون شهر الامم,1,36743,0
سمیرم فریدونشهر اصفهان استان اصفهان کارون اصفهان اصفهان,1,36743,0
کارون زاینده دریاچه ارومیه بختگان پریشان,1,36743,0
خوز ساان خوزستان,1,36743,0
کرخه غدیر کرخه دز غدیر دز کارون جهان بختیاری دز غدیر کارون,1,36743,0
اهواز خرمشهر اهواز باوی کارون حمیدیه,1,36743,0
کوه رنگ زاینده خوزستان اصفهان استان اصفهان کارون,1,36743,0
خوزستان اصفهان استان اصفهان کارون دز,1,36743,0
پل کیردار کارون سم کری,1,36743,0
حوضه ابریز کارون,1,36743,0
مشهد اهواز پل کارون,1,36743,0
پل بند کارون,1,36743,0
سمیرم اصفهان کارون زاینده زاینده,1,36743,0
چهارمحال بختیاری کارون کارون,1,36743,0
واحد صفافی,1,36743,0
خوزستان سد کرخه کارون,1,36743,0
دریای خزر فلات مرکزی کارون اصفهان کرمان,1,36743,0
رمی خوی کردو,1,36743,0
کارون استان چارمحال,1,36743,0
زعفرانیه گناباد سراوان,1,36743,0
خوانسار شوشتر,1,36743,0
دره عشق دره رودخانه پراب کارون,1,36743,0
دشت کارون ایلام ارارات,1,36743,0
سرچشمه کارون چهارمحال بختیاری,1,36743,0
گوسفند سواد سرچشمه کارون چهارمحال بختیاری,1,36743,0
هور العظیم کارون ابادان خرمشهر اهواز,1,36743,0
کرخه هورالعظیم,1,36743,0
دریاچه ارومیه ارومیه هیرمند جازموریان بختگان کارون زاینده لا,1,36743,0
بروجن یزد اصفهان استان اصفهان سمیرم کارون,1,36743,0
متروپل گرانها,1,36743,0
بلوچستان خوزستان زاگرس دریاچه ارومیه کرخه کارون زاینده,1,36743,0
چهارمحال و خوزستان کارون,1,36743,0
دریاچه ارومیه ماهون زاگرس کارون دریاچه احمدی نژاد,1,36743,0
گاوخونی کارون,1,36743,0
رشت استان اصفهان زاینده کارون دریاچه نمک کوه استان اصفهان حوضه کارون سمیرم فریدونشهر خوزستان,1,36743,0
کارون ارومیه زاگرس سیستان,1,36743,0
زاینده کارون هامون ارومیه,1,36743,0
ارومیه سد کارون اوچ دی ارومیه,1,36743,0
دریاچه ارومیه کارون خوزستان,1,36743,0
اره اهوازم کارون کارون دز,1,36743,0
استان اصفهان حوضه کارون فریدونشهر حوضه کوه نطنز دریاچه نمک گلپایگان کویر مرکزی و سربالا,1,36743,0
زاینده استان اصفهان استان اصفهان حوضه کارون,1,36743,0
ارومیه مهارلو بختگان زاینده کارون,1,36743,0
کارون زاینده هامون,1,36743,0
زاینده گاوخونی کارون دجله فرات,1,36743,0
هور العظیم کارون کرخه,1,36743,0
زاینده گاوخونی کارون هورالعظیم,1,36743,0
زاینده کهکیلویه خوزستان استان سرچشمه اصفهان کارون,1,36743,0
منطقه اهواز رودخانه کارون,1,36743,0
فریدونشهر دز,1,36743,0
بویین میاندشت گلپایگان لرستان کارون اصفهان رودخانه اصفهان لرستان,1,36743,0
فریدن فریدونشهر سمیرم استان اصفهان,1,36743,0
ایران کرمانشاه کارون خوزستان زاگرس ارومیه,1,36743,0
سد کارون کشور ایذه دهدز نت,1,36743,0
کارون شمال خوزستان دهدز روستاهای دزپارت,1,36743,0
زاینده ارومیه هامون کارون,1,36743,0
پل کابلی پل پنجم شرق و غرب کارون,1,36743,0
سد کارون کارون گتوند,1,36743,0
سیدنی کارون,1,36743,0
کارون هور خوزستان دریا اصفهان یزد قم,1,36743,0
غز اویه کارون,1,36743,0
پن کیانپارس کارون,1,36743,0
استان الاحواز خشک کارون امضا,1,36743,0
اشکانی اهواز کوی محله کوروش کرانه ی رودخانه کارون شهر اهواز,1,36743,0
حوزه کارون کارون,1,36743,0
کوهرنگ چهارمحال کارون زاینده کشاورز اصفهان زاینده,1,36743,0
عربستان رودخانه کارون کرخه دز ایران عربستان,1,36743,0
اهواز چغازنبیل ساحل کارون شرق اهواز,1,36743,0
زاگرس کارون کرخه مارون زهره کشکان گاماسیاب زاینده سفیدرود زاب ایران,1,36743,0
هرمز اردشیر شهر اهواز گورستان اشکانی کارون,1,36743,0
ونک سمیرم استان وب کرمان,1,36743,0
سمیرم فریدونشهر اصفهان فریدونشهر اصفهان سمیرم اصفهان کارون,1,36743,0
سمیرم فریدن فریدونشهر زاینده ابه رودن رودهاشون کارون,1,36743,0
اردکان کویر کارون,1,36743,0
خوزستان کارون کارون خوزستان,1,36743,0
زاگرس زاینده کارون تهران,1,36743,0
تونل کوهرنگ کارون اصفهان اصفهان,1,36743,0
خوزستان خوزستان اصفهان خوزستان کارون,1,36743,0
کوهرنگ کارون استان لرستان و بختیاری نیمه غرب استان اصفهان,1,36743,0
ساحل ه باغه خوزستان کارون,1,36743,0
کارون لشکر اباد ابادان جزیره مینو,1,36743,0
کارون اهواز ولایتی جیران تجریش,1,36743,0
کارون سد سفیدرود خانه لرستان,1,36743,0
اهواز واز کارون,1,36743,0
تونل کوهرنگ سرچشمه کارون زاینده,1,36743,0
اح العربیه اشغالی رودخانه کارون تونل کوهرنگ فلات ایران,1,36743,0
کارون دز کرخه کویر نحس فارس,1,36743,0
خوزستان خوزستان خوزستان استان اصفهان,1,36743,0
روستاهای سرصحرا خواجه انور دهدز شهرستان ایذه سیم بکسل دهدز استان نفت خیز خوزستان دهدز سد کارون,1,36743,0
ایران عرب زاده نجف ایران,1,36743,0
نیل فرات کارون امازون,1,36743,0
کارون استان خراسان جنوبی,1,36743,0
سد دز کرخه کارون,1,36743,0
کارون استانهای خوزستان خوزستان خوزستان,1,36743,0
خوزستان جهان,1,36743,0
سد کارون چهارمحال و خوزستان بروجن استان انتقال کارون زاینده تونل کوهرنگ,1,36743,0
ابریز کارون وایذیه و بهبهان,1,36743,0
یزد اصفهان کارون,1,36743,0
جاده کاشان جاده قدیم قم تهران رودخانه ماهیم زاینده کارون شهرستان قم,1,36743,0
خشک کارون,1,36743,0
مکه کارون کرخه,1,36743,0
روستای مقطوع شهر کارون,1,36743,0
زاینده کارون غرب کشور سد دز,1,36743,0
دیار کارون,1,36743,0
محله دبیرستانم شهریار حمام کارون,1,36743,0
خانه حمام کارون,1,36743,0
نوبهار محله قلهک زرگنده,1,36743,0
غرب کارون کردستان,1,36743,0
اهواز کارون شرق رودخانه غرب رودخانه,1,36743,0
شهرکرد جاده لردگان منطقه هلیساد سد کارون,1,36743,0
اهواز کارون ایران خوزستان,1,36743,0
خیابان کار شهر,1,36743,0
اتوبان اهواز,1,36743,0
کارون زاگرس اقلیم غرب ایران,1,36743,0
کوت عبدالله ایران ایران کوت عبدالله شهرستان کارون,1,36743,0
شهرستان کارون اهواز تهران,1,36743,0
مناطق نفتخیز جنوب دیکلاین غرب کارون ازادگان جنوب,1,36743,0
کارون خوزستان چهارمحال دریاچه ارومیه,1,36743,0
ولش,1,36743,0
اونی کارون کرخه هور العظیم رودخانه هار بگا ایراد,1,36743,0
تالاب هورالعظیم کارون فلات مرکزی خوزستان,1,36743,0
پل هفتم کارون اهواز,1,36743,0
شهر اهواز شهر کارون,1,36743,0
رودخانه کارون پل سفید ونمای زیبای پل کابلی اهواز,1,36743,0
پل کابلی اهواز رودخانه کارون,1,36743,0
دریاچه سد کارون خوزستان,1,36743,0
کر ارس قزل اوزون کارون,1,36743,0
بلوار ساحلی خرمشهر بلوار بایندر کارون,1,36743,0
بزن بزنی رودخانه کارون نیروگاه کارون بزن,1,36743,0
تیری کوی داسی نور,1,36743,0
کارون اصفهان تهران,1,36743,0
کارون دریا شیرکاکايو,1,36743,0
کارون زاینده چهارمحال بختیاری,1,36743,0
اتوبان اکباتان کارون,1,36743,0
اهواز اصفهان اصفهان یزد کارون,1,36743,0
ایران رودخانه چالوس,1,36743,0
کرخه زاینده,1,36743,0
اصفهان اصفهان یزد کارون اهواز,1,36743,0
اصفهان یزد اصفهان سد کارون خوزستان اصفهان خوزستان کارون چهارمحال,1,36743,0
اهواز پارک کارون پارک فلکه کراش کاپل اهواز,1,36743,0
تهران تهران خوزستان کارون,1,36743,0
اهواز کیش قشم کارون,1,36743,0
رودخانه کارون کرخه,1,36743,0
شوشتر کارون مرضیه,1,36743,0
اهواز کافه کارون,1,36743,0
جناب امینی کارون منبع اب حصیراباد سیاحی سادات کارون,1,36743,0
کارون شمال خوزستان,1,36743,0
کارون خطه جنوب,1,36743,0
اهواز شادگان کارون,1,36743,0
اصفهان کارون اصفهان یزد چارمحال,1,36743,0
هامون م یزد چهارمحال زاینده کارون,1,36743,0
کارون بختیاری اصفهان,1,36743,0
زراس سد کارون بام خوزستان خوزستان چهارمحال بختیاری,1,36743,0
بازدید خوزستان منطقه غرب کارون,1,36743,0
چهارمحال اصفهان خوزستان چشمه وها خونه خرس ون کارون,1,36743,0
رودخانه قدیمی کارون,1,36743,0
چهارمحال وبختیاری کارون زاینده روده,1,36743,0
سمیرم اصفهان کارون حوزه چهارمحال حوزه زاینده,1,36743,0
پارک سورنا,1,36743,0
کوت,1,36743,0
اصفهان خوزستان کویریون سرچشمه کارون کوهرنگ بختیاری استان لرستان چار مال بختیاری اصفهان,1,36743,0
ایران کارون کرخه کارون کرخه فرات اروند,1,36743,0
ایران کارون رودخانه کشتیرانی زاینده پیست,1,36743,0
روستای مقطوع کارون روستای معلم روستای مقطوع معلم,1,36743,0
سد گتوند خوزستان خوزستان کارون,1,36743,0
براگ م دینور گاماسیاب ه گاماسیاب گاماسیابم قره سو قره سو سیمره سیمره کارون کارونم خلیج فارس,1,36743,0
روستای مقطوع شهرستان کارون روستای مقطوع,1,36743,0
اهواز کارون دز کارون,1,36743,0
چهارراه ابادان اد,1,36743,0
زاینده بهنام منطقه اصفهان کارون دز,1,36743,0
خوزستان فاک کارون,1,36743,0
کارون بازار عربها نادری,1,36743,0
اهواز رودخانه کارون سیل,1,36743,0
اهواز رودخانه کارون شهر اهواز,1,36743,0
جزیر,1,36743,0
کارون کارون اصفهان کارون,1,36743,0
کارون کارون یزد,1,36743,0
شهرستانهای باوی حمیدیه و کارون,1,36743,0
کارون نادری,1,36743,0
اصفهان کرخه لرستان کارون اصفهان اصفهان,1,36743,0
کویری یزد اصفهان خوزستان اصفهان یزد,1,36743,0
کارون و دز و کرخه زاینده,1,36743,0
سد کوهرنگ کارون زاینده سد تنگه سرخ کهکیلویه بویراحمد بشار بازو فت چهارمحال کارون شمال فارس حوزه کارون,1,36743,0
اصفهان قزوین مرکزی تهران فارس کارون کرمان یزد,1,36743,0
تنگه قاسمی خوزستان کارون,1,36743,0
ایران کشور کارون,1,36743,0
اهواز ابادان کارون,1,36743,0
کارون کرخه دز جراحی تالاب فلاحیه هویزه هورالعظیم صبور خوزستان,1,36743,0
ایران ایران زاینده کارون,1,36743,0
سد کوهرنگ اصفهان کارون زاینده رودسر,1,36743,0
ابادان خرمشهر کارون خرمشهر ابادان,1,36743,0
کری پل ت ناوره کارون کری,1,36743,0
رودخانه دز دزفول کارون شوشتر پل قدیم دزفول لر بختیاری,1,36743,0
مغازه قصرالد کارون,1,36743,0
کارون دانشگاه چمران ا,1,36743,0
خوزستان کارون دز ایران خوزستان,1,36743,0
رودخانه کارون پالایشگاه ابادان اروند بهمنشیر,1,36743,0
خوزستان چهارمحال وبختیاری زاگرس کارون خوزستان,1,36743,0
رودخانه کارون دریاچه ارومیه,1,36743,0
کارون جنوب خلیج فارس خوزستان,1,36743,0
رودخانه دبی مارون خوزستان اصفهان جهان الاسکا,1,36743,0
اهواز کارون ناحیه ابادان,1,36743,0
مارون کارون کارون چمشیر تنگ سرخ شیراز,1,36743,0
باغ بهادران فرخشهر استان خوزستان چهارمحال بختیاری استانهای زاگرسی محرابان,1,36743,0
فشافویه قزل حصار دیزل کارون,1,36743,0
بندر شبهای کارون دز دزفول جاده لالی سردشت دره انار,1,36743,0
دریاچه چیتگر کارون,1,36743,0
شوشتر لالی کارون,1,36743,0
جلگه خوزستان خوزستان کرخه و کارون,1,36743,0
کارون کارون هورالعظیم,1,36743,0
دزفول کارون,1,36743,0
اردوگاه کارون,1,36743,0
حلب خن طومان,1,36743,0
جناب,1,36743,0
خدنگ ستان هر گان چشمه لنگان دز کارون,1,36743,0
تونل کوهرنگ چشمه لنگان خدنگ ستان کارون زاینده بالادست پت و مت,1,36743,0
رودخانه کارون بهنام منی,1,36743,0
ایران خوزستان کارون,1,36743,0
رودخانه کارون دز استان خوزستان,1,36743,0
سد گتوند زاینده اصفهان زاینده و کارون,1,36743,0
چهل گرد کارون زاینده,1,36743,0
کارون روستای ثریا سوسن ایذه,1,36743,0
کارون روستای ثریا توابع سوسن ایذه رودخانه کارون,1,36743,0
ایران ایران خوزستان اهواز شهر کارون,1,36743,0
اهواز کارون بندر گناوه کیش قشم کیش چابهار دزفول قلعه شوش,1,36743,0
نبی شوشتر,1,36743,0
کارون استان کرمان خلیج فارس,1,36743,0
جزیره زن داداش خرمشهر ابادان اب کارون جزیره مینو,1,36743,0
سمیرم فریدونشهر اصفهان اصفهان کارون,1,36743,0
اصفهان اهواز کارون,1,36743,0
دریاچه سد کارون تنگه قاسمی خوزستان,1,36743,0
زاینده ارومیه کارون سد گتوند خوزستان هورالعظیم شیراز ارامگاه کوروش,1,36743,0
کارون سد کارون دز,1,36743,0
خوزستان خوزستان خوزستان خوزستان خوزستان کارون کارون,1,36743,0
کارون کرخه هورالعظیم دریاچه ارومیه هیرمند هامون راین,1,36743,0
هامون کارون زاینده دریاچه ارومیه ببر مازندران,1,36743,0
ابادان خرمشهر کارون,1,36743,0
کارون اذربایجانه قصرالدشت,1,36743,0
خوزستان گتوند کارون,1,36743,0
نیل ادم غرب کارون ارس جاجرود زاینده باهوکلات چغاتو طالقان سفید اترک مام میهم,1,36743,0
تالاب مرداب انزلی هیرمند گاوخونی میانکاله دز ارومیه گیلان مازندران خوزستان ایران,1,36743,0
چهارمحال وبختیاری میانکاله,1,36743,0
منطقه اولار ایری انتظار گرک اولمویا هورالعظیم قورودو اذربایجان ری میانکاله بي لنچی,1,36743,0
میانکاله زاغ مرز,1,36743,0
پتروشیمی اردبیل میانکاله,1,36743,0
زاینده تونل کوهرنگ یزد کارون اصفهان زاینده خورده اصفهان,1,36743,0
زاینده مرده دریاچه ارومیه میانکاله ایران,1,36743,0
جنگل فندقلوی استان اردبیل پتروشیمی میانکاله,1,36743,0
پتروشیمی میانکاله دنیا,1,36743,0
میانکاله هورالعظیم استان خوزستان,1,36743,0
پتروشیمی میانکاله افتتاح,1,36743,0
دماوند کارون خلیج فارس ایران ایران,1,36743,0
میانکاله زاینده خوزستان سراوان ایران,1,36743,0
تالاب میانکاله میانکاله,1,36743,0
ارومیه سد زاینده میانکاله,1,36743,0
میانکاله کوه البرز زاگرس زاگرس ایران,1,36743,0
جهان گلستان تالاب میانکاله,1,36743,0
جزیره میانکاله استان گلستان,1,36743,0
پتروشیمی میانکاله شیراز,1,36743,0
استان کارون اصفهان,1,36743,0
قصر تهران,1,36743,0
حصار کارون اهواز,1,36743,0
روستاهای دهدز دوابر سد عظیم کارون,1,36743,0
خوزستان اروند کرخه خرمشهر شط العرب کارون,1,36743,0
کارون بلوار ساحلی اهواز,1,36743,0
شمال جنوب ایران کارون,1,36743,0
خوزستان سیستان زاگرس کارون,1,36743,0
کارون زاینده دریاچه ی ارومیه,1,36743,0
خیابان اذربایجان ازادی دامپزشکی اذربایجان تقاطع کارون و جیحون,1,36743,0
دریاچه ارومیه خلیج فارس خوزستان ایران ایران,1,36743,0
تهران جیحون کارون لوت قم,1,36743,0
کارون شانه کویر لوت,1,36743,0
فلات ایران زاینده فارس سیستان یزد خراسان کرمان خلیج فارس,1,36743,0
خوزستان بندر عباس بوشهر,1,36743,0
فلکه معروف قلعه چن شهرستان کارون اهواز,1,36743,0
اهواز ازادی کارون,1,36743,0
خیابان کارون ابان,1,36743,0
کارون چشمه چهارمحال مال اصفهان,1,36743,0
ایذه سد کارون,1,36743,0
تهران خوزستان خوزستان کارون,1,36743,0
ایران خلیج پارس کارون ارس زاینده دریاچه ارومیه ایران ایران,1,36743,0
تقاطع طوس و کارون,1,36743,0
کارون دجله فرات,1,36743,0
اصفهان اهواز,1,36743,0
خانه خیابان کارون خانه م کشوری,1,36743,0
کارون کارون اصفهان چهارمحال وبختیاری اصفهان میکردید خوزستان,1,36743,0
رودخانه شراب تالاب گاوخونی لین چهارمحال کارون کارون,1,36743,0
حوضه کارون حوضه کارون استانهای همدان مرکزی لرسنان اصفهان چهارمحال و خوزستان حوضه خوزستان,1,36743,0
چهارمحال بختیاری کارون اصفهان,1,36743,0
کارون زاینده کارون خور,1,36743,0
استان چهارمحال حوضه کارون خوزستان,1,36743,0
زاینده کارون اصفهان اصفهان,1,36743,0
خوزستان استان,1,36743,0
اصفهان اصفهان کارون کارون زاینده اصفهان,1,36743,0
اصفهان اصفهان سمیرم اصفهان,1,36743,0
خیابان اذربایجان خیابان کارون,1,36743,0
دریاچه کارون,1,36743,0
خوزستان اصفهان خوزستان اصفهان سمیرم فریدن اصفهان,1,36743,0
کارون زردکوه کهکیلویه زاینده سراب چهارمحال درصدش,1,36743,0
سمیرم فریدونشهر اصفهان اصفهان اصفهان کارون,1,36743,0
کارون هور کرخه دز کرخه دز,1,36743,0
کوهرنگ کارون دز زاینده مافیای زاگرس چشمه کوهرنگ,1,36743,0
ایران ایران کویر مرکزی,1,36743,0
قشم کارون زاگرس,1,36743,0
سد گتوند ایران رودخانه کارون شوشتر گتوند استان خوزستان سد گتوند رودخانه کارون سد کرخه,1,36743,0
اسراییل فلسطین جنوب خوزستان,1,36743,0
خوزستان کارون بشار شیراز بشار خرسان یزد,1,36743,0
کارون اذربایجان,1,36743,0
سروک غرب کارون,1,36743,0
خوزستان اصفهان سمیرم فریدن رودخانه خرسان کارون اصفهان اصفهان,1,36743,0
تنگ سرخ بشار کارون,1,36743,0
مارون تالاب شادگان خوزستان,1,36743,0
کربلا کارون خوزستان,1,36743,0
ایران تقسیم بن بروجن کارون انتقال بن و بروجن کارون,1,36743,0
کارون زاینده زاینده بروجن,1,36743,0
خیابان کارون اذربایجان بهنود کارواش کارون دندان پزشکی,1,36743,0
سد گتوند کارون سد گتوند,1,36743,0
دهدز ه شهرستان ایذه سد کارون,1,36743,0
اسکل اهواز پل کارون,1,36743,0
خوزستان خوزستان خوزستان کارون فارس,1,36743,0
ایران سرچشمه کارون زرد,1,36743,0
عابر پیاده کارون,1,36743,0
نیروگاه رامین اهواز رودخانه کارون,1,36743,0
دریاچه ارومیه کارون زاینده زیبا نری ده هیرمند,1,36743,0
پل معلق کارون,1,36743,0
چلگرد تونل کوهرنگ تونل کوهرنگ زاینده کارون,1,36743,0
خوزستان رودخانههای کارون و دز رودخانه کارون و دز کارون و دز,1,36743,0
کارون خوزستان اصفهان اصفهان,1,36743,0
اهواز رودخانه کارون شهرهای ابادان خرمشهر ویس ملاثانی و شوشتر رودخانه کارون,1,36743,0
رودخانههای کارون و دز رودخانه کارون دز رودخانه کارون,1,36743,0
رودخانههای کارون و دز رودخانه دزفول,1,36743,0
شهرهای ابادان خرمشهر ویس ملاثانی و شوشتر پارس,1,36743,0
تپه قند دزفول پالایشگاه ابادان رودخانه کارون,1,36743,0
پالایشگاه ابادان رودخانه اروند,1,36743,0
قند دزفول پالایشگاه ابادان رودخانه کارون,1,36743,0
زرده,1,36743,0
استان کره مریخ,1,36743,0
گیلان اردبیل تهران لرستان,1,36743,0
رودخانه خشک کارون,1,36743,0
خاوران,1,36743,0
چشمه کوهرنگ ایران چشمه کارون زاینده رودی,1,36743,0
تونل کوهرنگ کوهرنگ کوهرنگ کارون,1,36743,0
اذربایجان گیلان خوزستان کارون دریاچه ارومیه زاینده,1,36743,0
سد دز و کارون اهواز,1,36743,0
کارون تنگه دلو,1,36743,0
خوزستان کارون اصفهان اصفهان,1,36743,0
رودخانه زاینده کارون چشمه کوهرنگ چشمه زرده کوه چشمه اصل رودخانه کارون کوهرنگ اصفهان,1,36743,0
مرداب انزلی تهران,1,36743,0
کارون خخخخخخوی ژژووسپسمک,1,36743,0
وه کارون,1,36743,0
تونل کوهرنگ کارون زاینده سرازیر,1,36743,0
موزه شهیاد ازادی تهران,1,36743,0
دریاچه کارون خوزستان سد کارون,1,36743,0
کارون دریاچه ارومیه زاینده ایران,1,36743,0
سد کارون تنگه قاسمی,1,36743,0
ایران کارون زاینده کویر لوت,1,36743,0
پاساژ کارون خیابان زند,1,36743,0
کارون کرخه دز کارون کرخه,1,36743,0
تنگه قاسمی دریاچه سد کارون,1,36743,0
تنگه قاسمی,1,36743,0
خوزستان ایلام ستان اصفهان کرخه کارون,1,36743,0
عالی قاپو بستنی کارون اردبیل,1,36743,0
شمال تهران خونه کارون,1,36743,0
پارک جزیره ی کارانه کارون,1,36743,0
پارک جزیره کارانه اهواز کارون,1,36743,0
بو کارون زاینده رودا سو اپا رماغی ایسته ییر,1,36743,0
چهارمحال حوضه کارون چهارمحال شیدا زاینده سال چهارمحال,1,36743,0
ایران ازش ای استان سرچشمه ایرانه زاینده و کارون,1,36743,0
کارون زاینده رودن زاینده رود اصفهان اصفهان,1,36743,0
سد کارون سد کرخه سد گتوند,1,36743,0
خوزستان کارون کارون کرخه,1,36743,0
حوضه زاینده مناطق جنوبی غرب استان اصفهان,1,36743,0
زاب ارومیه خلخال اردبیل کتول شاهرود هلیل کارون کرمان رفسنجان زاینده یزد بروجن کاشان,1,36743,0
کارون چهارمحال وبختیاری,1,36743,0
طرح اماک,1,36743,0
رودخانه خراجی چهارمحال بهشت کارون,1,36743,0
کارون تونل کوهرنگ زاینده گا,1,36743,0
جنگل خواری کوه خواری زاینده کارون,1,36743,0
اهواز کارون ماهشهر,1,36743,0
کارون دز زاینده رود,1,36743,0
رودخانه کارون رضا دقتی,1,36743,0
اقلیم خوزستان کارون تهران تجریش,1,36743,0
کارون بهار کرخه و دز,1,36743,0
سرچشمه دز کارون,1,36743,0
تونل کوهرنگ کارون زاینده,1,36743,0
رودخانه کارون شمال جنوب بستر کارون شهر اهواز کارون,1,36743,0
دزفول رودخانه تخلیه مستقیم دزفول ابادان خرمشهر کارون اروندرود,1,36743,0
شهرستان کارون شهر کوتعبدالله شهرستان کارون خوزستان,1,36743,0
دزفول خوزستان کارون تهران,1,36743,0
رودخانه کارون پارک جنگی گمبوعه ارامگاه بن مهزیار اشکفت سلمان,1,36743,0
دشتهای گتوند شوشتر کارون,1,36743,0
خوزستان جاسم کارون,1,36743,0
شرق مرکز کارون,1,36743,0
زدی کارون اهوازی,1,36743,0
اصفهان اصفهان کارون زاینده ایران,1,36743,0
بینام وس,1,36743,0
شهرستان ایذه استان خوزستان کارون,1,36743,0
بقیع بقیع صاحب,1,36743,0
شط دجله فرات شط کارون,1,36743,0
ابشار شیراباد ابشار لوه توسکستان رامیان النگ دره,1,36743,0
میانکاله کومه,1,36743,0
نهر کارون ماش نهر سیروان,1,36743,0
کارون هورالعظیم اصفهان,1,36743,0
خرمشهر سیدنی,1,36743,0
چهارمحال کارون اصفهان,1,36743,0
کارون دزداران و کوفی,1,36743,0
خوزستان ایران خوزستان جهان دز کارون کرخه جراحی مارون اروند بهمن بختیاری,1,36743,0
اب دجله و فرات رودها شط شط کارون,1,36743,0
کارون کارون اهواز,1,36743,0
اصفهان شیراز کارون تهران استان,1,36743,0
ور چپه کارون ابادان,1,36743,0
خوزستان امیدیه سوسنگرد کارون,1,36743,0
لوت لی زه کارون یم لوی کنا ه پختون,1,36743,0
کارون باهنر,1,36743,0
بندر ماهشهری,1,36743,0
رودخانه امازون کارون,1,36743,0
بامیان نیزوران کارون بامیان محله کاوه اصفهان مشهد,1,36743,0
اهواز کارون سمنان,1,36743,0
زنجان یزد همدان,1,36743,0
شمال خوزستان جنوب خوزستان کارون دز اصلش ون,1,36743,0
کارون مرداب انزلی,1,36743,0
اهواز کارون خلیج فارس م بای بای,1,36743,0
قم رودخانه قم زاینده اصفهان کارون,1,36743,0
سرشاخههای کارون و کرخه,1,36743,0
خوزستان خوزستان خوزستان ابم ال کارون کارون اروند کارون,1,36743,0
اهواز کارون خیابان لشکراباد پارک ساحلی ادمی مهربان اهواز,1,36743,0
بوشهر ه دزفول,1,36743,0
خرمشهر محمره محمره جعفری کارون ایران,1,36743,0
ستان کارون,1,36743,0
شهر نخل کارون,1,36743,0
خوزستان شط کارون,1,36743,0
حوضههای دز و کارون خوزستان,1,36743,0
دز و کارون,1,36743,0
حوضههای دز و کارون,1,36743,0
سد دز,1,36743,0
رود خونه کارون,1,36743,0
مدرسه شطرنج پاییز اهواز گیلان ایران,1,36743,0
تالاب انزلی زاگرس زاینده کارون هامون ارومیه,1,36743,0
هورالعظیم کرخه کارون خوزستان,1,36743,0
باب ندریای ساحل کارون,1,36743,0
کارون ارس,1,36743,0
منطقه اب رنگ حوضه کارون و چهارمحال و بختی سد کارون سبزکوه چغاخور بروجن چهارمحال لردگان سد کارون,1,36743,0
استانهای مرکزی اصفهان سمیرم و فریدونشهر لرستان چهارمحال وبختیاری کهکیلویه و بویراحمد خوزستان و خوزستان استان چهارمحال حوضه سبزک وه چغاخور سد کارون,1,36743,0
کارون شهر تستر اح واز اشغالی,1,36743,0
سایت زباله سراوان گیلان کارون زاگرس,1,36743,0
نیروگاه بوشهر,1,36743,0
کارون کرخه کشاورز,1,36743,0
پارک جزیره جفت کارون,1,36743,0
ایران کارون سفیدرود ایران کرخه,1,36743,0
کارون کوه زاگرس,1,36743,0
کارون شط کارون,1,36743,0
خوزستان چهارمحال وبختیاری کارون,1,36743,0
ایران فارس ایران فارس ایران فارس کارون ایران ایران ایران,1,36743,0
اصفهان خوزستان اصفهان کارون اصفهان خوزستان زاینده خشکی اصفهان,1,36743,0
دریاچه ارومیه رودخانه کارون تالاب شادگان هورالعظیم شوش کورش,1,36743,0
کارون دجله فرات کارون,1,36743,0
شهرک نی شرکت کشت و صنعت کارون شوشتر دزفول جاده شوشتر و دزفول,1,36743,0
خبر,1,36743,0
منطقه مهدیس,1,36743,0
کارون سرچشمه تونل کارون بیابونیهای خوزستان چهارمحال,1,36743,0
هور العطیم کارون کرخه شط جراحی,1,36743,0
کارون و دز کویر یزد کرمان اصفهان,1,36743,0
شهر شیبان خوزستان کارون,1,36743,0
هیرمند کرخه کارون زاینده,1,36743,0
اکراین کهریزک کارون ایران,1,36743,0
ایران خوزستان خوزستان کارون اهواز,1,36743,0
احواز,1,36743,0
ساختمان مرکزی مناطق نفتخیز جنوب طبقه شهر اهواز,1,36743,0
اهواز رودخانه کارون پل فولاد,1,36743,0
غرب کارون فلات قاره خلیج فارس دریای کاسپین,1,36743,0
تدبیر,1,36743,0
ژاله کارون,1,36743,0
پارس صحرا ایران پاسفیک فلسطین,1,36743,0
خوزستان شمال خوزستان منطقه لالی شهیون سد کارون دشت سوسن,1,36743,0
مارون مارون میدانهای دارخوین و غرب کارون,1,36743,0
خیابان شریعتی شهرک کارون نارمک,1,36743,0
ایران ایران کارون خوزستان,1,36743,0
کارون کرخه دز اردوغان,1,36743,0
ایذه شاهی,1,36743,0
پل سد کارون استان چهارمحال وبختیاری,1,36743,0
دبی جهان کارون,1,36743,0
کارون تالاب شادگان,1,36743,0
نیزار ماهشهر کارون خوزستان,1,36743,0
هور العظیم خرمشهر ابادان خوزستان,1,36743,0
خوزستان ایذه کارون خوزستان,1,36743,0
استان ایذه سد کارون,1,36743,0
خوزستان کارون کرخه هورالعظیم خوزستان,1,36743,0
سد گتوند کارون,1,36743,0
انتر,1,36743,0
سد کارون خوزستان جهان,1,36743,0
سینما تهران صحرا پردیس کیان ماندانا ایران عصر,1,36743,0
عسلویه کنگان میانکاله,1,36743,0
دریاچه ارومیه خلیج گر تالاب میانکاله,1,36743,0
میانکاله زاینده کارون تالاب انزلی,1,36743,0
دریاچه ارومیه کارون عظمت زاینده گاوخونی میانکاله,1,36743,0
کارون کارون گتوند,1,36743,0
کارون دارخوین,1,36743,0
خوزستان باغ ترانه,1,36743,0
اروند ارس,1,36743,0
کارون قم,1,36743,0
کارون سد گتوند علیا,1,36743,0
خوزستان کارون رودخانه کارون,1,36743,0
کرمان گیلان,1,36743,0
سرو زرو خخه خلک کوی کوم ویدیو,1,36743,0
سرچشمه اصفهان سمیرم فریدونشهر استان اصفهان کارون,1,36743,0
پل طبیعی اهواز پل اهواز رودخانه کارون,1,36743,0
خیابان جیحون کارون جیحون,1,36743,0
روستای قلعه چنعان شهرستان کارون,1,36743,0
خیابان منطقه قلعه چنعان شهرستان کارون,1,36743,0
پاساژ کارون بساطی عربها دوست,1,36743,0
نیاوران,1,36743,0
بهشت عدن دجله فرات نهر کارون رودخانه خشک عربستان,1,36743,0
خوزستان ی کارون اصفهان کارون,1,36743,0
دهدز کارون,1,36743,0
بوستان سعدی,1,36743,0
لاش کارون خوزستان,1,36743,0
پتروشیمی میانکاله خزر سمنان,1,36743,0
میانکاله دریاچه ارومیه هورالعظیم کارون ایران,1,36743,0
زاگرس زیبا میانکاله دماوند,1,36743,0
صحرای میانکاله,1,36743,0
منطقه بندر ترکمن جزیره اشوراده میانکاله,1,36743,0
کرانه مشره تولی چارسدی پته داغ فضلی هوم دنیا پیجنی هو اغه متل دی سپی غاپی کارون,1,36743,0
شهر تهران دریاچه ارومیه کارون اذربایجان اصفهان کرمان,1,36743,0
کارون خوزستان کارون استان چهارمحال وبختیاری,1,36743,0
میانکاله بهشهر منطقه حفاظت میانکاله,1,36743,0
دریای خزر استان گلستان میانکاله,1,36743,0
کتول بهشهر میانکاله ساری,1,36743,0
میانکاله پتروشیمی زباله,1,36743,0
خزر فلات مرکزی میانکاله,1,36743,0
اهواز میانکاله اهواز,1,36743,0
ناهارخوران میانکاله,1,36743,0
فینسکو,1,36743,0
کویر اصفهان پتروشیمی میانکاله,1,36743,0
خوزستان شمال جزیره میانکاله,1,36743,0
دریاچه ارومیه زاگرس مرداب انزلی سد گتوند کثیف ولایته اخوندان,1,36743,0
دریاچه ارومیه هورالعظیم تالاب میانکاله,1,36743,0
کانال اشوراده پناهگاه میانکاله,1,36743,0
هامون هیرمند سیستان تنگ سرخ,1,36743,0
میدون سی اعلا میانکاله,1,36743,0
چه ی نفتی میانکاله,1,36743,0
میار کلای ساری,1,36743,0
شرق میانکاله,1,36743,0
زهاب دهخدا زهاب زهاب,1,36743,0
اذربایجان غرب دریاچه ارومیه زاینده و کارون,1,36743,0
کارون اونورم,1,36743,0
هورالعظیم خونه,1,36743,0
پل دزفول بند قیصر شادروان شوشتر,1,36743,0
کرخه عباس,1,36743,0
کارون کرخه دجله فرات,1,36743,0
غرب کارون کردستان سلام و بلوچستان,1,36743,0
لرستان قم کارون قمرود,1,36743,0
رودهای شمال و کارون,1,36743,0
کارون مملکت ایران ایران,1,36743,0
کارون چهارمحال اصفهان لرستان قم,1,36743,0
اباده خزر کارون ارومیه,1,36743,0
کوت عبدالله کارون اهواز,1,36743,0
جیحون هاشمی کارون,1,36743,0
اصفهان سرچشمه کارون اصفهان,1,36743,0
کارون زرد کوه چهارمحال مادر,1,36743,0
منطقه جیحون دامپزشکی کارون هاشمی,1,36743,0
حمیدیه اهواز خرمشهر ابادان اهواز کارون,1,36743,0
حی اهواز کیانپارس شرق مجتمع تشریفات طبقه واحد اهواز نادری خ حافظ جنوبی پارکینگ کارون ساختمان خاتم الانبیا,1,36743,0
کارون کارون بهمن شیر خسرواباد ابوف,1,36743,0
خوزستان کارون کرخه جان هورالعظیم,1,36743,0
سیستان خوزستان هورالعظیم,1,36743,0
خونه هاشمی کارون,1,36743,0
مرداب انزلی دشت انزلی کارون هیرمند ارومیه,1,36743,0
هیرمند کرخه کارون سپیدرود,1,36743,0
ایران کارون تگزاس,1,36743,0
لاش ی کارون,1,36743,0
قلعه چنعان خوزستان,1,36743,0
کوهرنگ کارون بشار یاسوج ران شیراز اصفهان,1,36743,0
اصفهان دهدز پل شال ایذه کارون,1,36743,0
دشت سوسن ایذه شمال غرب شهرستان دشت سوسن رودخانه خروشان کارون دوبخش شرق و غرب تقسیم عبور کارون دشت سوسن,1,36743,0
خیابان لشکر پل کابلی کارون تهران اهواز,1,36743,0
کرسنت ایران دریاچه ارومیه بختگان پریشان جازموریان کارون سد گتوند جدیدش هراز,1,36743,0
پاس گه زید دارخوین کارون گل باران,1,36743,0
تربت کربلا کارون حله,1,36743,0
کارون ابادان شوشتر دزفول,1,36743,0
دریاچه ارومیه کویر نمک کارون اصفهان,1,36743,0
خوزستان دز شوش دزفول دریای خروشان دز و کرخه و کارون,1,36743,0
نیروگاه رامین اهواز رودخانه کارون تصفیه خانه شهرویس ویس شهرستان باوی شهر اهواز,1,36743,0
سد گتوند کارون کارون اهواز,1,36743,0
خوزستان کارون سد هیرمند,1,36743,0
دز قم کارون,1,36743,0
کارون اهواز اهواز,1,36743,0
غز اویه شهرستان کارون,1,36743,0
سرا,1,36743,0
جیحون کارون,1,36743,0
خیابان کارون کریم,1,36743,0
سد گتوند کارون کارون,1,36743,0
اهواز اصفهان زاینده,1,36743,0
خوزستان کارون دز کرخه کارون اهواز,1,36743,0
ارومیه کارون هامون زاینده بختگان دماوند ایران,1,36743,0
دریاچه نمک قم زمین,1,36743,0
شمال شهر تهران تهران,1,36743,0
روستاهای کرب ال فارس,1,36743,0
چخ بر زاینده,1,36743,0
اب تل تل,1,36743,0
یزد یزد یزد,1,36743,0
سیستان ایران دشت تفتی منطقه سیستان,1,36743,0
تالاب بزنگان سرخس,1,36743,0
استان اصفهان زاینده ماه,1,36743,0
دریاچه ی هامون,1,36743,0
ایران کویر یزد اصفهان کرمان,1,36743,0
شهر اصفهان بهشهر شهر تهران,1,36743,0
اقیانوس غرب,1,36743,0
اصفهان ایران خاور میانه,1,36743,0
شهر سخن ملک,1,36743,0
روستاهای کوردستان کوردا مون,1,36743,0
دهکده زاینده,1,36743,0
اصفهان وین,1,36743,0
اصفهان روستای کوچصفهان,1,36743,0
ارومیه دریاچه ماه نازلو چای,1,36743,0
سرزمین رستم,1,36743,0
یزد اصفهان یزد غرب اصفهان,1,36743,0
اردبیل ایران,1,36743,0
خوزستان کوهرنگ یزد اصفهان استان یزد,1,36743,0
دریاچه ارومیه ایران دریاچه ایران,1,36743,0
جنگلهای سیاهکل و رودبار,1,36743,0
مازندران مرزن چالوس,1,36743,0
منطقه ساتر مرکزی چالوس,1,36743,0
استان رخ شهرستان شفت رودبار فارس,1,36743,0
پلاسکو ایران,1,36743,0
بلوچستان گلشن,1,36743,0
پارک ملی پارک ملی,1,36743,0
کردکوی استان گلستان,1,36743,0
گلستان جنگل دراز,1,36743,0
ایران جنگل گلستان,1,36743,0
بالی جنگل ابر گلستان,1,36743,0
مرداب انزلی,1,36743,0
شرق کشور شمال کشور,1,36743,0
جنگل نوشهر,1,36743,0
منطقه عالم مرکزی نوشهر,1,36743,0
استانهای کردنشین بیتلیس و بینگل,1,36743,0
تالاب انزلی مناطق فشم و لواسان تهران,1,36743,0
فرودگاه کابل,1,36743,0
باجو مریوان شهر مریوان,1,36743,0
شمال کشور زاگرس دریاچه هامون دریاچه ارومیه تالاب میانکاله,1,36743,0
ایران خاورمیانه جاده کازرون شیراز,1,36743,0
ایران سردشت اذربایجان غرب,1,36743,0
غرب و شمال ایران,1,36743,0
اصفهان جهان پاسارگاد دریاچه ارومیه دریاچه کاسپین,1,36743,0
کالیفرنیا زمین,1,36743,0
جهان گلستان,1,36743,0
رودخانه زهره استان خوزستان سد چم شیر رودخانه,1,36743,0
همدان قم بیرجند بروجرد,1,36743,0
دریاچه جوان رودخانه کلوتها دریاچه جوان کویر لوت دریاچه کلوت دریاچه کوت,1,36743,0
ایران یزد اصفهان اصفهان جهان,1,36743,0
استان اصفهان غرب استان,1,36743,0
شهرستان فریدونشهر اصفهان,1,36743,0
یزد اصفهان زاینده بگردید,1,36743,0
اراک نیروگاه شازند,1,36743,0
دز کارون,1,36743,0
اصفهان اصفهان یزد کرمان,1,36743,0
زاینده اصفهان انزلی,1,36743,0
زاینده اصفهان کارون زاینده اصفهان,1,36743,0
وین اصفهان جهان ایران,1,36743,0
اردکان یزد اصفهان یزد یزد اصفهان,1,36743,0
تون ایالت اریزونا,1,36743,0
جنوب شمال کشور چهارمحال دوش لرستان,1,36743,0
زاینده نبا,1,36743,0
خوزستان اصفهان کارون ایران,1,36743,0
چهارمحال تونل بهشت,1,36743,0
وبختیاری ایران,1,36743,0
دبی زاینده کوهرنگ اصفهان,1,36743,0
اصفهان لرستان,1,36743,0
شهر قامیشلو روژ اوا,1,36743,0
چهارمحال دشت جاده نايین اصفهان,1,36743,0
اصفهان زاینده رودخانه اصفهان پل خواجو,1,36743,0
اصفهان بختیاری جلگه خوزستان,1,36743,0
قلعه الموت قزوین,1,36743,0
گیلان یزد اصفهان,1,36743,0
اصفهان چهارمحال بالادست خوزستان دریاچه ارومیه,1,36743,0
فارس کامفیروز فارس,1,36743,0
استان اذربایجان,1,36743,0
شرق جنوب اسیا,1,36743,0
نطنز نطنز اراک نیروگاه بوشهر,1,36743,0
اهر رودخانه زنداباد اهر چای,1,36743,0
ایران نوادا,1,36743,0
اقیانوسیه,1,36743,0
خوزستان خوزستان ابادان اهواز,1,36743,0
طال ی,1,36743,0
ایران سیستان بلوچستان,1,36743,0
همیلتون,1,36743,0
ایران ایران جهان ایران,1,36743,0
الاسکا,1,36743,0
تهران لندن حومه,1,36743,0
دریاچه ارومیه دریاچه چیچست یم ایران خاورمیانه دنیا,1,36743,0
ایران تهران طهران,1,36743,0
ایران ایران شرق غرب,1,36743,0
هرات ولایتهای غور و بادغیس هرات,1,36743,0
ایران جهان ایران کشور جهان,1,36743,0
ایران تهران تهران,1,36743,0
تهران جنوب کشور اصفهان مرکز تهران,1,36743,0
تالاب رودها,1,36743,0
اصفهان زاینده زمین ایران,1,36743,0
یه,1,36743,0
مارماریس استان موغلا,1,36743,0
بدخشان پنجشیر بامیان کنر نورستان پکتی کا,1,36743,0
بدخشان پنجشیر بامیان پکتی کا خوست,1,36743,0
مارماریس روستای امازان استان موغله,1,36743,0
سد دز کرخه زاگرس خوزستان,1,36743,0
دره شام نورستان,1,36743,0
جنگل ات نورستان,1,36743,0
جبل مکبر بیت المقدس اشغالی,1,36743,0
طرطوس جنگل نبی متی شرق طرطوس و غرب استان حماه,1,36743,0
جنگلهای مهرو يیه فاریاب,1,36743,0
گیلان لاهیجان شفت,1,36743,0
منطقه تنگ خور لامرد لامرد منطقه تنگ خور روستای لاورخشت شهرستان لامرد,1,36743,0
کره شوگا,1,36743,0
جنگلهای بانه و مریوان,1,36743,0
خاي یز زاگرس,1,36743,0
ساختمان پلاسکو,1,36743,0
هراز ایران,1,36743,0
شمال رشت,1,36743,0
زیست کره میانکاله میانکاله,1,36743,0
خواف,1,36743,0
شبه جزیره میانکاله شبه جزیره میانکاله شمال خلیج گر,1,36743,0
منطقه زینی شبه جزیره میانکاله,1,36743,0
کوه صفه چشمه بهنام چشمه خاجیک,1,36743,0
جنگل رویان,1,36743,0
جنگل کلاردشت نشتارود جنگل بندپی نوشهر جنگل ویسر کجور,1,36743,0
زاگرس خوزستان,1,36743,0
وین ایران ایران,1,36743,0
نوشهر دریا گیلان,1,36743,0
ایران بندر انزلی زاگرس کردکوی,1,36743,0
جنگل تنباکولوق,1,36743,0
تنباکولوق,1,36743,0
هوراند,1,36743,0
ماسوله,1,36743,0
رشت یزد شیراز,1,36743,0
بوشهر قشم کیش,1,36743,0
منطقه ازون,1,36743,0
بیمارستان خاورمیانه,1,36743,0
لویزان لویزان جنگل میانی لویزان حفاظت فیزیکی تپه,1,36743,0
ایران گلستان زاگرس,1,36743,0
زاگرس کشور زاگرس,1,36743,0
استم,1,36743,0
ساری ایران,1,36743,0
جنگلهای دالاهو زاگرس,1,36743,0
دریای خزر ایران,1,36743,0
محروم کهگیلویه وبویراحمد,1,36743,0
مجموعه جهان تخت جمشید,1,36743,0
پردیس تخت جمشید,1,36743,0
امازون زمین,1,36743,0
ایلام شهرهای مرکزی و شمال غرب کشور,1,36743,0
زاینده هورالعظیم دریاچه ارومیه کوههای تهران جنگلهای شمال سیستان و بلوچستان خوزستان ایران,1,36743,0
دریاچه ارومیه زاگرس خوزستان,1,36743,0
هیرکانی زاگرس,1,36743,0
بلوچستان زاگرس اقلیم بلوچستان,1,36743,0
زاگرس دریاچه مرگ ارومیه خلیج فارس عربی,1,36743,0
دریاچه ارومیه مهارلو بختگان هامون جازموریان باتلاق گاوخونی زاگرس,1,36743,0
دریاچه هاوقنات زاگرس هیرکانی ایران,1,36743,0
کوه حاتم ذغال خاي یز زاگرس,1,36743,0
ایران دریاچه حی ایران زاگرس,1,36743,0
گیلان لاهیجان,1,36743,0
زاگرس منطقه گچساران,1,36743,0
زاینده بختگان زاگرس کارون هورالعظیم,1,36743,0
زاگرس زاینده چهارمحال فارس خوزستان خوزستان دریاچه ارومیه,1,36743,0
تالاب المللی هامون,1,36743,0
زاینده بختگان هورالعظیم دریاچه ارومیه زاگرس تالاب انزلی کارون خاک هرمز بوشهر,1,36743,0
ارومیه ایران دریاچه ارومیه زاگرس جازموریان بختگان هامون,1,36743,0
بوستانهای سرسبز بهداد زاگرس,1,36743,0
زاگرس کرخه,1,36743,0
ایران شمال جنوب شرق غرب جنگلهای زاگرس,1,36743,0
تالاب انزلی دریای خزر دریاچه ارومیه ایران فلات مرکزی غرب ایران,1,36743,0
زاگرس غرب غرب,1,36743,0
زاگرس ه,1,36743,0
زاگرس ایرانه,1,36743,0
جنگل البرز زاگرس,1,36743,0
جنگل زاگرس,1,36743,0
گیلان شهرستان سیاهکل استان گیلان,1,36743,0
ارومیه زاگرس,1,36743,0
شمال استان تالاب هامون,1,36743,0
هنی نطوری,1,36743,0
رنیا غرب قاره,1,36743,0
قره داغه ایران اذربایجان,1,36743,0
اتوبان مدرس تهران,1,36743,0
باینگان ماسوله کنگ,1,36743,0
الموت الموت,1,36743,0
عربستان ایران کره زمین,1,36743,0
قطب شمال,1,36743,0
دنیا استان hebei پکن پکن,1,36743,0
غرب کشور زاگرس,1,36743,0
خیابان فرشته بزرگی,1,36743,0
کوهمره سرخی,1,36743,0
هرم وقع خاقانی نفره خاری امانوف,1,36743,0
جهان اصفهان کابل بخارا,1,36743,0
داون تاون بیابان خاری زمین,1,36743,0
بوستان ایران زمین,1,36743,0
محیط ایران دنیا غرب اسیا اروپا,1,36743,0
جهان برلین برلین,1,36743,0
المان برلین,1,36743,0
جنگل کلاماث ایالت کالیفرنیا,1,36743,0
قطب شمال دریاچه ماه,1,36743,0
ایران زاگرس دشت دامغان زاگرس,1,36743,0
شمال غرب تبریز قره داغ تبریز ارومیه اردبیل سرعین حیران,1,36743,0
فلات زاگرس,1,36743,0
اجرایی,1,36743,0
قشنگ,1,36743,0
چهارمحال و بختیاری ایران,1,36743,0
کویر مرکزی ایران اذربایجان,1,36743,0
استان روستای ایوریق,1,36743,0
منطقه سرباز,1,36743,0
کشور شمایی,1,36743,0
نهری شهر سروری,1,36743,0
مزارشریف,1,36743,0
کلورادو,1,36743,0
لنده,1,36743,0
خانه امیر,1,36743,0
ایران جهان کالیفرنیا کالیفرنیا ایران,1,36743,0
وار دی گور سوینیریخ,1,36743,0
شهر اهواز اصفهان سد گتوند علیا کارون اصفهان,1,36743,0
ولسوالی لعل و سرجنگل,1,36743,0
ایران یزد کرمان کاشان اصفهان ایران خلیج فارس دریای مکران,1,36743,0
سد عظیم بختیاری دز لرستان کارون دزفول اهواز و خرمشهر,1,36743,0
زان شرق و مرکزی کشور,1,36743,0
حور العین,1,36743,0
اردبیل زنجان اذربایجان,1,36743,0
ایران جهان ایران ایران جهان ایران,1,36743,0
اصفهان یزد کاشان اصفهان زاینده,1,36743,0
استان هرمزگان,1,36743,0
تخت جمشید شیراز تهران شهر ری قم,1,36743,0
نجد منطقه پاسارگاد,1,36743,0
شمال هلال,1,36743,0
تهران دجله,1,36743,0
ورزشگاه بایرن مونیخ,1,36743,0
وین اصفهان,1,36743,0
منطقه ریگان ابادی کرمان,1,36743,0
ایران ایران فلات مرکزی جنوب,1,36743,0
اصفهان نجف نجف زاینده,1,36743,0
سد فینسک مازندران شرق مازندران میانکاله خلیج گر مازندران,1,36743,0
مشهد تهران تهران مشهد تهران شیراز شیراز تهران,1,36743,0
لر ستان,1,36743,0
خیابان شمس جهاند,1,36743,0
اصفهان زاینده کوه صفه پارک جنگلی ناژوان شهر زاینده,1,36743,0
ساوالان قار یوخدی قوراخلخ خشکسالی نمای دیللر بیز ساوالانی بوجور گورممیشدوخ,1,36743,0
شهر مشهد,1,36743,0
شمس شهرستان رفسنجان شمس,1,36743,0
زاینده اب گاوخونی,1,36743,0
جنوب و شرق کوچیها,1,36743,0
وشمگیر الوم گلستان,1,36743,0
ایران تبریز,1,36743,0
هن و ساری سد فینسکی,1,36743,0
خوزستان زاینده پراب خوزستان,1,36743,0
باغ چری,1,36743,0
مراتع,1,36743,0
تالاب انزلی تالاب انزلی دریای کاسپین,1,36743,0
جنوب شرق ایران مشهد,1,36743,0
خاورمیانه غرب ایالات متحده,1,36743,0
دریاچه ارومیه جان,1,36743,0
دریاچه مهارلو جنوب گنبد حرم بن حمزه انتهای بهمن نیمه,1,36743,0
ایران ایران کربلا نجف ایران,1,36743,0
دالاس,1,36743,0
ایران دریاچه ارومیه ارومیه اذربایجان گیلان تهران,1,36743,0
فلات ایران جنوب البرز شرق زاگرس,1,36743,0
سد بختیاری تنگه سرخ کوهرنگ,1,36743,0
هی,1,36743,0
فلات ایران جنوب البرز شرق زاگرس اصفهان شمال بندر عباس و بوشهر,1,36743,0
سیستان و بلوچستان جنوب شرق ایران,1,36743,0
دماوند سد لار,1,36743,0
هجیج,1,36743,0
خراسان کرمان فارس جنوب خراسان,1,36743,0
منطقه گاییده,1,36743,0
خوزستان نیروگاه سد کرخه,1,36743,0
زمین سراب,1,36743,0
ایران جهان ایران ایران ایران,1,36743,0
خوزستان اصفهان خوزستان خوزستان,1,36743,0
مکه مدینه,1,36743,0
دشت مهیار,1,36743,0
اتشفشان,1,36743,0
گر دریای خزر,1,36743,0
کشور خاورمیانه,1,36743,0
سد رودخانه خشک گیلان سد پلرود,1,36743,0
کوه کندند دریاچه غرب شرق دریا,1,36743,0
سرزمین ایران بن موسی الرضا,1,36743,0
گرینلند جهان زمین,1,36743,0
چ,1,36743,0
حفظ,1,36743,0
منطقه دشت مرغاب پاسارگاد مقبره پاسارگاد شهرستان تخت جمشید,1,36743,0
ایران کارون دز غرب کارون خوزستان ه خوزستان,1,36743,0
اثار کشور غرب,1,36743,0
خوزستان بهمنشیر ابادان جنوب خوزستان,1,36743,0
دیره,1,36743,0
دریاچه زریوار,1,36743,0
دریاچه زریوار دریاچه زریوار استان کردستان,1,36743,0
قم مشهد,1,36743,0
اصفهان خوزستان یزد فارس,1,36743,0
غور دایکندی بادغیس,1,36743,0
جنوب کرمان جنوب کرمان جنوب کرمان,1,36743,0
رودخانه جاجرود,1,36743,0
ایران سرچشمه زاینده کارون اصفهان دشت شهرکرد شمال خوزستان,1,36743,0
چاه اباری ابندان پدر,1,36743,0
ایران ونکوور,1,36743,0
اسکندریه زمین,1,36743,0
استان چهارمحال بختیاری استان اصفهان,1,36743,0
باغ رفسنجان,1,36743,0
شلپ,1,36743,0
اصفهان یزد استان اصفهان فارس,1,36743,0
منطقه منطقه پاسارگاد شهرستان پاسارگاد,1,36743,0
کالیفرنیا کالیفرنیا,1,36743,0
چیم ون,1,36743,0
پل خواجو دوران دز سفیدرود,1,36743,0
دریاچه جوان کلوت شهداد کرمان رودخانه کلوتهای شهداد کرمان جوان کویر لوت دریاچه کلوت دریاچه کوت,1,36743,0
جنوب فارس کرمان,1,36743,0
زاینده اصفهان زاینده استان چهارمحال و بختیاری اصفهان یزد,1,36743,0
خلیج فارس ایران چاه,1,36743,0
خوزستان اذربایجان اذربایجان خوزستان دریاچه ناچیز,1,36743,0
روستای دمسیاه دی ماه,1,36743,0
جیرفت سومر بم ارتا جیرفت,1,36743,0
محور شیراز کازرون,1,36743,0
استان گیلان تهران,1,36743,0
رشت شمال جنوب,1,36743,0
مس سونگون ورزقان کرمان بای جان جنوبی,1,36743,0
شهرا باد شیراز,1,36743,0
چاه جمکران,1,36743,0
دریاچه ارومیه دریاچه ارومیه ایران خاور میانه دنیا,1,36743,0
صحرای مرکزی ایران,1,36743,0
جیرفت جیرفت,1,36743,0
هامون زابل زاهدان زابل زابل ایران,1,36743,0
فلات ایران اناتولی,1,36743,0
ایلام استان ایلام,1,36743,0
غرب کشور کرمانشاه,1,36743,0
روستای جنوب کرمان,1,36743,0
فارس هرمزگان بلوچستان سنگ پای لنگه,1,36743,0
ازبک ترکمن,1,36743,0
تهران جنوب تهران,1,36743,0
اصفهان چشمه کوهرنگ,1,36743,0
خوزستان اصفهان چهارمحال و بختیاری,1,36743,0
کویر نیروگاه نطنز,1,36743,0
یزد یزد اصفهان یزد اصفهان,1,36743,0
کوهرنگ گزاره یزد,1,36743,0
زاینده زاینده روده شهر اصفهان,1,36743,0
اذربایجان سمنان,1,36743,0
بیابان پدرامون ایران,1,36743,0
کوهرنگ مال,1,36743,0
غرب کشور کج قم فهان یزد کارون دز خوزستان قم اصفهان یزد,1,36743,0
خلیج فارس کویر خوزستان خلیج فارس,1,36743,0
خیابان طرفه,1,36743,0
دز هلیل سفیدرود,1,36743,0
ایران عربستان عربستان اروپا,1,36743,0
کوه ادم,1,36743,0
دریاچه کوت,1,36743,0
اصفهان اصفهان اصفهان پل خواجو,1,36743,0
جنوب و جنوب شرق رویه,1,36743,0
چهارمحال وبختیاری تونل بهشت گلاب چهارمحال حرفها اصفهان,1,36743,0
چهارمحال وبختیاری شهرکرد,1,36743,0
ایران رود ایران رود,1,36743,0
زاینده خشک زاینده رودخانه,1,36743,0
عهد,1,36743,0
روستای بندقیر استان خوزستان ایران,1,36743,0
زردکوه اصفهان,1,36743,0
رودخانه شرق اصفهان,1,36743,0
شمال جنوب شرق غرب,1,36743,0
حکمتی,1,36743,0
ارومیه جاده نازلو,1,36743,0
ساس کاتون تورنتو ایران,1,36743,0
منطقه هامون جهان,1,36743,0
خوزستان اصفهان فارس,1,36743,0
ذوب پالایشگاه,1,36743,0
استان تهران ایران,1,36743,0
ایران تورنتو,1,36743,0
سد نهرین طبس,1,36743,0
خراسان جنوبی سد نهرین طبس,1,36743,0
دریاچه اورمو اذربایجان غرب و شرق بحث دشت مغان قره سو دشت,1,36743,0
میناب ایران,1,36743,0
کالیفرنیا ایران ایران,1,36743,0
دریاچه ارومیه شمالغرب ایران,1,36743,0
استانبول خاورمیانه,1,36743,0
هرمزگان هرمزگان,1,36743,0
دجله فرات الوند کارون ایران ایران,1,36743,0
حوزه غرب و جنوب غرب,1,36743,0
اصفهان پارت اصفهان پارت,1,36743,0
خلیج گر ایران,1,36743,0
تهران اسیای میانه,1,36743,0
بغلان,1,36743,0
فلاحیه فلاحیه فلاحیه,1,36743,0
وین ایران تهران,1,36743,0
کابن توچال,1,36743,0
خیابان منوچهری شهر جهرم پایبست,1,36743,0
تهران اصفهان یزد کرمان,1,36743,0
ایران ایران خلیج فارس خلیج فارس,1,36743,0
خانه ملاعمر قندهار ایران,1,36743,0
نقش رستم,1,36743,0
روستای کوه حیدر بشاگرد,1,36743,0
ایران نوش جانش,1,36743,0
سیستان بلوچستان سیستان,1,36743,0
کشور اهورامزدا,1,36743,0
استادیوم ازادی شهر تهران,1,36743,0
تیمور فلات ایران خراسان,1,36743,0
قطب شمال ایگل,1,36743,0
لواسان سهروردی,1,36743,0
لاس,1,36743,0
زمین قطب شمال,1,36743,0
یوب وست کفتر,1,36743,0
استان قم شرق غ,1,36743,0
پارک جنوبی دروازی,1,36743,0
مشهد منطقه سرخس,1,36743,0
ایران نیمههای جنوبی شرق کشور,1,36743,0
شهر سیبری,1,36743,0
منطقه فریدونشهر,1,36743,0
تهران اهواز اهواز تهران,1,36743,0
سیستان هیرمند سیستان,1,36743,0
بجنورد اراک,1,36743,0
دریاچه دریاچه ی,1,36743,0
منطقه چلاو امل,1,36743,0
هورایزن,1,36743,0
اروپا ایران اروپا جهان,1,36743,0
پارک ملی یوسمیتی yosemite,1,36743,0
زیبا,1,36743,0
کاسپین گیلان مازندران استان هیرکان,1,36743,0
جزی خارک بوشهر خلیج فارس,1,36743,0
ایران الپ,1,36743,0
کوهرنگ زیبا,1,36743,0
منطقه اسم گیاها,1,36743,0
ایران کوه زاگرس البرز,1,36743,0
سیاهکل گیلان شهرستان سیاهکل استان گیلان,1,36743,0
ابشار کوه جاده برده سینه کش منطقه رودخانه سیروان,1,36743,0
مناطقی,1,36743,0
گیلان منجیل رودبار و لوشان ماسال,1,36743,0
ایران ایران ایران ایران ایران ایران ایران ایران ایران,1,36743,0
کرمان شمال کرمان,1,36743,0
تالاب لیپار سواحل مکران چابهار ایران,1,36743,0
خرمشهر ابادان دشت شادگان جهان زمین,1,36743,0
تگزاس اروپا اروپای شرق,1,36743,0
منطقه خاره,1,36743,0
ایران ایران جهان ایران جهان ایران,1,36743,0
فلات مرکزی ایران زاگرس ابرفتهای تاریخی النهرین ایران,1,36743,0
منطقه ادا,1,36743,0
مهاباد مهاباد,1,36743,0
لندن ایران نیل,1,36743,0
اروپا جهان ایران تهران,1,36743,0
راین اروپا,1,36743,0
اصفهان زمین گاوخونی,1,36743,0
گیلان مازندران ایران کره زمین,1,36743,0
شهرستان الامدا,1,36743,0
خوار,1,36743,0
استان همینقدر,1,36743,0
دریاچه اهنگ سیمین دشت فیروز کوه,1,36743,0
خاو ومیراباد شهرستان مریوان قله کوه,1,36743,0
جاده امل نور دریا,1,36743,0
منطقه منو,1,36743,0
پارک الحضن,1,36743,0
باغ ملی گیاه اروپا,1,36743,0
دانشکده کشاورزی شیراز شیراز,1,36743,0
پلدختر جاده ی لرستان اهواز,1,36743,0
استکهلم ریو,1,36743,0
غار ابشارها توکارتنا,1,36743,0
جنوب ایران کرانههای خلیج فارس شهرستان عسلویه استان بوشهر خلیج نای بند,1,36743,0
صحرا,1,36743,0
گیلان کشور استان گیلان,1,36743,0
شهر ایلام ایران ایلام ایران ایلام,1,36743,0
امازون امازون جهان,1,36743,0
جنوب م,1,36743,0
اهواز هورالعظیم خوزستان,1,36743,0
خوزستان اروپا زاگرس,1,36743,0
چخ ص,1,36743,0
دریاچه نمرود,1,36743,0
ساحل بهمن,1,36743,0
سیره کرمانشاه ایران,1,36743,0
منک وه شهر سی استان کهگیلویه وبویراحمد,1,36743,0
ارسباران جنگل ارسباران هیرکانی ارسباران استان اذربایجان شرق قره داغ ارازبار قراچه داغ,1,36743,0
اتوبان ارسه تهران,1,36743,0
معدن ادینه زنوز ییلاق زنوز,1,36743,0
منطقه حفاظت سلطنتی ملک خالد,1,36743,0
منطقه عمومی کربلای,1,36743,0
ایران پیست ی دیزین,1,36743,0
ناز ششصد هیدج خرمدره ابهر,1,36743,0
دریاچه تار,1,36743,0
منطقه حفاظت ملک سلمان بن عبدالعزیز,1,36743,0
ایران دنیا اروپا ایران,1,36743,0
شهرستانک شهرستانک ه,1,36743,0
منطقه سالی,1,36743,0
ایران فلات ایران کویر لوت شمال شمال غرب و غربش,1,36743,0
حوضه ابخیز نوژیان لرستان,1,36743,0
ایران قشم کیش,1,36743,0
فین,1,36743,0
مدیترانه مدیترانه دزفول,1,36743,0
تالاب سد نوروزلو میاندواب تالاب سد نوروزلو پانزده شهر میاندواب جاده میاندواب شاهین دژ و روستایی بهنام نوروزلو,1,36743,0
کوه مره ماشین اتوبان قم و گرمسار,1,36743,0
کوهستان میراب,1,36743,0
اصفهان تهران تهران,1,36743,0
سمیرم دنیا,1,36743,0
استان کهکیلویه و بویراحمد,1,36743,0
تهران مشهد کویر سمنان,1,36743,0
بویین الزهرا جاده بويین ساوه اسراییل,1,36743,0
رودخانه لای بیهای سیراب,1,36743,0
الموت,1,36743,0
مادربزرگم,1,36743,0
لافت,1,36743,0
سبزواب,1,36743,0
چشمه برین,1,36743,0
اتوبان یادگار خروجی توحید ستارخان,1,36743,0
حیات وحش نایبندان طبس,1,36743,0
زاگرس البرز,1,36743,0
عربستان نیوس اید اهواز,1,36743,0
تورنتو کوه هما,1,36743,0
هامون دریاچه هامون,1,36743,0
ویلا کس,1,36743,0
منطقه خاکش,1,36743,0
ایران دهان,1,36743,0
جزایر هرمز قشم کیش جزایر خلیج فارس,1,36743,0
اقاجان کوه,1,36743,0
کبک,1,36743,0
تالاب هامون وحید,1,36743,0
تالاب هامون,1,36743,0
کوهستان بونی,1,36743,0
کمپ هورومبو,1,36743,0
زابل سیستان و بلوچستان منطقه زابل زاهدان,1,36743,0
اروپا المان,1,36743,0
اروپا خاورمیانه اروپا,1,36743,0
acc,1,36743,0
رود خونه هامون,1,36743,0
دشت کبودراهنگ,1,36743,0
عربستان همدان ارومیه خوزستان شهرکرد,1,36743,0
سمنان سمنان,1,36743,0
ایستگاه پمپاژ ابرسانی کلان شهر اهواز,1,36743,0
اب اباریش هوری ا خالس کمر شهر سیراب,1,36743,0
همدان دنیا,1,36743,0
ایران خزر,1,36743,0
اروپا المان المان,1,36743,0
سوییس سوییس,1,36743,0
ایران ایران هرات ایران اروپا,1,36743,0
اروپا کره زمین,1,36743,0
ایران اصفهان ایران ایران ایران,1,36743,0
قرن,1,36743,0
رودخانه سايو نفر,1,36743,0
شمال شهر گناباد گناباد مشهد,1,36743,0
اروپا دنیا جهان,1,36743,0
اروپا خاور میانه ایران,1,36743,0
رشت همدان,1,36743,0
ممالک غرب,1,36743,0
کویر بیرجند ایران بیرجند خراسان جنوبی همدان شهرکرد همدان ایران,1,36743,0
اروپا همدان,1,36743,0
شهرکرد همدان,1,36743,0
اصفهان اصفهان اصفهان ایران اصفهان اصفهان,1,36743,0
خوزستان پاریس,1,36743,0
شهرکرد چشمه کوهرنگ سیستان و بلوچستان,1,36743,0
دریاچه سراب نیلوفر,1,36743,0
استان چهارمحال کرخه کرخه هورالعظیم,1,36743,0
فارس ایران فارس فارس,1,36743,0
سد اکباتان,1,36743,0
شهرکرد ایران شهرکرد,1,36743,0
روستای قاسم تهرانچی شهرستان خواف تهران,1,36743,0
خوزستان خوزستان درصد خوزستان,1,36743,0
کوهرنگ روستاهای شهرکرد,1,36743,0
راین ایران غرب,1,36743,0
ایران استانهای جنوبی و مرکزی,1,36743,0
فلسطین غزه,1,36743,0
سیستان و بلوچستان گلستان,1,36743,0
سیستان و بلوچستان روستای چابهار سیستان و بلوچستان,1,36743,0
استاد,1,36743,0
هورالعظیم هور العظیم دجله فرات کرخه دجله فرات کرخه ایران,1,36743,0
قاره اروپا ایران اروپا ایران ایران,1,36743,0
استانهای جنوبی و مرکزی,1,36743,0
هاید پارک لندن مشهد,1,36743,0
قاره اروپا ایران ایران اروپا ایران اروپا,1,36743,0
قحطی ه,1,36743,0
ارسنجان,1,36743,0
کرمان جاده راور,1,36743,0
جنوب اروپا,1,36743,0
کرخه راین,1,36743,0
قطب شمال قاره اروپا,1,36743,0
رودخانه راین اروپا جهان,1,36743,0
اروپا جهان ایران اروپا ایران اروپا ایران اروپا ایران,1,36743,0
اروپا اروپا اروپا,1,36743,0
اروپا رود خونه,1,36743,0
سرچشمه ربط اصفهان تونل زمین,1,36743,0
اروپا جهان اروپا اروپا,1,36743,0
همدان جهان,1,36743,0
گلستان بزرگی,1,36743,0
اروپا دانوب جهان,1,36743,0
رودخانه البه اروپا رودخانه البه شمال المان,1,36743,0
خوزستان اروپا ایران,1,36743,0
اروپا اقیانوس اطلس خاورمیانه مدیترانه,1,36743,0
دنیا هامون,1,36743,0
کالیفرنیا لس انجلس,1,36743,0
اروپا زمین جهان,1,36743,0
اروپا خاور میانه,1,36743,0
سبز,1,36743,0
اروپا رودخانه راین,1,36743,0
جهان اروپا دریاچه ارومیه,1,36743,0
اروپا شرق غرب اسیا زمین,1,36743,0
رودخانه راین المان اروپا,1,36743,0
دریاچه توه,1,36743,0
همدان چهارمحال و بختیاری همدان چهارمحال وبختیاری,1,36743,0
اروپا البرز,1,36743,0
زاینده هورالعظیم دریاچه ارومیه,1,36743,0
زاینده رود دریاچه ارومیه هورالعظیم ایران,1,36743,0
دجله فرات زاگرس مرکزی زاگرس مرکزی,1,36743,0
دریای هلمند ایران ایرا,1,36743,0
قاره اروپا,1,36743,0
شهرستان فرق جهان دهلران استان اهواز خوزستان ایلام همدان غرب کشور,1,36743,0
شمرون,1,36743,0
باغ باغ بزرگی,1,36743,0
منطقه تاریخ خندش,1,36743,0
همپشایر ساسکس,1,36743,0
کره ایران,1,36743,0
ایستگاه متروی بالارد پاریس زمین,1,36743,0
اروپا خاورمیانه کالیفرنیا,1,36743,0
اق ازادی تهران,1,36743,0
رودخانه پ منطقه لومباردی جهان,1,36743,0
کشور قریه ولسوالی بامیان,1,36743,0
اروپا اروپا اروپا اروپا اروپا,1,36743,0
اروپا اکراین,1,36743,0
فرانس,1,36743,0
اروپا قاره اروپا,1,36743,0
صحرای سیستان و بلوچستانی,1,36743,0
مدینه دمشق,1,36743,0
تایوان جهان,1,36743,0
ور بروم سیدنی ملبورن,1,36743,0
گر گر شهرستان,1,36743,0
هیرکانی زاگرس سد گتوند,1,36743,0
جنگلهای زاگرس,1,36743,0
جنگلهای امازون,1,36743,0
گیلان زاگرس,1,36743,0
ایران شرق غرب ایران,1,36743,0
جنوب غرب زاگرس,1,36743,0
خانه گور,1,36743,0
ایران شمال و غرب,1,36743,0
کویر لوت امازون,1,36743,0
جنوب تهران زاگرس,1,36743,0
منطقه گیان شهرستان نهاوند,1,36743,0
ابشار اب سفید لرستان الیگودرز تویسرکان همدان گیلان,1,36743,0
جاده چالوس جنگل سی سنگان کوه زاگرس,1,36743,0
کورد ستان زاگرس,1,36743,0
زاگرس ارشاد,1,36743,0
زاگرس کرمانشاه فارس,1,36743,0
فارس زاگرس,1,36743,0
مازندران زاگرس,1,36743,0
جنگلهای دم چنار استان کهگیلویه منطقه نهضت سبز زاگرس منطقه دمچنار,1,36743,0
زاگرس اسراییل,1,36743,0
زاگرس ایران زاگرس زاگرس,1,36743,0
کارون زاگرس,1,36743,0
زاگرس محمد,1,36743,0
ارسباران,1,36743,0
مه جنوبی کشور و مرکزی,1,36743,0
نیمه جنوبی,1,36743,0
زرت,1,36743,0
پارک ملی تندوره,1,36743,0
گاوخونی جازموریان فلات مرکزی ایران اصفهان کرمان,1,36743,0
زار استان کرمانشاه,1,36743,0
استهبان,1,36743,0
منطقه پشتکوه رودخانه تجن سمنان دشت تجن,1,36743,0
حضرتتون,1,36743,0
گیلان مازندران قزوین,1,36743,0
ایران ایران دشت عقیلی,1,36743,0
شهرستان کهگیلویه,1,36743,0
جنگل خانه کفتر,1,36743,0
چمنزارهای کرمان,1,36743,0
زاگرس فارس ابشارهای گلستان,1,36743,0
تهران دریای تهران,1,36743,0
ابشار بیشه لرستان زاگرس,1,36743,0
زاگرس جنگل گلستان,1,36743,0
سراوان قدس سراوان,1,36743,0
ایران خلیج فارس کویر زاگرس شمال دریای خزر,1,36743,0
گیلان سراوان,1,36743,0
رشت شیراز زاگرس,1,36743,0
سراوان جنگل سراوان,1,36743,0
جنگلهای شیکاگو,1,36743,0
میانکاله هورالعظیم دماوند زاگرس سمنان,1,36743,0
کوش کشانده چشمه اوسیاه,1,36743,0
غزه غزه غزه,1,36743,0
منطقه سعادت,1,36743,0
یوتا,1,36743,0
کویر لوت جنگلهای گلستان زاگرس,1,36743,0
ایران پارک نیلوفر نیاوران یاس جاده لشگرک,1,36743,0
روستای سین اتوبان پدریی,1,36743,0
خیابان رها,1,36743,0
دره پونک,1,36743,0
جزیره خارگ خارک,1,36743,0
خرم,1,36743,0
کردستان ایران,1,36743,0
ثریا ایران,1,36743,0
ایران زاگرس زاگرس ایران,1,36743,0
جاده صافکن,1,36743,0
عسلویه کرج,1,36743,0
ایران جاده ساوه,1,36743,0
باغ وحش وکیل,1,36743,0
نخاله,1,36743,0
زاگرس مهربان,1,36743,0
زاگرس بروم,1,36743,0
شهربازی بچههای ال کلبه جنگل,1,36743,0
گیلان شهر رشت,1,36743,0
کوه زاگرس شمال استان کرمانشاه,1,36743,0
مناطق لاهیجان سیاهکل رودبار رودسر و رضوانشهر,1,36743,0
جنگلهای ویسر کجور نوشهر,1,36743,0
محله تهرانپارس,1,36743,0
لرستان زاگرس,1,36743,0
فومن,1,36743,0
زاگرس هور العظیم هامون کوه مفقود هرمز دریاچه ارومیه ورزشگاه اریامهر,1,36743,0
زاگرس هکتار,1,36743,0
کارون کرخه دز دریاچه ارومیه هیرمند زاینده تالاب شادگان هورالعظیم هیرمند زاگرس گاوخونی,1,36743,0
جهان دشت افتاب,1,36743,0
مرخ یل جان,1,36743,0
زاگرس سد مارون شهر بهبهان سد مارون,1,36743,0
جنگل نورستان و کنر ات موسی خیل ره,1,36743,0
اصفهان کشور,1,36743,0
جنگلهای نورستان,1,36743,0
نورستان نورستان سو,1,36743,0
ناور,1,36743,0
تبریز اهر اهر ارسباران اردبیل دریاچه نيور و نيور,1,36743,0
زاگرس غرب زاینده زاینده ببین چهارمحال,1,36743,0
شمال کشور زاگرس,1,36743,0
زاگرس زاگرس ایران زاگرس,1,36743,0
زاگرس مازندران,1,36743,0
کمپ جنگل زخمیتون,1,36743,0
استان گلستان مازندران,1,36743,0
زاگرس دریاچه ارومیه تالاب هورالعظیم تالاب گاوخونی,1,36743,0
تالابها زاگرس,1,36743,0
دریاچه ایالت نوادا کالد ور جنوب تاه وی جنوبی,1,36743,0
استان کردنشین درسیم استان کردنشین درسیم,1,36743,0
هیرکانی,1,36743,0
اردبیل جنگل فندقش نرو خاورمیانه پل شیشه هیر نروی مشکین شهر نرو کوه سبلان سرعین شهربازی شورابل نرو,1,36743,0
تالاب پریشان,1,36743,0
زمین مریخ,1,36743,0
منطقه گردشگری رزداب خواف روستای رزداب شمال خواف ابشار رزداب,1,36743,0
زاگرس زاگرس مرکزی البرز خراسان زاگرس جنوبی,1,36743,0
رودخانه کار علم,1,36743,0
شهرستان کوهرنگ چهارمحال وبختیاری چشمه کوهرنگ,1,36743,0
اقلیم گلستان,1,36743,0
پتروشیمیهای ماهشهر فولاد خوزستان ماهشهر,1,36743,0
منابع زمین,1,36743,0
دلوار تنگستان بوشهر,1,36743,0
تالاب میانکاله مهاجر اروپا,1,36743,0
قره داغ شهر تبریز,1,36743,0
خلیج جزیره اشوراده میانکاله,1,36743,0
اهواز اصفهان تهران زاینده ارومیه میانکاله چالوس هورالعظیم,1,36743,0
مازندران حفاظت,1,36743,0
کشور مازندران دشت ناز و میانکاله,1,36743,0
تالاب میانکاله دریای خزر میانکاله,1,36743,0
تالاب میانکاله خزر,1,36743,0
تالاب کاله تالاب کانی برازان قشم,1,36743,0
تالاب میانکاله تالاب میانکاله میانکاله,1,36743,0
میانکاله تهران ساری,1,36743,0
ایران مشهد سد هراز امل سد گتوند خلیج فارس جازموریان پریشان میانکاله خشک تل,1,36743,0
ایران میانکاله ایران,1,36743,0
دریاچه میانکاله,1,36743,0
میانکاله خشک زاغمرز,1,36743,0
جنگل مازیچال,1,36743,0
غرب و شمال و جنوب,1,36743,0
ساحل خزر,1,36743,0
منطقه کوهرنگ زدند,1,36743,0
اشکور پل رود,1,36743,0
سد لنجان,1,36743,0
ورامین پساب چرمشهر ورامین,1,36743,0
دریای خزر کوه البرز,1,36743,0
استان دزدده,1,36743,0
رحم,1,36743,0
سوادکوه لفور بوجاق ارسباران فندقلو میانکاله اشوراده قفقاز,1,36743,0
میانکاله متل قو,1,36743,0
منطقه فنا,1,36743,0
امیراباد,1,36743,0
میانکاله هکتار میانکاله,1,36743,0
میانکاله منطقه حفاظت میانکاله,1,36743,0
تالاب انزلی میانکاله دزفول قشم کاشان,1,36743,0
گاوخونی میانکاله دریاچه نمک,1,36743,0
جاده چالوس جاده هراز تالاب میانکاله قلعه,1,36743,0
خن حفاظت,1,36743,0
رودخانه نمک مکان کاروانسرای دوران صفویه,1,36743,0
خداافرین قارا داغ روستاهای طوعلی سفلی و طوعلی علیا,1,36743,0
صحرا عربی صحرا ء زمین کره زمین,1,36743,0
برهوت,1,36743,0
خطیر,1,36743,0
شرق مازندران میانکاله,1,36743,0
دره سلام,1,36743,0
ابشار خرم تیر لرستان ایران,1,36743,0
کوههای فیروز کوه سبزی کوههای سوادکوه شیرگاه چالوس هیرکانی,1,36743,0
المان ایران کیلومتر,1,36743,0
باداب سورت,1,36743,0
جلگه دلتا کوهپایه,1,36743,0
خوزستان غرب کشور غرب کشور خوزستان,1,36743,0
شرق و حدودی مرکزی ایران خشکه غرب و شمال غرب و جنوب کهگیلویه و بویراحمد مازندران,1,36743,0
اذربایجان اسیای صغیر اسیای میانه اسیای صغیر اذربایجان اذربایجان,1,36743,0
اصالتا فارس استان کرمان داراب فارس شرق فارس,1,36743,0
استان فارس بوشهر هرمزگان خراسان اصفهان مرکزی یزد سمنان کرمان قزوین ایران,1,36743,0
منطقه طبس,1,36743,0
زیست میانکاله میانکاله بندرترکمن,1,36743,0
سد گتوند دروازه قران شیراز,1,36743,0
نوار غزه,1,36743,0
استانهای فارس,1,36743,0
ترن استاناس استان فارس,1,36743,0
فارس استانهای فارس,1,36743,0
مشهد شیراز شمال ایران,1,36743,0
رودخانه امازون,1,36743,0
علقمه کربلا,1,36743,0
زمین خوزستان,1,36743,0
ایران تخت جمشید ایران,1,36743,0
رود خونه هار,1,36743,0
ایران ایران سال,1,36743,0
ایران سیستان ایران,1,36743,0
لی میانکاله,1,36743,0
دریاچه ارومیه تالاب میانکاله اروپا,1,36743,0
میانکاله الخ,1,36743,0
میانکاله فریدونکنار,1,36743,0
باریکه شمال کشور شبه جزیره میانکاله جهان جنوب شرق دریای کاسپین,1,36743,0
کره ایران میانکاله,1,36743,0
ایران خزر تالاب سراوان گیلان میانکاله و انزلی,1,36743,0
اشوراده میانکاله جزیره رفیق,1,36743,0
کتول ابشار بهشهر تالاب میانکاله,1,36743,0
ساحل میانکاله دریای خزر,1,36743,0
دریای میانکاله,1,36743,0
خلیج گر تالاب میانکاله خشک مازندران,1,36743,0
ماهور نوراباد ممسنی,1,36743,0
تخت جمشید تخت جمشید تخت جمشید,1,36743,0
ویمبلدون,1,36743,0
تونل کوهرنگ کوهرنگ کوهرنگ گلاب چهارمحال اصفهان کویر,1,36743,0
رشت چهارمحال,1,36743,0
خانه ماوریک,1,36743,0
منطقه لرستانه منطقه گوسال نمیفهمید ی قوم,1,36743,0
زاگرس ه تقری,1,36743,0
اپن قسمت خوزستان زاگرس,1,36743,0
دماوند دماوند,1,36743,0
ابریز اترک,1,36743,0
قوچان رودخانه اترک,1,36743,0
شهر سامان چهارمحال وبختیاری اصفهان,1,36743,0
بیاب ونیم,1,36743,0
تهران کرج اصفهان اصفهان,1,36743,0
ایران جنوب شرق کشور,1,36743,0
سیستان ایران دریاچه هامون سیستان,1,36743,0
چشمه دره,1,36743,0
ترکستان دجله,1,36743,0
ایران بوشهر استان بوشهر جنوب شرق و شرق کشور,1,36743,0
اربیل بغداد اربیل بغداد,1,36743,0
پارک پارکی انتخاب اصفهان,1,36743,0
خاورمیانه کشور رضوی,1,36743,0
هیرمند سیستان هامون,1,36743,0
هورالعظیم کالیفرنیا,1,36743,0
روستای پاقلات استان فارس,1,36743,0
نن تونومیخوا,1,36743,0
سد سد خاکیه سیمره,1,36743,0
سد سفیدرود,1,36743,0
منطقه کولگ ایلام ایلام,1,36743,0
خوزستان چهارمهال بختیاری سرچشمه دریاچه ارومیه اصفهان,1,36743,0
استانهای زاگرس زاگرس زاگرس,1,36743,0
تنهای,1,36743,0
شمال فاکتور غرب شمال غرب ایران خاورمیانه,1,36743,0
جنوب سیستان اصفهان سمنان و خراسان,1,36743,0
ایران سرزمین ایران ایران,1,36743,0
درچه جویم,1,36743,0
پل چمران,1,36743,0
پل ارتباطی تمدن سند و سومر و النهرین زاینده ارتفاعات زاگرس و النهرین دریای کاسپی گیلان دریای,1,36743,0
ایران اونیک,1,36743,0
سیستان منطقه ماک,1,36743,0
خاورمیانه خرابه نیل فرات دجله,1,36743,0
کالیفرنیا ایران,1,36743,0
تخت جمشید بوانات,1,36743,0
یزد تهران,1,36743,0
روستای مایک گله تایی گوسفندمولد,1,36743,0
اسراییل ایران خاورمیانه اسراییل ایران خوزستان احمدی نژاد اسراییل,1,36743,0
شمال و غرب,1,36743,0
اراز خراسان,1,36743,0
امو دریای هلمند ایران,1,36743,0
ولسوالی سیغان,1,36743,0
جهان کره زمین کره زمین زمین کره زمین جهان کره زمین,1,36743,0
ولسوالی زرمت,1,36743,0
نیشابور کردستان,1,36743,0
اسمان زمین خوزستان,1,36743,0
تهران کرج مملکت شهروند,1,36743,0
میانکاله شمال خوزستان,1,36743,0
ولسوالی اقچه,1,36743,0
ایران ایران ارومیه ایران ایران,1,36743,0
کاریا,1,36743,0
نیم,1,36743,0
شهرستان مون دیمه,1,36743,0
ایران تهران اصفهان یزد,1,36743,0
حوضه دز,1,36743,0
ایران استان خوزستان کشورما,1,36743,0
خوزستان هورالعظیم تالاب دورق,1,36743,0
کاشان اصفهان اصفهان ایران,1,36743,0
شهر رفیع هویزه,1,36743,0
درشمال غرب و غرب اهواز تالاب هورالعظیم,1,36743,0
خاورمیانه جنوب غرب هورالعظیم و شادگان,1,36743,0
اهواز تالاب خشک ی هورالعظیم,1,36743,0
تالاب هورالعظیم هورالعظیم اکوسیستم خفنیه,1,36743,0
هورالعظیم تالاب هورالعظیم استان خوزستان,1,36743,0
تالاب وسعت هورالعظیم,1,36743,0
هورالعظیم و شادگان,1,36743,0
تالاب شادگان هورالعظیم نیمه ی غرب کشور,1,36743,0
خوزستان هورالعظیم رودهای خوزستان تالاب نود هورالعظیم,1,36743,0
دریاچه ارومیه عبدالعظیم,1,36743,0
تالابهای شادگان و هورالعظیم,1,36743,0
هویزه,1,36743,0
تالاب المللی انزلی سو,1,36743,0
بندرانزلی تالاب انزلی,1,36743,0
جاده ازاد حساب تالاب انزلی وون گیل,1,36743,0
مال داداش تالاب انزلی,1,36743,0
چراغ پشتان,1,36743,0
روستای چراغ پشتان,1,36743,0
گیلان تالاب انزلی تالاب انزلی,1,36743,0
اشنویه الیگودرز نیزار زریوار مریوان تالاب انزلی چشمه مانشت ایلام ابشار سوله دوکل ارومیه انزلی,1,36743,0
خوزستان زاگرس امازون تالاب انزلی,1,36743,0
تالاب انزلی انزلی تالاب انزلی,1,36743,0
دریاچه ارومیه تالاب گاوخونی تالاب هورالعظیم گتوندی عربستان خوزستان,1,36743,0
ایران سد کرج,1,36743,0
شهرکرد ایران ایران,1,36743,0
سیستان و بلوچستان اصفهان میانکاله مازندران دریاچه ارومیه,1,36743,0
مغان,1,36743,0
کشکان تیره دورود و مادیان پلدختر لرستان,1,36743,0
ایران سد گتوند خوزستان,1,36743,0
کارواش سامورایی تهران,1,36743,0
ایران بوشهر,1,36743,0
دریاچه تاریخ دریاچه ارومیه,1,36743,0
دریاچه ارومیه چیچست ایران خاورمیانه دنیا,1,36743,0
ایلام کهنوج قلعه گنج منوجان جنوب کرمان کوهرنگ,1,36743,0
رودخانه کرخه رودخانه استانه,1,36743,0
دعوت تون خوزستان تالاب شادگان تالاب هورالعظیم رامهرمز میشداغ دردشت ازادگان منطقه حفاظت خاییز بهبهان,1,36743,0
شهرستان اردستان,1,36743,0
ایران جنوب ایران شمال,1,36743,0
تالاب شادگان هورالعظیم سد گتوند خوزستان,1,36743,0
تالاب هورالعظیم و شادگان ارومیه هورالعظیم,1,36743,0
تالابهای شادگان هورالعظیم جنوب و غرب خوزستان اهواز خشکی کرخه دز نجد ایران,1,36743,0
هور العظیم شهرستان خوزستان ع,1,36743,0
تالاب هورالعظیم اهواز,1,36743,0
تالاب شادگان تالاب هورالعظیم تهران ایران,1,36743,0
خشک تالاب هورالعظیم هورالعظیم,1,36743,0
تالاب ایران ارومیه گاوخونی هورالعظیم گر نمک مهارلو و بختگان,1,36743,0
تالاب ایران ارومیه گاوخونی هورالعظیم مهارلو بختگان,1,36743,0
کرخه هورالعظیم کرخه,1,36743,0
ایران زمین کرانه جیحون,1,36743,0
خوارزم,1,36743,0
اصفهان ایران زمین,1,36743,0
ایران اقلیم ایران,1,36743,0
ایران ناحیه اقساد,1,36743,0
جنوب ایران اروپا,1,36743,0
زاینده خشک جلگه پراب خوزستان ایران,1,36743,0
زنجان اردبیل اذربایجان شرق,1,36743,0
دریاچه ارومیه دریاچه وان دریاچه سوان ایروان,1,36743,0
مرتع کله داخلشه,1,36743,0
عربستان ایران زمین ایران,1,36743,0
ایران شمال ویه قسمت ایران یزد کویرهای یزد,1,36743,0
روستای و ا شهرستان فلاورجان بادرود بهشهر اصفهان,1,36743,0
بافق یزد,1,36743,0
معدن طلای موت اصفهان خاورمیانه جهان,1,36743,0
نجد ایران,1,36743,0
ایران حومه,1,36743,0
شهرستان رودبار,1,36743,0
ایران خوزستان تهران اصفهان,1,36743,0
تبریز مشهد,1,36743,0
شهر باستان هرات,1,36743,0
ماشا لا,1,36743,0
سیستان نقاط ایران,1,36743,0
هامون سیستان,1,36743,0
سیستان دریاچه هامون,1,36743,0
ارته جیرفت شهداد فلات ایران,1,36743,0
کاخ اپادانا جهان,1,36743,0
منطقه کوه گنو,1,36743,0
تهران مونیخ,1,36743,0
نرفتم,1,36743,0
کوههای همدان,1,36743,0
ایران کارخانه فولاد کویر,1,36743,0
خزر خلیج گر تالاب میانکاله خلیج گر دریای خزر,1,36743,0
چهارمحال وبختیاری استان چهارمحال و بختیاری,1,36743,0
کفش اروپاییها اروپا,1,36743,0
ایران ایران قطب شمال ایران,1,36743,0
غرب ایالات متحده,1,36743,0
ایل سرگردان,1,36743,0
استان یزد,1,36743,0
شیراز یزد,1,36743,0
ایران تورین تهران,1,36743,0
مازندران ساری,1,36743,0
ایران اسراییل اسراییل دنیا جنوب ایران,1,36743,0
زاگرس شل الدون,1,36743,0
روستای دمسیاه کوتاه زمین ایران زمین,1,36743,0
بندر چابهار استان سیستان و بلوچستان چابهار,1,36743,0
سلسله,1,36743,0
دلفان,1,36743,0
چار محال و غرب اصفهان شرق اصفهان,1,36743,0
استان خوزستان فارس اصفهان,1,36743,0
فارس جهان ایران,1,36743,0
غرب مازندران شرق مازندران استان,1,36743,0
خوزستان غرب اسیا,1,36743,0
خراسان شهر یزد تهران خوزستان,1,36743,0
میانکاله مازندران میانکاله میانکاله,1,36743,0
غرب اسیا غرب کشور خوزستان,1,36743,0
منطقه اتان,1,36743,0
رودخانه دز زاینده,1,36743,0
خانه ملاعمر,1,36743,0
سد مهاباد دریاچه ارومیه اب اسفند ایران مهاباد,1,36743,0
هورالعظیم هور,1,36743,0
ایران دریاچه بختگان فارس دریاچه ارومیه,1,36743,0
ایران عربستان عربستان,1,36743,0
خوزستان استان ابتر,1,36743,0
ابم ان قط,1,36743,0
سیستان رودخانه هیرمند هامون,1,36743,0
ایران ایرا,1,36743,0
سیستان تالاب هامون سیستان,1,36743,0
خوزستان عربستان خوزستان,1,36743,0
سد پره سد زاینده کوههای کوهرنگ کوهرنگ,1,36743,0
استان ایلام ایلام کرج,1,36743,0
تهران همدان ایلام تنگ غار زینگان جنگلهای بلوط دره ارغوان زیبا ایلام,1,36743,0
ایران خلیج فارس دریای مازندران,1,36743,0
شیراز شیراز,1,36743,0
پارک باران,1,36743,0
ماه یزد خوزستان جنوب خراسان خوزستان بلوچستان جهان,1,36743,0
دریاچه بختگان دریاچه ارومیه بختگان ارومیه پانت,1,36743,0
دمشق ایران,1,36743,0
اروپا مدیترانه,1,36743,0
همسایتون,1,36743,0
ایران تهران استان تابستان,1,36743,0
چپر قویمه اق,1,36743,0
دریای میانه کره,1,36743,0
استانها تهران,1,36743,0
جنوب غرب کرمان,1,36743,0
استان سیستان و بلوچستان هامون,1,36743,0
البرز زاگرس,1,36743,0
ایران شمایی,1,36743,0
اهواز شمال کشور,1,36743,0
اردبیل سبلان,1,36743,0
استان لرستان شهرستان چگنی,1,36743,0
دوما کربلا,1,36743,0
سمنان البرز یزد اصفهان,1,36743,0
کربلا کویر سیچی,1,36743,0
روستای ابادی,1,36743,0
حوزه کرخه هورالعظیم,1,36743,0
سیستان یزد کرمان جنوب شمال زاگرس تهران,1,36743,0
زرنج شهر زرنج,1,36743,0
برسی,1,36743,0
رودخانه سرچشمه,1,36743,0
ولایتهای ارزگان و قندهار جنوب,1,36743,0
دشت هماغوش,1,36743,0
تهران فارس اصفهان,1,36743,0
شهر عسیر البهاء طايف خاورمیانه,1,36743,0
زباله سراوان رشت گوهر رود زرجوب تالاب انزلی دریای خزر کچ اوجوکلبندان سراوان,1,36743,0
بندر انزلی تالاب فصل گل لاله,1,36743,0
تالاب چمن نشسته ی انزلی,1,36743,0
تالاب انزلی تالاب امیرکلایه,1,36743,0
تالاب انزلی پارک ملی بوجاق,1,36743,0
تالاب انزلی ایران تالاب انزلی,1,36743,0
رشت تالاب انزلی,1,36743,0
دنیا انزلی,1,36743,0
تالاب انزلی ایران تالاب انزلی استان گیلان,1,36743,0
تالاب انزلی ک صکلک,1,36743,0
تالاب انزلی ماسال تالش,1,36743,0
تالاب انزلی انزلی تالاب انزلی منطقه چراغ,1,36743,0
منطقه چراغ پشتان تالاب انزلی,1,36743,0
استان گیلان تالاب انزلی,1,36743,0
تالاب انزلی تهران,1,36743,0
استان گیلان تالاب مرداب انزلی,1,36743,0
تالاب انزلی خانه اقازاده,1,36743,0
دریای کاسپین تالاب انزلی,1,36743,0
گیلان گیلان تالاب انزلی سراوان انزلی,1,36743,0
هکتار پارک ملی بوجاق,1,36743,0
انزلی تالاب رد صومعه سرا,1,36743,0
چال کندی دزفول تالاب سوستان انزلی تنگه براق شیراز دره توبیرون دزفول,1,36743,0
جنبی غازهای تالاب انزلی سرت رد,1,36743,0
سراوان چپل ی رودخانه و سیاهرود گذر شهر رشت تالاب انزلی,1,36743,0
کشور ایران تالاب انزلی,1,36743,0
تالاب انزلی مرداب مجتبی محمدی,1,36743,0
تالاب انزلی منطقه میانکاله ایران بیابانی کشور,1,36743,0
سراوان گیلان تالاب انزلی,1,36743,0
شمال ایران شمال ایران ایران تالاب انزلی,1,36743,0
میراث روستایی گیلان دریاچه سقالکسار تالاب انزلی پارک جنگلی داران تالش پل خشتی لنگرود شیطان کوه لاهیجان قلعه رودخان فومن م ماسوله ماسال,1,36743,0
انزلی قاضیان,1,36743,0
رودخانه دروی صومعه سرا تالاب انزلی,1,36743,0
کوثر گیلان ایران سد سفیدرود قزل اوزن سفیدرود تالاب انزلی,1,36743,0
انزلی مرداب تالاب بندر انزلی,1,36743,0
گیلان قدیم,1,36743,0
قلعه رودخان تالاب انزلی منطقه ازاد انزلی ماسوله ساحل چمخاله جنگل گیسوم کله سرا ابشار ویسادار روستای اولسبنگاه ماسال دریاچه سقالکسار ابشار لاتون روستا رودخانه صفرابسته سموش,1,36743,0
ایران تالاب انزلی تالاب گنداب,1,36743,0
تالاب انزلی دریای کاسپین,1,36743,0
رودخانه زرجوب پیر بازار تالاب انزلی,1,36743,0
تپه جنگل سراوان رشت تالاب انزلی,1,36743,0
هاوایی تالاب انزلی دوست,1,36743,0
گوهر رود زر جوب تالاب انزلی,1,36743,0
جنگل سراوان تالاب انزلی,1,36743,0
تالاب انزلی جهان,1,36743,0
لاهیجان منجیل,1,36743,0
بندر انزلی لاگون,1,36743,0
جاده چالوس جاده حیران ماسوله تالاب انزلی استارا,1,36743,0
منطقه حفاظت کشیم تالاب انزلی سلک ه سرخ اکل چوک ام تالاب انزلی ابکنار انزلی چاف لنگرود کیاکلا یه لنگرود سرا ناصرکیاده کهنه رودپشت لاهیجان,1,36743,0
تالاب المللی انزلی بوجاق امیر کلایه جوک ندان تالش استیل استارا,1,36743,0
تالاب انزلی مرامن,1,36743,0
سد تاریخی دریاچه عباس بهشهر تالاب انزلی,1,36743,0
سرپل ذهاب جنوب ایران اصفهان ابادان دریاچه ارومیه تهران,1,36743,0
گاوخونی هامون دریاچه ارومیه هورالعظیم,1,36743,0
خاورمیانه رودخانه زرینه تبریز دریاچه ارومیه ایران سراب گاماسیاب تبریز,1,36743,0
دریاچه ارومیه خاورمیانه رودخانه زرینه دریاچه ارومیه تبریز,1,36743,0
دریاچه ارومیه تربت حسین,1,36743,0
بادام بناب شبستر دریاچه ارومیه,1,36743,0
دریاچه ارومیه رودخانه,1,36743,0
دریاچه ارومیه سی و پل,1,36743,0
اشور جنوب دریاچه ارومیه,1,36743,0
دریاچه ارومیه تالاب گاوخونی,1,36743,0
خوزستان دریاچه خشک ارومیه,1,36743,0
دریاچه هامون ارومیه,1,36743,0
استان تالاب انزلی کیاکلایه لنگرود امیر کلایه لاهیجان,1,36743,0
دریاچه ارومیه ایران ارس,1,36743,0
ارومیه دریاچه نخ,1,36743,0
دریاچه چیتگر دریاچه ارومیه,1,36743,0
دریاچه ارومیه خزر خلیج فارس تبریز,1,36743,0
تبریز تبریز ایرانه اذربایجان دریاچه ارومیه,1,36743,0
شاش یدم دریاچه ارومیه مغولستان تون,1,36743,0
جدوابادتون دریاچه ارومیه,1,36743,0
دریاچه اندیشه,1,36743,0
دریاچه باشکوه ارومیه,1,36743,0
غرب دریاچه ارومیه,1,36743,0
دریاچه ارومیه دریاچه باغهای,1,36743,0
دریاچه ارومیه غرب کشور رشت و مازندران,1,36743,0
دریاچه چیچیسته ارومیه ایران,1,36743,0
اصفهان گیلان تالاب انزلی روستاهای صومعه سرا,1,36743,0
تالاب انزلی استان گیلان شهر بندر انزلی,1,36743,0
جنوب تالاب انرلی شمال صومعه سرا تالاب انزلی,1,36743,0
قره,1,36743,0
لاهیجان تالاب انزلی,1,36743,0
بلوار ساحلی انزلی,1,36743,0
دریا انزلی انزلی,1,36743,0
تالاب انزلی تالاب,1,36743,0
بندر انزلی,1,36743,0
دریاچه گچساران تالاب انزلی دریاچه ارال دریاچه ویکتوریا ابشار نیاگارا صحرای عربستان اقیانوس اطلس,1,36743,0
صومعه سرا رشت شهرستان انزلی,1,36743,0
تالاب انزلی سازمان,1,36743,0
تهران شیراز اذربایجان دریاچه ارومیه,1,36743,0
تالاب انزلی جنگلهای گیلان مازندران,1,36743,0
خانه یمان تالاب انزلی,1,36743,0
تهران تالاب اتش انزلی ایران ایران,1,36743,0
اصفهان خوزستان ارومیه تالاب انزلی اصفهان اصفهان,1,36743,0
تالاب انزلی کویر الکل,1,36743,0
تالاب بندر انزلی گیلان,1,36743,0
ایران تالاب انزلی ایران,1,36743,0
چیتگر چیتگر تالاب انزلی,1,36743,0
بندر زیبای انزلی,1,36743,0
دریاچه ارومیه تالاب انزلی کازرون,1,36743,0
اروپا دریاچە ارومیه,1,36743,0
ایران دریاچه ارومیه اذربایجان ایران,1,36743,0
تالاب بهنام,1,36743,0
کویر لوته وسطی ایران,1,36743,0
رودخانه راین رودخانه المان اروپا,1,36743,0
تالاب هورالعظیم شادگان,1,36743,0
دریاچه ارومیه استان ارومیه تبریز دریاچه اشک استان سد چاه تبریز,1,36743,0
تاجی اجی چای دنیا ایران,1,36743,0
ایران اسکندر,1,36743,0
رودخانه چهارمحال وبختیاری پلاس جان استان اصفهان اصفهان,1,36743,0
جلگه خوزستان اصفهان جازموریان هیرمند هلیل هامون ارومیه,1,36743,0
خلیج گر سد فینسک تالاب انزلی,1,36743,0
رودخانه پینه دلفان لرستان,1,36743,0
دریاچه ارومیه شمال غرب کشور,1,36743,0
گیلان انزلی تالاب انزلی,1,36743,0
دریاچه باغ ویلاها دریاچه ارومیه ایران ایران,1,36743,0
دریاچه ارومیه سارا,1,36743,0
بلوچستان کرمان همدان دریاچه ارومیه,1,36743,0
غرب مشهد قم غرب,1,36743,0
هورالعظیم تالاب المللی شادگان نفت شادگان,1,36743,0
تالاب ماموران,1,36743,0
هورالعظیم تالاب هورالعظیم هورالعظیم هورالعظیم,1,36743,0
جهان تالاب اهواز هورالعظیم,1,36743,0
خوزستان تالاب هورالعظیم تالاب شادگان خوزستان خوزستان,1,36743,0
مازندران تالاب هورالعظیم خوزستان,1,36743,0
تالاب المللی شادگان هورالعظیم,1,36743,0
هورالعظیم تالاب المللی شادگان,1,36743,0
دریاچه ارومیه رودخانه سیمینه زرینه استان کردستان پانت رک شادی دریاچه ارومیه زرینه و سیمینه,1,36743,0
گیلان تالاب المللی انزلی,1,36743,0
دشت ازادگان هورالعظیم رودخانه کرخه,1,36743,0
تالاب انزلی برکههای گیلان,1,36743,0
هکتار نیزارهی مرداب انزلی,1,36743,0
هورالعظیم تالاب شادگان تهران,1,36743,0
تالاب جازموریان تالاب هامون هورالعظیم و گاوخونی,1,36743,0
تالاب جازموریان هامون هورالعظیم و گاوخونی,1,36743,0
تالاب هامون تالابهای هورالعظیم و گاوخونی تالاب گاوخونی تالاب جازموریان,1,36743,0
کره زمین تالاب هورالعظیم,1,36743,0
تالاب هورالعظیم تالاب مرزی هورالعظیم,1,36743,0
خوزستان تالاب هورالعظیم و شادگان,1,36743,0
تالاب هورالعظیم استان خوزستان شهرستانهای هویزه خفا دشت ازادگان بستان و اهواز,1,36743,0
رودخانه خرم جان,1,36743,0
ارومیه هورالعظیم,1,36743,0
ایران ایران دریای خزر تالاب هورالعظیم,1,36743,0
انزلی انزلی تالاب اسم المللی یدک شهر نادر,1,36743,0
ایران فرات ایلی سو دجله تالاب هورالعظیم,1,36743,0
هور حویزه هورالعظیم تالاب هور حویزه هور العظیم,1,36743,0
شادگان هامون انزلی هورالعظیم,1,36743,0
بلوار گیلان تالاب هورالعظیم,1,36743,0
هورالعظیم تالاب انزلی,1,36743,0
خوزستان تالاب هورالعظیم خوزستان,1,36743,0
تالاب هورالعظیم لعظ یم هورالعظیم,1,36743,0
زیست خوزستان رشت هورالعظیم تهران,1,36743,0
ایران معدن حیره,1,36743,0
تالاب هورالعظیم استان خوزستان,1,36743,0
لاسک تالاب انزلی,1,36743,0
ایران تالاب انزلی سپید رود,1,36743,0
فومن ماسوله قلعه رودخانه انزلی امامزاده هاشم دریاچه اویدر رشت,1,36743,0
انزلی بلوار بندر انزلی پل غازیان تالاب گل لاله استادیوم فست فود عمو رضا,1,36743,0
تالاب انزلی تالاب زمین,1,36743,0
رودخانه زرجوب گوهر رود رشت,1,36743,0
تالاب انزلی رشت رامسر نوشهر مازندران نوشهر,1,36743,0
تالاب انزلی رامسر نوشهر,1,36743,0
روستای شیجان شهرستان خمام,1,36743,0
اشوراده تالاب انزلی,1,36743,0
تالاب انزلی حسن,1,36743,0
پشته انزلی,1,36743,0
تالاب خشک هورالعظیم,1,36743,0
تالاب انزلی صومعه سرا,1,36743,0
مرکز خرید منطقه ازاد انزلی تالاب انزلی هتل نگین و خورشید تالاب انزلی,1,36743,0
تالاب انزلی لیواس جهان,1,36743,0
پلدختر معمولان تالاب انزلی,1,36743,0
سیستان و بلوچستان تالاب انزلی,1,36743,0
تالاب انزلی ایران ایران ایران,1,36743,0
منطقه غرب تالاب انزلی,1,36743,0
شیرازه بختگان هامون ژر ار تالاب انزلی,1,36743,0
تالاب گاوخونی خوزستان تالاب انزلی,1,36743,0
ایران تالاب انزلی دز,1,36743,0
ایران الاح واز زاگر وس تالاب انزلی رودخانه اترک دریاچه ارومیه شیراز اصفهان دریاچه چیتگر تهران کویر مرکزی,1,36743,0
انزلی شهر قشنگیه حسن خمام,1,36743,0
تالاب انزلی منطقه حسن,1,36743,0
تالاب هورالعظیم خوزستان اصفهان,1,36743,0
گلاسکو تالاب هورالعظیم ایران ایران,1,36743,0
دریاچههای هامون و بختگان تالاب هورالعظیم,1,36743,0
رشت هور هورالعظیم,1,36743,0
هورالعظیم تالاب شادگان اهواز,1,36743,0
ابادان اروندکنار شادگان تالاب ناصری بهمن شیر هورالعظیم,1,36743,0
کرخه رودی سد کرخه تالاب هورالعظیم سد معشوره کشکان خوزستان هورالعظیم,1,36743,0
اصفهان هورالعظیم مرخ ه تالاب,1,36743,0
هورالعظیم اصفهان تالاب هورالعظیم کرخه اصفهان,1,36743,0
رفیع شهرستان هویزه استان خوزستان ایران شهر غرب هویزه جنوب غرب سوسنگرد شهرستان دشت ازادگان فاصله رفیع تالاب هورالعظیم,1,36743,0
تالاب هورالعظیم گاوخونی,1,36743,0
هورالعظیم تالاب گاوخونی ارومیه,1,36743,0
تالاب انزلی گیلان انزلی کشور جنوب غرب شهر بندرانزلی دریای کاسپین گیلان,1,36743,0
ایران تالاب هورالعظیم خوزستان ایلام بوشهر کهگیلویه وبویراحمد,1,36743,0
ایران فرات سد ایلیسو دجله تالاب هورالعظیم منطقه رودان,1,36743,0
تالاب هورالعظیم تالاب هورالعظیم,1,36743,0
درصدی هورالعظیم,1,36743,0
هورالعظیم ایران,1,36743,0
هکتار تالاب انزلی,1,36743,0
تالاب انزلی رستوران حاج مرتضی,1,36743,0
تهران مرداب انزلی,1,36743,0
کپور چال,1,36743,0
سراوان رشت رودخانههای گوهر رود و زرجوب رشت تالاب انزلی دریای خزر,1,36743,0
سواحل بهنام,1,36743,0
رستوران نیلوفر اب وتو انزلی,1,36743,0
تالاب هورالعظیم جنوب کشور ایران,1,36743,0
اصفهان بوشهر,1,36743,0
اباده,1,36743,0
تالاب انزلی گیلان,1,36743,0
ایران دریاچه ارومیه زاینده ورم خوزستان سیستان بلوچستانی,1,36743,0
ایران خلیج فارس ایران,1,36743,0
جهان کره زمین,1,36743,0
سیدنی ملبورن,1,36743,0
ایران ایران لی,1,36743,0
اردوگاه اشویتس,1,36743,0
روستا خراسان خراسان ایران,1,36743,0
اصفهان اصفهان زاینده رود,1,36743,0
استانهای جنوبی ایران ایران,1,36743,0
روستای یزد,1,36743,0
غرب کشور دریاچه زریبار شهرستان مریوان,1,36743,0
ذوب اهن فولاد یزد,1,36743,0
دشتستان خلیج فارس,1,36743,0
قاین,1,36743,0
تهران اصفهان یزد,1,36743,0
زاینده اینروز,1,36743,0
تالاب میقان اراک خاورمیانه,1,36743,0
پکتیا,1,36743,0
نیمروز,1,36743,0
دریای مکران,1,36743,0
بویو ایران,1,36743,0
استان اصفهان جنوب استان,1,36743,0
کشور هالو,1,36743,0
شهرستان ارز استان فارس لارستان لارستان و هرمزگان,1,36743,0
زاینده قتلگاه,1,36743,0
شمال غرب کشور,1,36743,0
راین,1,36743,0
خاورمیانه اروپا,1,36743,0
روستای مادریم,1,36743,0
رشت جهان,1,36743,0
ایران چهارمحال وبختیاری,1,36743,0
باغ گوسال زايید,1,36743,0
استان خراسان رضوی,1,36743,0
قادر اباد سعادت شهر,1,36743,0
فلات مرکزی شرق ایران سیستان و بلوچستان اصفهان,1,36743,0
دجله ایران ایران,1,36743,0
دریاچه مصنوعی چیتگر دریاچه طبیعی ارومیه,1,36743,0
گلاسکو جهان ایران جهان,1,36743,0
بم رفسنجان سیرجان جیرفت,1,36743,0
خوزستان کارون زاینده ایران,1,36743,0
زاینده دهه کارون خوزستان کارون فلات مرکزی,1,36743,0
جنوب خلیج فار,1,36743,0
سد سلمان,1,36743,0
شهرستان قیروکارزین شهرستان استان,1,36743,0
ابریز کرخه کارون زهره,1,36743,0
زاینده رود ایران اصفهان,1,36743,0
سپیدان,1,36743,0
اهواز تهران تهران اهواز,1,36743,0
دشت سیراب,1,36743,0
استان خراسان,1,36743,0
گیلان ایران گیلان ایران چهارمحال و اذربایجان غرب ایران گیلان,1,36743,0
گیان نهاوند گاماسیاب خرم ایران,1,36743,0
اسفراین,1,36743,0
هزارستان,1,36743,0
نا ژوان اصفهان,1,36743,0
ایران ایران اروپا ایران,1,36743,0
و غرب استان,1,36743,0
خشک یه,1,36743,0
ولسوالیهای تگاب و ارغنجخواه بدخشان,1,36743,0
تگاب,1,36743,0
شهرستان ملایر,1,36743,0
شهربابک کرمان,1,36743,0
ولسوالی سنگین هلمند,1,36743,0
ایالات متحده کالیفرنیا فونگ,1,36743,0
مشهد تهران المان,1,36743,0
وزیرستان,1,36743,0
اصفهان زاینده ناصرخسرو زاینده اصفهان زاینده,1,36743,0
حرم قم,1,36743,0
سیستان سیستان دریاچه هامون,1,36743,0
شهرستان لنجان استان اصفهان,1,36743,0
ارک ملی بم,1,36743,0
خاورمیانه زمین,1,36743,0
یاسوج شیراز شیراز اصفهان,1,36743,0
دریاچه ارومیه شهر چای ارومیه,1,36743,0
خوزستان اصفهان خوزستان اصفهان,1,36743,0
باغ مار,1,36743,0
هورالعظیم جلگه خوزستان,1,36743,0
هورالعظیم حوضه کرخه هورالعظیم,1,36743,0
ایران دریاچه تالاب المللی جازموریان,1,36743,0
ایران خانه ملاعمر حسینیه,1,36743,0
چهارمحال وبختیاری سرچشمه زاینده برم,1,36743,0
حسینیه شیعیان,1,36743,0
ایرانزمین ایران,1,36743,0
کالیفرنیا سهمیه,1,36743,0
سانتا کلارا,1,36743,0
کرمان ایران ایران,1,36743,0
منطقه بیداد,1,36743,0
استان گلستان خراسان,1,36743,0
دهستان ناهوگ شهرستان سراوان سیستان وبلوچستان,1,36743,0
زابل هیرمند خراسان جنوبی مشهد,1,36743,0
ایران ماگد ونیا مقدونیه,1,36743,0
جنوب شرق اوارها,1,36743,0
تل الم سرشار,1,36743,0
برج العرب,1,36743,0
جنوب کالیفرنیا,1,36743,0
رشتخوار,1,36743,0
سیاره زمین,1,36743,0
هرات هلمند پکتیا,1,36743,0
دانشگاه اصفهان اصفهان,1,36743,0
دشت لوت دشت کویر,1,36743,0
استان اصفهان خوزستان استان اصفهان یزد کرمان چهارمحال و نفر استان خوزستان,1,36743,0
اصفهان اصفهان کوهرنگ چهر محال و بختیاری کارون اصفهان,1,36743,0
اسراییل جهان,1,36743,0
ساری شرق ش ایران فولاد اصفهان سمنان اصفهان خوزستان سمنان,1,36743,0
ایران شهر اصفهان رودخانه زاینده اصفهان اهواز,1,36743,0
غرب و شرق اصفهان سد زاینده اصفهان,1,36743,0
رودخانه بالیخلوچای شهر اردبیل دریاچه شورابل,1,36743,0
ایران ساختمان پلاسکو کورش,1,36743,0
سد سپیدرود,1,36743,0
چهارمحال وبختیاری اصفهان تونل کوهرنگ تونل گلاب سرچشمه زاینده کارون,1,36743,0
اصفهان یزدی اصفهان خوزستان اصفهان یزد اصفهان,1,36743,0
ایران توران,1,36743,0
یزد اصفهان یزد اصفهان,1,36743,0
چشمه کوهرنگ استان چهارمحال دز,1,36743,0
کویر یال غوز اباد,1,36743,0
چهارمحال و بختیاری خوزستان,1,36743,0
کرمان کرمان اصفهان,1,36743,0
قم سد گلپایگان قم سد گلپایگان شهرستان گلپایگان خوانسار,1,36743,0
اقلیم ایران ایران,1,36743,0
خلیج فارس کارون,1,36743,0
رودخانه سرچشما,1,36743,0
شهر سوخته زابل اصفهان,1,36743,0
زاینده خور ذوب اهن,1,36743,0
استان اصفهان کوهرنگ سرچشمه کارون زاینده کوهرنگ,1,36743,0
حبشه,1,36743,0
بهشهر اصفهان استان اصفهان,1,36743,0
غور,1,36743,0
قندهار جهان ولسوالیهای وایی ارغنداب قندهار,1,36743,0
استان منصور,1,36743,0
ایران سیوند خوزستان ایران ایران,1,36743,0
جهان ماهشهر,1,36743,0
ورامین جنوب جنوب تهران,1,36743,0
شهر ورامین,1,36743,0
بلوچستان تالاب هامون دریاچه هیرمند سیستان,1,36743,0
استان اذربایجان شرق و غرب,1,36743,0
استان اذربایجان غرب دریاچه ارومیه نمکبادها شرق وزیدن,1,36743,0
خانه ماه,1,36743,0
استانهای زاگرس مرکزی خوزستان اصفهان,1,36743,0
کرخه کرخه,1,36743,0
سد الغدیر ساوه شهر ساوه,1,36743,0
تنگ قاسمی ایذه ایران,1,36743,0
لرستان غرب کشور لرستان خرم,1,36743,0
صخره تالابه,1,36743,0
اندیکا بذ ایران ایران,1,36743,0
زاگرس مناطق مرکزی ایران,1,36743,0
استان سیستان وبلوچستان,1,36743,0
سد امیرکبیر سد کرج,1,36743,0
دریاچه ساوه زمین تیسفون کاخ مداين,1,36743,0
ایران باستان ایران ایران,1,36743,0
ایران ایران اروپا,1,36743,0
ایران تنگ قاسمی ایذه,1,36743,0
ایران دز کارون,1,36743,0
ایران ایران خلیج فارس,1,36743,0
اصفهان زادگاه بختیاری و بویراحمد,1,36743,0
سد سبلان,1,36743,0
زاینده خشک اصفهان چهارمحال,1,36743,0
ایران خوزستان بوشهر روستای فاریاب تنگ ارم دشتستان,1,36743,0
باغ هامون سایت نطنز,1,36743,0
ایران شهر بهشهر اصفهان,1,36743,0
زاینده قاجار,1,36743,0
اصفهان ایران اصفهان شهرکرد,1,36743,0
امارات ایران,1,36743,0
زاینده قاجار اصفهان پل خواجو,1,36743,0
نهد شت اصفهان جلگه خوزستان استان لرستان و بختیاری اشرف غنی نفت,1,36743,0
زاینده چشمه رگه,1,36743,0
اصفهان کوهرنگ چهارمحال,1,36743,0
چهارمحال یزد اصفهان اصفهان یزد چهارمحال روحش,1,36743,0
استان اب کهگیلویه وبویراحمد,1,36743,0
زمین بوشهر کوفه,1,36743,0
اسراییل ایران,1,36743,0
کویر ایران ایران,1,36743,0
تهران ایران شرق تهران,1,36743,0
زنده,1,36743,0
سرزمین برزن شهر کهگیلویه وبویراحمد,1,36743,0
استان حیاتی خوزستان و فارس,1,36743,0
جنوب شرق جنوب شرق مشهد شمال شرق ایران مشهد,1,36743,0
فصلی,1,36743,0
بخشهای مرکزی ایران استان سیستان و بلوچستان,1,36743,0
اصفهان خیابان خوزستان,1,36743,0
اصفهان استان یزد کرمان,1,36743,0
یزد خوزستان اصفهان,1,36743,0
کوه دماوند,1,36743,0
اصفهان خوزستان اصفهان اصفهان,1,36743,0
اصفهان جنوب خوزستان اصفهان,1,36743,0
زاینده زاینده دوره قاجار کارون اصفهان یزد,1,36743,0
خوزستان بوشهر هرمزگان اصفهان,1,36743,0
اصفهان خوزستان کارون دز اصفهان قم خوزستان,1,36743,0
اصفهان یزد خوزستان اصفهان,1,36743,0
حوضه ابریز زاینده استان چار محال بختیاری,1,36743,0
زاینده قاجار زاینده رودخانه پل خواجو,1,36743,0
خوزستان هورالعظیم حوضه کرخه حوزه کارون اهواز خلیج فارس,1,36743,0
کوهرنگ کوهرنگ سرچشمه اصفهان,1,36743,0
دریاچه ارومیه تالاب انزلی زاینده,1,36743,0
اصفهان چهارمحالی اصفهان ایران ایران,1,36743,0
اصفهان زاینده خشک خوزستان اصفهان,1,36743,0
پایگاه,1,36743,0
شرق اصفهان غرب اصفهان,1,36743,0
اصفهان زاینده رودک,1,36743,0
قامشلی,1,36743,0
فولاد یزد,1,36743,0
اصفهان غرب استان,1,36743,0
زاینده خانه اصفهان اصفهان,1,36743,0
زاینده چهارمحال چهارمحال چهارمحال,1,36743,0
لمی فاریاب,1,36743,0
دز قم,1,36743,0
جوبا,1,36743,0
دریاچه ی ارومیه هیرکانی زاگرس,1,36743,0
سیسیل اروپا,1,36743,0
بیابان لوت,1,36743,0
کوهرنگ بهشت اصفهان چهارمحال کوه,1,36743,0
خوزستان کارون هور العظیم,1,36743,0
استانه کویر اهواز,1,36743,0
گرین گیبلز تهران ایران,1,36743,0
دریاچه ارومیه دریاچه ون راهه,1,36743,0
یاسوج خوزستان یاسوج یاسوج,1,36743,0
ایران قباد جیحون پنجشیر بامیان ایران توران,1,36743,0
خاورمیانه ایران خلیج فارس ایران ایران,1,36743,0
روستای ابوطیور شعیبی ه شوشتر رودخانه دز,1,36743,0
شهرک استقلال,1,36743,0
خاورمیانه جهان خاورمیانه,1,36743,0
ایران دوبی ایران ایران,1,36743,0
منطقه سیستان و بلوچستان,1,36743,0
هامون شمال استان سیستان و بلوچستان ایران,1,36743,0
اصفهان اصفهان زاینده کوهرنگ,1,36743,0
بای جان جنوبی دریاچه ارومیه,1,36743,0
خشکسالی اصفهان حوضه اصفهان و خوزستان,1,36743,0
حومه شهری,1,36743,0
ایران کرج رشت شیراز سمنان قم,1,36743,0
دنیا ایران موته,1,36743,0
پکتی کا,1,36743,0
خشکسالی سد بند,1,36743,0
اصفهان زاینده رود ایران,1,36743,0
طبرستان مازندران سمنان سنگسر طبرستان,1,36743,0
کشور بهداد,1,36743,0
ایران زیبا,1,36743,0
ایران قطب شمال,1,36743,0
حومه جلفا,1,36743,0
سد بردسیر,1,36743,0
دریاچه سد حلبی ساز بردسیر دریاچه سد حلبی ساز بردسیر,1,36743,0
خانه عفت,1,36743,0
سد طرق مشهد ایران سد طرق مشهد مشهد جنوب شرق مشهد,1,36743,0
قریه مظفری تن قریه ملگانی سرتل قریه یاول,1,36743,0
گیلاس,1,36743,0
اروپا دنیا ایران جهان,1,36743,0
ساختمان فنگ شویی,1,36743,0
گیلان خزر سمنان گیلان مازندران کویر ایران,1,36743,0
تهران حومه شهر تهران,1,36743,0
فلات مرکزی ایران ایران,1,36743,0
زاینده دجله,1,36743,0
مرکزی زاگرس ساحل شرق هرمزگان و بلوچستان,1,36743,0
استان اصفهان دجله,1,36743,0
طرق مشهد ایران,1,36743,0
اصفهان سد رودبار لرستان,1,36743,0
سد گتوند جلگه سبز خوزستان,1,36743,0
خانه یمان کویره رییسی,1,36743,0
شهرستان مشهد استان خراسان رضوی,1,36743,0
سمیرم استان اصفهان زاینده اصفهان یزد,1,36743,0
دنیا کشور ایران,1,36743,0
خانه خرابه چال,1,36743,0
جنوب دریا ایران,1,36743,0
زابل ایلام خور ستان و کرمانشاه رودهای دجله و فراته,1,36743,0
تهران غرب و شمال غرب ایران,1,36743,0
دریاچه ارومیه دجله فرات ه,1,36743,0
ایلام کرمانشاه لرستان خوزستان,1,36743,0
هیرمند ایران سیستان,1,36743,0
مادری تافاب,1,36743,0
پشتون تاجک,1,36743,0
اح واز اشغالی اح واز اشغالی فارس,1,36743,0
رودخانه اب کشکان لرستان,1,36743,0
مشهد مشهد مشهد,1,36743,0
روستا جنوب خراسان فارس خوزستان ارومیه,1,36743,0
کرمانشاه روستای,1,36743,0
تهران محموداباد,1,36743,0
بوشهر بوشهر,1,36743,0
بصره بصره,1,36743,0
ایران باستان ایران امامعلی ماه,1,36743,0
land,1,36743,0
شهریار هامون,1,36743,0
شهرستان سیروان کارزان روستای سفیدخانی نگل,1,36743,0
اح واز اشغالی اح واز اشغالی,1,36743,0
ولسوالیهای غزنی ولسوالی زنخان شمال شرق شهر غزنی,1,36743,0
جهان زمین ایران,1,36743,0
رودخانه دز رودخانه کارون,1,36743,0
مازندران گیلان,1,36743,0
خوزستان زمین,1,36743,0
البرز کرمان زاگرس,1,36743,0
سد کرخه سد کرخه,1,36743,0
خوزستان ایلام کرمانشاه ایران,1,36743,0
کردستان کارون دز,1,36743,0
شمال شرق شهر,1,36743,0
سیستان و بلوچستان بهشهر,1,36743,0
شمال دریا ایران,1,36743,0
رشت مشهد,1,36743,0
کالیفرنیا ایران زمین قطب,1,36743,0
هامون منطقه بلوچستان کرمان,1,36743,0
ایران کشور خلیج فارس,1,36743,0
یوزارسیفی,1,36743,0
سیستان بلوچستان خوزستان,1,36743,0
ایران ایران تندیل,1,36743,0
خاورمیانه دجله فرات,1,36743,0
خلیج فارس قطب شمال و جنوب ایران تهران,1,36743,0
قوچان,1,36743,0
اصفهان سیستان,1,36743,0
گیلان گیلان گیلان,1,36743,0
جنوب شرق,1,36743,0
دشت ارژن خوزستان بوشهر هرمزگان,1,36743,0
نیزار بودین,1,36743,0
کارون کارون کوهرنگ,1,36743,0
اصفهان اصفهان خوزستان اصفهان,1,36743,0
جهان النهرین شادگان و هورالعظیم,1,36743,0
تخت جمشید مقبره کوروش تبریز,1,36743,0
طالقان تهران,1,36743,0
سیستان شمال مرکز سیستان و بلوچستان زابل,1,36743,0
جنوب جنوبشرق پنجشیر اندرا,1,36743,0
نگویی عس,1,36743,0
اقلیم ایران,1,36743,0
رودخانه هیرمند هک خسک ند,1,36743,0
زاینده بغداد اروند حورالعظیم,1,36743,0
ناحیه ناخون,1,36743,0
لرستان ایلام,1,36743,0
روستاهای خراسان,1,36743,0
شمال بلوچستان,1,36743,0
سد درودزن,1,36743,0
رودخانه دجله فرات,1,36743,0
استان سیستان و بلوچستان سیستان و بلوچستان ایران,1,36743,0
شبه قاره,1,36743,0
گلپایگان گلپایگان گلپایگان حوزه الیگودرز قم,1,36743,0
گلپایگان گلپایگان,1,36743,0
هیرمند شمال شرق سلام جازموریان غرب زهکش سرچشمه ی هلیل,1,36743,0
دریاچه زندگی زرینه جغ,1,36743,0
سیستان دریاچه هامون سیستان,1,36743,0
استانهای زاگرس,1,36743,0
بغداد بغداد,1,36743,0
غرب کشور خاورمیانه,1,36743,0
مشهد مهاجر,1,36743,0
نجد عربستان فلات ایران ایران,1,36743,0
جنوب و جنوب شرق کشور,1,36743,0
دجله فرات ارس هیرمند هریرود شرق کشور دجله,1,36743,0
رشت کرخه ابریز کارون کرخه,1,36743,0
زاینده روده اصفهان,1,36743,0
زاینده چهارمحال بختیاری غرب اصفهان,1,36743,0
اندیمشک,1,36743,0
کرخه کرخه خوزستان ایران,1,36743,0
شرق ایران اصفهان یزد سمنان یزد غرب شمال ایران,1,36743,0
زاگرس دریای مدیترانه,1,36743,0
خانه شهر ساحلی ثروتمند لاگونا نیگل جنوب,1,36743,0
سیستان هامون,1,36743,0
مسیل رودخانه سالی,1,36743,0
اروپا کره ایران کره زمین,1,36743,0
مشهد شیراز مشهد,1,36743,0
روستای چندوکان ساربوک,1,36743,0
حوضه کرخه,1,36743,0
شمال افتاب شیراز,1,36743,0
هرمزگان ایلام خوزستان کرمانشاه سمنان سیستان و بلوچستان,1,36743,0
سیستان امارات,1,36743,0
تهران مشهد شیراز,1,36743,0
اصفهان یزد کرمان چهرمحال خوزستان خوزستان اصفهان اصفهان,1,36743,0
خشک ارومیه,1,36743,0
دریاچه پریشان ایران انکارا زاینده اتاق فکرتون انکارا اذربایجان ایران,1,36743,0
ارس ایران,1,36743,0
خوزستان بلوچستان کرمان شمال شمال,1,36743,0
سد ششصد تبریز شهرستان بوکان منطقه کارا بردید تبریز اذربایجان شرق,1,36743,0
ایران کرمان ایران,1,36743,0
اصفهان هامون هامون,1,36743,0
شهر اب سمیرم ایرانه,1,36743,0
دریاچه ارومیه اذربایجان دریاچه وان ارومیه,1,36743,0
شیراز شهرک ولیعصر فضیلت فضل باغچه بهشتی شیراز,1,36743,0
ابریز دریاچه ارومیه ارومیه,1,36743,0
ایران شمال کشور,1,36743,0
کاشان کاشان دشت کاشان,1,36743,0
دریاچه ارومیه دریاچه کشاورزی,1,36743,0
خاورمیانه ایران ایران شمال ایران خزر,1,36743,0
دریاچه ارومیه اصفهان یزد تهران دریاچه ارومیه,1,36743,0
روستای زیبا الگن,1,36743,0
اصفهان اصفهان شیراز,1,36743,0
سیستان دریاچه ی ارومیه اصفهان خوزستان ایران,1,36743,0
انزلی گیلان,1,36743,0
سالت لیک ایالت یوتا,1,36743,0
ایرانشهر مشهد سیستان شمال جنوب اذربایجان,1,36743,0
مکه مکه,1,36743,0
شهر کرمان سیستان کهنوج رودبار جنوب سراوان ایران,1,36743,0
ایران کویر اصفهان ایران,1,36743,0
دریاچه تالاب سد قنات,1,36743,0
اروپا جنوب اروپا اروپا,1,36743,0
ایالت نوادا لاس وگاس,1,36743,0
استانهای خوزستان و چهارمحال بختیاری واصفهان اردکان یزد,1,36743,0
اصفهان گور,1,36743,0
استان جواب ارسلان,1,36743,0
دریاچه ارومیه السعود,1,36743,0
زاگرس شمال چهارمحال و بختیاری,1,36743,0
دمشق ایران ایران,1,36743,0
زاگرس یزد اصفهان قم خوزستان,1,36743,0
اقیانوس اطلس ایران,1,36743,0
کویر لوتی,1,36743,0
مریخ مریخ,1,36743,0
خوزستان چهارمحال یزد اصفهان ایران,1,36743,0
کشور ایران ایران,1,36743,0
کره زمین کره زمین جهان,1,36743,0
شرق کوردستان,1,36743,0
سرزمین سوخته جنوب,1,36743,0
تونل کوهرنگ تونل انتقال اب زاینده,1,36743,0
ولسوالیهای لوگر,1,36743,0
هیرمند هامون درسی ستان و بلوچستان,1,36743,0
استان مون بختیاری,1,36743,0
دریاچههای طشتک بختگان منطقه اذربایجان استان فارس,1,36743,0
تهران دبی,1,36743,0
دریاچه ارومیه اب پریشان بختگان کاف دراستان فارس,1,36743,0
ایران کره زمین ایران جهان ایران ایران ایران ایران,1,36743,0
اصفهان روستای اصفهان,1,36743,0
هوم,1,36743,0
پنسیلوانیا,1,36743,0
جاده تبریز,1,36743,0
استانبول خانه پردیس اسلامشهر,1,36743,0
جهان شرق غرب ایران,1,36743,0
عثمانی جهان,1,36743,0
تهران کرج فردو نک,1,36743,0
خانه ویلایی قلهک,1,36743,0
المان جهان المان المان جهان,1,36743,0
باکو تبریز,1,36743,0
فلکه اریاشهر ازادی میدان ازادی,1,36743,0
اروپا فرودگاه ژنو,1,36743,0
اوک ازاکی,1,36743,0
خیسه دلا پاریس,1,36743,0
واشنگتن,1,36743,0
سیلوی جان,1,36743,0
جامایی کا,1,36743,0
پارک ارم,1,36743,0
اهواز کرج,1,36743,0
اروپا اروپا اروپای,1,36743,0
کره بادام زمین,1,36743,0
ایران ایران خاورمیانه,1,36743,0
ایران اصفهان بختیاری تبریز تبریز,1,36743,0
شوروی دنیا جهان اروپای غرب,1,36743,0
قره باغ ارمنی,1,36743,0
استاف,1,36743,0
زنجان تهران ایران تهران,1,36743,0
وینت,1,36743,0
اوکلاهما سیتی,1,36743,0
ایران ایران بادکوبه شوروی بادکوبه مسکو پترزبورگ,1,36743,0
اروپا خانه اراسموسی,1,36743,0
قرقیسیا,1,36743,0
کرج تهران خانه صادقیه,1,36743,0
ایران سوییس,1,36743,0
دارالخلافه,1,36743,0
سره,1,36743,0
ایران لیس,1,36743,0
المان شرق غرب,1,36743,0
مدینه بقیع,1,36743,0
کالیفرنیا شمال,1,36743,0
دریاچه هامون شرق کشور سیستان منطقه سیستان هامون,1,36743,0
تهران بندر عباس,1,36743,0
شهر موشها,1,36743,0
لرنشین خوزستان غرب ایران,1,36743,0
مروی تهران,1,36743,0
غزه,1,36743,0
شهر اصطخر شیراز اهواز ایران,1,36743,0
اوتا,1,36743,0
ایران کرمان ری استارت,1,36743,0
ادمی,1,36743,0
مدینه دمشق زمین,1,36743,0
اورانوس اورانوس,1,36743,0
کافه گمش,1,36743,0
لاهیجان لاهیجان,1,36743,0
فایننشیال ادوایزر,1,36743,0
منطقه فریدونکار قمی کلا تهران,1,36743,0
ایرانشهر,1,36743,0
شهر شمام,1,36743,0
اریزونا,1,36743,0
سیدنی,1,36743,0
تهران اریزونا,1,36743,0
موریا,1,36743,0
گری گوس,1,36743,0
ایراند اکراین,1,36743,0
شوروی عربستان,1,36743,0
ایران جهان خاوران,1,36743,0
پارم,1,36743,0
دیلم بوشهر,1,36743,0
ایران قحطی,1,36743,0
المان شوروی المان شوروی,1,36743,0
دره رد,1,36743,0
بیمارستان سجاد,1,36743,0
وگاس ساحل کون لختی وگاس,1,36743,0
ساکوکککککککککک,1,36743,0
ایران ایران تبریز اردبیل,1,36743,0
تیپ,1,36743,0
اصفهان اصفهان تبریز تبریز,1,36743,0
ایران ارامگاه فردوسی,1,36743,0
مشهد مشهد رشت فومن,1,36743,0
اوف اوف اوف,1,36743,0
ایران ایرانه ایران,1,36743,0
ایر,1,36743,0
خاوری پغمان کابل جهان,1,36743,0
uc,1,36743,0
دنور لس,1,36743,0
جهان اروپا ایران شوروی,1,36743,0
بلوک شرق,1,36743,0
بن,1,36743,0
فریزر کره زمین,1,36743,0
اورانوس,1,36743,0
رودخانه دبی,1,36743,0
توییتر کویر,1,36743,0
شوروی برلین هولم,1,36743,0
واشینگتن,1,36743,0
ایران جهان شرق,1,36743,0
بندرعباس چابهار,1,36743,0
مغرب,1,36743,0
شوروی گولاگ,1,36743,0
ستر,1,36743,0
خاوری,1,36743,0
لس یی له لوری,1,36743,0
اروپای مرکزی المان ایران,1,36743,0
کافه,1,36743,0
رودهن,1,36743,0
منیریه,1,36743,0
شهر فردیس,1,36743,0
محور تاریخی چهارباغ شهر,1,36743,0
اهواز بلوار ابشناسان تهران,1,36743,0
شرق شمال پل خواجو,1,36743,0
شهرداری تهران,1,36743,0
ایران شمال ایران اصفهان,1,36743,0
ارسنجان رفسنجان,1,36743,0
چشمه ی کلماتم,1,36743,0
تخت جمشید زمین,1,36743,0
خانه کنسرو انبار,1,36743,0
ایران شهر اصفهان,1,36743,0
استان اصفهان شیراز اصفهان,1,36743,0
زاینده حوزه ابریز کارون اصفهان,1,36743,0
تهران ملک ری,1,36743,0
شهرک مسکونی نیروی هوایی اصفهان,1,36743,0
منطقه فرونشست ابشناسان رودهن,1,36743,0
اصفهان زاینده ایران ایران,1,36743,0
خوری کوستیزنه کار له کومه خلک له قحطی سره مخ دی یی,1,36743,0
ایران جهان تهران تهران,1,36743,0
شوروی کمونیستی,1,36743,0
مشهد شهر بهشهر,1,36743,0
سرپل ذهاب سرپل ذهاب,1,36743,0
اصفه,1,36743,0
زاینده حوزه بهشت کوهرنگ یزد,1,36743,0
ایران کشور گیلان ایران جهان,1,36743,0
بنای ورزشگاه نقش جهان دشت اصفهان,1,36743,0
مرکز شمال ایران,1,36743,0
اتوبان همت ایران,1,36743,0
ایران زمین اصفهان,1,36743,0
زاگرس اصفهان یزد,1,36743,0
بزرگراه تهران,1,36743,0
ایران شهر تهران,1,36743,0
اصفهان ایران پل ارتباطی شرق غرب شمال جنوب ایران,1,36743,0
زاینده رود فلات مرکزی ایران اصفهان ایران زمین میدان نقش جهانس,1,36743,0
زاینده اصفهان زاینده زاینده,1,36743,0
تهران زمین تهران,1,36743,0
زاینده بروجن شهرکرد اصفهان,1,36743,0
اصفهان گوز گوز,1,36743,0
استانهای مرکزی زمین اصفهان,1,36743,0
زمین ایران جهان سیاره نژاد,1,36743,0
تهران ایران اصفهان شمال ایران,1,36743,0
دشتهای همدان و اراک اصفهان خراسان,1,36743,0
اصفهان یزد یزد زاینده اصفهان,1,36743,0
کشور گیلان ایران جهان,1,36743,0
سیستان و بلوچستان تهران,1,36743,0
بزرگراه ابشناسان,1,36743,0
بزرگراه ابشناسان نیایش شهران مرکز تهران,1,36743,0
باغ رضوان اصفهان,1,36743,0
اصفهان استان اصفهان ورزشگاه نقش جهان پالایشگاه فرودگاه,1,36743,0
یعقوب,1,36743,0
رویان سرزمین رویان,1,36743,0
بدروم کمبریج,1,36743,0
سته,1,36743,0
یزد ویر اصفهان استان رد رفسنجان کرمان یزد,1,36743,0
ونک جردن پارک ملت میرداماد منطقه میدان ونک,1,36743,0
خرابه افخم,1,36743,0
اصفهان شیراز بهبهان کرمانشاه,1,36743,0
لس انجلس ایران,1,36743,0
خ خه خه,1,36743,0
خ خه تل خه,1,36743,0
اسور,1,36743,0
جهان ایران جهان ایران ایران,1,36743,0
کی,1,36743,0
حو تیرید سره لس کرانی سره مخامخ,1,36743,0
گولاگ ایران,1,36743,0
هیروشیما کازاک,1,36743,0
رشت رودخانه دز,1,36743,0
اصفهان ستان قریه یهودیه,1,36743,0
همدان کردستان,1,36743,0
زاینده رودخانه ایران ایران,1,36743,0
نروژ لنینگراد ایران,1,36743,0
خ خه تل لوس خه,1,36743,0
بوسنی ایران,1,36743,0
خانه لیلی,1,36743,0
سد ایلیسو بابل سرزمین النهرین,1,36743,0
گلستان ترکمانچای ارومیه,1,36743,0
اطراف اراک,1,36743,0
کويید,1,36743,0
گلدن رز,1,36743,0
کامیار استوریا ریپل,1,36743,0
پاریس ایران,1,36743,0
جهان ایرانه,1,36743,0
صربها,1,36743,0
ایران کلاردشت,1,36743,0
کشور عقل کلشون بروکسل,1,36743,0
کشور کورش,1,36743,0
لاش,1,36743,0
کیری,1,36743,0
جهان جهان جهان جهان,1,36743,0
سرزمین اژدهای دوسر,1,36743,0
دیاربکر,1,36743,0
شوروی دیپ,1,36743,0
رشت گیلان گیلان,1,36743,0
عروس,1,36743,0
خور له قحطی سره مخ,1,36743,0
ایران دمشق,1,36743,0
خ خه,1,36743,0
اصفهان قاجار,1,36743,0
سیلیکون ایران,1,36743,0
اسراییل کشور ایران ایران,1,36743,0
دن,1,36743,0
استان کوردستان,1,36743,0
شمال کوه روستا,1,36743,0
منطقه زور,1,36743,0
منطقه مجموعه شهرداری,1,36743,0
اذربایجان لرستان خراسان,1,36743,0
اصفهان اصفهان دنیا,1,36743,0
بم بم وزیرستان,1,36743,0
کوه گلک جزیره هرمز,1,36743,0
شرق تنگه هرمز,1,36743,0
جزیره هرمز طلا,1,36743,0
ایران جزیره هرمز هرمز,1,36743,0
استان استرازنکا,1,36743,0
ساحل سرخ هرمز,1,36743,0
ایران ایران تنگه ی هرمز,1,36743,0
قشم هرمز ایران,1,36743,0
ایران ایران ایران بیابان جزیره هرمز,1,36743,0
دامنههای جنوبی البرز مرکزی شرق کشور خلیج فارس تنگه هرمز دریای,1,36743,0
جنوب بندر هرمز,1,36743,0
گوهر رود شهر رشت,1,36743,0
هرمز سرخه,1,36743,0
کرمانشاه جزیره هرمز,1,36743,0
جنوب کشور دریاچه لیپار هرمز,1,36743,0
تنگه ی هرمز,1,36743,0
حومه هرمز,1,36743,0
هرمز جزیره هرمز,1,36743,0
بجنورد بجنورد,1,36743,0
تهران حومه,1,36743,0
کارخانه قند وزغ,1,36743,0
پارک خبر غذا کایو تها,1,36743,0
شهر بوشهر ایران,1,36743,0
رشت گوهر رود و زر جوب شهر رشت,1,36743,0
لواسان تهران,1,36743,0
اراک شهر اراک شهر اراک,1,36743,0
چرنوبیل هیروشیما ناکازاکی,1,36743,0
بندر لنگه بندرعباس استان هرمزگان,1,36743,0
کهریزک کهریزک,1,36743,0
نیروگاه هسته,1,36743,0
گردنه حیران,1,36743,0
صفی,1,36743,0
فروشگاه اتکا کوچه خیبر,1,36743,0
روستای کشل ازادسرای استانه اشرفیه,1,36743,0
پل بزرگراه دشت پشته پشته,1,36743,0
خلیج فارس سرخ هرمز,1,36743,0
یزد شهرکرد یزد,1,36743,0
تهران شیراز فهان بریز,1,36743,0
اصفهان یزد خلیج فارس اصفهان تالاب گاوخونی یزد,1,36743,0
غرب اصفهان شرق اصفهان غرب چاه غرب اصفهان,1,36743,0
اباری اصفهان,1,36743,0
سراوان رشت,1,36743,0
زنجان دره زنجان,1,36743,0
اقبالی ه قزوین,1,36743,0
خلیج فارس دریای کاسپین ایران ایران تبریز رضايیه رشت مشهد اردبیل گر,1,36743,0
خانه پارت,1,36743,0
سرزمین گا,1,36743,0
مشرق مغرب مال قوم ریزه میزه دریاچه ارال اران و شروان,1,36743,0
کس شعر,1,36743,0
جهان دکن,1,36743,0
ایران کربلای ایران,1,36743,0
ایران اشغالی,1,36743,0
مداين مداين,1,36743,0
ایران ایران گیلان,1,36743,0
لس قحطی سره مخ دی,1,36743,0
ایران عکا,1,36743,0
تنگه هرمز ایران,1,36743,0
استان کرمان کرمان,1,36743,0
گیلان قزوین پره,1,36743,0
انبار,1,36743,0
تهران کرمان,1,36743,0
انگل ایران,1,36743,0
کراش,1,36743,0
سیستان و بلوچستان چابهار,1,36743,0
استان مازندران سین,1,36743,0
ایران شوروی جهان ایران,1,36743,0
توج نگ ایران,1,36743,0
شمال غرب ایران اذربایجان,1,36743,0
ایران دوشان تپه,1,36743,0
خراسان خراسان ایران کشور اذربایجان,1,36743,0
هرمزگان هرمز,1,36743,0
خلیج فارس امارات هرمز جزیره هرمز,1,36743,0
هرمز امارات,1,36743,0
بندرعباس جزیره هرمز,1,36743,0
زیبای خزر,1,36743,0
گوهر رود زر جوب رشت گوهر رود و زر جوب شهر رشت,1,36743,0
مرکز دفن استاندارد ونیز,1,36743,0
رشت جزیره هرمز,1,36743,0
جگ لی,1,36743,0
کوی پنجشیر تولی لاری دروازی کری ترخو ورباندی,1,36743,0
قحطی فلوکستین اسنت راس,1,36743,0
والی مرستی غوارم خ پل خر لس فال غوارم,1,36743,0
رودخانه گلشیری,1,36743,0
زابل شمال استان سیستان و بلوچستان منطقه سیستان,1,36743,0
ایران خراسان,1,36743,0
کویر ماسه کویر,1,36743,0
روستاهای جیرفت بافت کهنوج کرمان یاسوج روستاهای بسطام سمنان مشهد,1,36743,0
کلبه,1,36743,0
اروپا پاپ اوربان,1,36743,0
مداين,1,36743,0
دریاچه سد الیملات جاده چمستان نور فاصله,1,36743,0
مملکت ارومیه ارومیه,1,36743,0
تهران شیراز تهران,1,36743,0
کوی هغه وران لوده,1,36743,0
شهر یوسف,1,36743,0
خ خه تل لوس خ خه,1,36743,0
قزوین قزوین قزوین,1,36743,0
خاورمیانه خاور میانه,1,36743,0
چمد ونوم,1,36743,0
ن اخور توبره,1,36743,0
حسینیه هرمحله,1,36743,0
تهران تهران تهران تهران تهران تهران,1,36743,0
گوری,1,36743,0
کره دی خلکو ری,1,36743,0
سرچ په کوی سیراوو,1,36743,0
بندرعباس مشهد کرج تهران,1,36743,0
خطه ایران تبریز,1,36743,0
خیابان جنب فرمانداری کارگران پسماند شهرداری بجنورد,1,36743,0
گیلان مازندارن تهران,1,36743,0
شمال جنوب پول,1,36743,0
غرب شرق جهان,1,36743,0
جنوب و شرق شمال,1,36743,0
هی ایران,1,36743,0
ی خلک وایی,1,36743,0
بخارا,1,36743,0
جهان ایران ایرانی,1,36743,0
توج جهان ایران,1,36743,0
شمال ه,1,36743,0
وین ایران وین ایران هتل کوبریک,1,36743,0
کپنهاگ استکهلم,1,36743,0
فارسی,1,36743,0
ازر بایجان مس یونگون نفت مغان قیر دره سی بیل سوار معدن نفلین سینیت سراب یومین اسیا مغان رضا پالان اتر اف مغان ایران ایران معدن زلای تبکان تپه زنجان,1,36743,0
اذربایجان تهران,1,36743,0
امارات ایران ایران امارات امارات ایران,1,36743,0
قجر,1,36743,0
مینجامه,1,36743,0
اصفهان اصفهان زاینده فلات ایران اصفهان زاینده,1,36743,0
روستای قحطی امار,1,36743,0
لر بختیاری بلوچ فارس ایران,1,36743,0
پل کارون پل عابرپیاده بزرگراه ازادگان,1,36743,0
نگین تهران,1,36743,0
خی,1,36743,0
نشابور خراسان,1,36743,0
سلف,1,36743,0
بیادگیل,1,36743,0
ایران ایران گیلان منطقه گیلان,1,36743,0
رشت مازندران تهران,1,36743,0
زاینده ابادانی صفوی,1,36743,0
یزد مهریز یزد,1,36743,0
سانتیاگو,1,36743,0
ایران خبرنگاران ایران,1,36743,0
بلده,1,36743,0
مریلند اسراییل تل اویو اسراییل,1,36743,0
یوز ارسی,1,36743,0
تانر,1,36743,0
شوا ف,1,36743,0
قره باغ بای جان درهزاره,1,36743,0
شهر ماهان,1,36743,0
زنجان ایران,1,36743,0
تنگه هرمز کانال سويز,1,36743,0
شرق استان شهرستان ازادشهر,1,36743,0
کشور قم,1,36743,0
سایت,1,36743,0
سراوان استان گیلان,1,36743,0
اهواز صفیره,1,36743,0
خوی تبریز,1,36743,0
گیلان کشور گیلان,1,36743,0
خوزستان شهر اهواز,1,36743,0
متر جنگل سراوان شهر رشت شهر گیلان سراوان زر جوب و گوهررود تالاب انزلی رکنا,1,36743,0
بوخ,1,36743,0
روستای سراوان شهرستان رشت,1,36743,0
نیروگاه اوسیراک,1,36743,0
کلاردشت مازیچال,1,36743,0
سراوان رشت سراوان,1,36743,0
استانهای شمال,1,36743,0
ایران ثریا,1,36743,0
پارس جنوبی عسلویه نخل تقی,1,36743,0
دبی انتالیا باکو وان اربیل پارک جوج,1,36743,0
رودخانه دزفیل,1,36743,0
قسمت پسماند,1,36743,0
کارگران پسماندشهرداری بجنورد,1,36743,0
جنب,1,36743,0
شهر رشت وشهر استان گیلان روستای سراوان,1,36743,0
نیشابور زهر مار,1,36743,0
دیز چوک,1,36743,0
اقیانوس ارام,1,36743,0
گیلان مازندران خوزستان کردستان اذربایجان,1,36743,0
منطقه سراوان استان گیلان منطقه سراوان,1,36743,0
منطقه صنعت بومهن,1,36743,0
خانه پسماند,1,36743,0
سراوان رشت گیلان,1,36743,0
شهرستان ارومیه ارومیه,1,36743,0
غرفه پسماند,1,36743,0
بهنام,1,36743,0
دره هشتگرد,1,36743,0
تهر ونیا ملکش ون,1,36743,0
پتروشیمی ه مزش,1,36743,0
روستاهای شادگان,1,36743,0
ونکوور,1,36743,0
شهرستان ری تهران شهرستان ری شهرستان ری,1,36743,0
کوه باتلاق دره حسین جاده شوراباد مانده سالور,1,36743,0
پل صدر,1,36743,0
منطقه اهواز کیان و خشایار محله کیان اهواز,1,36743,0
شهرک صنعت اشتهارد غرب تهران,1,36743,0
شهر زیبای اصفهان,1,36743,0
اراد کوه اراد,1,36743,0
مجتمع پردازش,1,36743,0
دفن پسماند,1,36743,0
کشور تربت حیدریه,1,36743,0
کلانشهر اصفهان اصفهان,1,36743,0
کویر اصفهان ایران,1,36743,0
دریاچه ارومیه رودخانه زاب تبریز ارومیه,1,36743,0
سراب قنبر کرمانشاه سراب قنبر کرمانشاه جنوب شهر کرمانشاه سراب قنبر,1,36743,0
طارم هاشمی و مازندران,1,36743,0
زمین اروپا اروپا,1,36743,0
حرامزادهها,1,36743,0
ایج وری,1,36743,0
ایالات متحده اوکلاهما,1,36743,0
جاده میانگذر,1,36743,0
منطقه بینا,1,36743,0
مسجد کوچه ران,1,36743,0
منطقه ماهم,1,36743,0
جهان اسراییل ایران,1,36743,0
ابرقو یزد دردشت مهیار اصفهان طاهر اباد کاشان,1,36743,0
قو پی پدر قره قشلاق سوی وق بولاق و قره گول,1,36743,0
حشمت فردوس,1,36743,0
اذربایجان شرق اذربایجان شرق,1,36743,0
شناخته,1,36743,0
اذربایجان غرب استان تالاب قوپی پدر قره قشلاق مهاباد قره گل بوکان,1,36743,0
تالاب اذربایجان غرب,1,36743,0
ایران نیویورک,1,36743,0
مرکزی تهران اصفهان یزد تهران جهان,1,36743,0
شهر اهر سد ستارخان سد معدن سونگون کرمان,1,36743,0
روستای بلوکان استان اذربایجان شرق,1,36743,0
استانهای اصفهان تهران کرمان و خراسان رضوی,1,36743,0
ابادان اهواز اصفهان تهران شیراز,1,36743,0
منطقه دشت برخوار شمال شهر اصفهان دشت شرق شهر,1,36743,0
یزد زاینده زاینده یزد اصفهان,1,36743,0
ایران اصفهان زاینده موزه اصفهان,1,36743,0
رفسنجان ایران مازندران استان کرمان شهرستان رفسنجان,1,36743,0
زمین رفسنجان,1,36743,0
کویر لوت دریاچه ارومیه کویر لوت,1,36743,0
استان کرمان شهرستان رفسنجان,1,36743,0
شهرری شهرری تهران,1,36743,0
اصفهان مهاجر,1,36743,0
منطقه احمدی نژاد زاینده بهشهر اصفهان,1,36743,0
اصفهان میدان فیض پل خواجو گوش شرکت,1,36743,0
استان شهر استان اصفهان شهر تهران شهر استان کرمان شهر استان خراسان رضوی,1,36743,0
شمال اصفهان,1,36743,0
رشت اصفهان شهر اصفهان,1,36743,0
اصفهان خلیج فارس دریا یزد کرمان قم,1,36743,0
فرونشست اینستاگرام نروژ,1,36743,0
زباله متروپل,1,36743,0
اصفهان اصفهان ایران جهان ایران اصفهان,1,36743,0
اصفهان دشت اصفهان رودخانه زاینده زاینده,1,36743,0
زمین اصفهان میدان فیض اصفهان اصفهان,1,36743,0
فلکه فیض,1,36743,0
ژ مین اصفهان,1,36743,0
زمین میدان فیض,1,36743,0
اصفهان جهان هتل عباسی,1,36743,0
شرق و جنوبی کشور,1,36743,0
زمین ایران ایران زمین ایران,1,36743,0
زمین زمین جهان جهان,1,36743,0
ایران خوزستان دریاچه ارومیه لرستان سیستان و بلوچستان ایران گیلان مازندران,1,36743,0
رودخانه دز دز کارون,1,36743,0
پل خواجه نشست اصفهان,1,36743,0
زاینده شهر اصفهان شرق اصفهان کارخانجات فولاد,1,36743,0
فلات مرکزی بهشت زاینده اصفهان,1,36743,0
مکران,1,36743,0
اصفهان اصفهان خوزستان اصفهان تهران اصفهان اصفهان,1,36743,0
دردشت کبودراهنگ همدان,1,36743,0
استانتون,1,36743,0
زابل سیستان گلستان,1,36743,0
استان فارس اصفهان,1,36743,0
ساجد تاریخ اصفهان,1,36743,0
سا جداصفهان سید مسجدقطبیه مسجدعلی قلی کاروانسرای ساروتقی صفهان اصفهان,1,36743,0
اصفهان تهران زاینده اصفهان,1,36743,0
ایران خوزستان سیستان بلوچستان,1,36743,0
منطقه بیابانی رفسنجان,1,36743,0
شهرستان برخوار شهرستان برخوار,1,36743,0
ورزشگاه نقش جهان اصفهان اصفهان,1,36743,0
دنیا دبی,1,36743,0
شهرستان اشتهارد استان البرز,1,36743,0
استان فارس نی ریز فارس جاده نی ریز اباده طشک استان فارس,1,36743,0
دردشت فسا جهرم فارس,1,36743,0
فلکه فیض اصفهان استانهای کرمان و یزد اصفهان,1,36743,0
شهرستان اهر اذربایجان شرق شهرستان اهر,1,36743,0
زابل سیستان و بلوچستان,1,36743,0
منطقه خوشناوتی ابشار هرتل روان بختیار,1,36743,0
اذربایجان غرب تالاب استان قو پی پدرعلی قره قشلاق مهاباد قره گل بوکان,1,36743,0
ایران عربستان عربستان ایران,1,36743,0
ایران ایران جهان جهان ایران,1,36743,0
جهان کشور ایران,1,36743,0
پارک بوت سنم هه,1,36743,0
سیستان و بلوچستان ایران,1,36743,0
عربستان جهان ایران ایران جهان,1,36743,0
کشور ایران ایران ایران,1,36743,0
شیره,1,36743,0
سد لتیان سد لتیان تهران,1,36743,0
ابا,1,36743,0
جزایر قناری,1,36743,0
روستای خربزههای روستای حیف,1,36743,0
ایران سرزمین عربستان عربستان ایران مکه,1,36743,0
پناهگاه نایبندان طبس,1,36743,0
شهر سوخته رستم,1,36743,0
منطقه حفاظت نایبندان طبس,1,36743,0
شمال خوزستان شوش دزفول اندیمشک ایران,1,36743,0
روستا اوشون,1,36743,0
کاشان زاینده زاینده کاشان زاینده کاشان اصفهان,1,36743,0
روستای دمسیاه بالایی سد خاکی روستایمان سد روستایمان,1,36743,0
خاورمیانه ایران فارس,1,36743,0
کیش قشم قشم جزیره قشم,1,36743,0
سرزمین پارس استان فارس,1,36743,0
اصفهان دریاچه ارومیه گاوخونی زاینده,1,36743,0
زمین مناطق مرکزی ایران,1,36743,0
ساختمان اصفهان اصفهان اصفهان,1,36743,0
کانون اندیشه سالن ورزش ماشینها,1,36743,0
اصفهان اصفهان کشور اصفهان,1,36743,0
زاینده تالاب المللی گاوخونی دریاچه ارومیه,1,36743,0
ایران دریاچه ارومیه زاینده اصفهان,1,36743,0
ارومیه بلوچستان اصفهان بختیاری خوزستان لرستان اصفهان,1,36743,0
ره,1,36743,0
شرق اصفهان زاینده شهر,1,36743,0
کارون کرخه جراحی گتوند مارون,1,36743,0
چهارمحال وبختیاری اصفهان لرستان خوزستان خوزستان مازندران,1,36743,0
اصفهان چهارمحال وبختیاری چهارمحال خوزستان,1,36743,0
چهارمحال اصفهان اصفهان نا ژو,1,36743,0
شهر گا سال باتلاق گاوخونی استان کناری گا یزد زیرزمین اصفهان,1,36743,0
اصفهان اصفهان اصفهان اصفهان ایران,1,36743,0
اصفهان اونور,1,36743,0
استان چهارمحال بختیاری زاینده زاینده شهر اصفهان,1,36743,0
مسجد تاریخی اصفهان,1,36743,0
اصفهان ترک,1,36743,0
متروپل ابادان,1,36743,0
اصفهان ایران اصفهان زاینده مرگ اصفهان,1,36743,0
مترو,1,36743,0
شرق اصفهان شهر اصفهان اصفهان,1,36743,0
تهران دنیا دنیا تهران تهران تهران تهران,1,36743,0
استان اصفهان استان اصفهان,1,36743,0
اصفهان شرق اصفهان تالاب گاوخونی,1,36743,0
فرودگاه اصفهان رود گاه اصفهان,1,36743,0
یزد قم اصفهان,1,36743,0
ساختمان ایین نامه,1,36743,0
اصفهان عمارت فاتح الملک پارک ناژوان اصفهان,1,36743,0
فرودگاه المللی اصفهان اصفهان زاینده زاینده اصفهان,1,36743,0
مسجد نقش جهان اصفهان دشت هامون,1,36743,0
میدان تاریخی نقش جهان استان اصفهان,1,36743,0
زاینده میدان تاریخی نقش جهان استان اصفهان,1,36743,0
پارک ملی کلاه قاضی اصفهان دردشت مهیار پارک ملی کلاه قاضی جنوب غرب اصفهان جاده اصفهان شیراز بزرگراه اصفهان,1,36743,0
گاوخونی اصفهان استان فارس استان فارس رودخانه کر شهر شیراز جنوب استان استان فارس شهر داراب جهان,1,36743,0
زاینده و ازمون اصفهان,1,36743,0
جهان دشت ایران,1,36743,0
بست س شیراز اصفهان,1,36743,0
همدان خراسان جنوبی شهریار,1,36743,0
ایران استانهای اصفهان خراسان شهر تهران دنیا اصفهان تهران,1,36743,0
بزرگراه اصفهان شیراز اصفهان,1,36743,0
پل خواجو مترو اصفهان,1,36743,0
میدان نقش جهان اصفهان زمین,1,36743,0
پارک ملی کلاه قاضی اصفهان,1,36743,0
اصفهان زاینده اصفهان پل خواجو,1,36743,0
اصفهان پل درید اصفهان,1,36743,0
استان فارس تخت جمشید پاسارگاد نقش رستم بیشاپور داراب اردشیر خوره شهر شیراز,1,36743,0
اصفهان زاینده اب زاینده,1,36743,0
نحوی شهرستان برخوار,1,36743,0
خیابان فیض اصفهان شهر اصفهان جنوب شهر تهران فارس کرمان همدان,1,36743,0
اره اصفهان,1,36743,0
دردشت قزوین مرگ دشت,1,36743,0
خیابان فیض اصفهان,1,36743,0
میدان فیض اصفهان,1,36743,0
خیابان اپادانا پل خواجو رودخانه زاینده,1,36743,0
شهر اصفهان زاینده مرگ اصفهان,1,36743,0
شهر اصفهان جهان ایران,1,36743,0
رشت اصفهان فلات مرکزی ارتباطی استان مجاورش,1,36743,0
استان موصوع زاینده تالاب گاوخونی شهر اصفهان,1,36743,0
دشت اصفهان زاینده ورودی,1,36743,0
کوچه ابه,1,36743,0
جهان استانهای اصفهان تهران کرمان و خراسان رضوی شهر تهران,1,36743,0
استانهای اصفهان تهران کرمان و خراسان رضوی شهر تهران جنوب غرب و,1,36743,0
کهگیلویه بهبهان,1,36743,0
کشور خلیج گر,1,36743,0
خیابان میرزا طاهر اصفهان,1,36743,0
شهرستان فارس,1,36743,0
استان فارس داراب,1,36743,0
تهران اصفهان شیراز,1,36743,0
مسجد وکیل شیراز,1,36743,0
مسجد تاریخی وکیل شیراز,1,36743,0
مسجد وکیل,1,36743,0
زمین تهران اسراییل,1,36743,0
تهران تهران دشت تهران تهران,1,36743,0
محله بعثت یزد,1,36743,0
جنوب غرب تهران شهر تهران شهریار,1,36743,0
تهران اطراف شهریار احمداباد سانت ه,1,36743,0
جاده قدیم فسا داراب,1,36743,0
یزد اصفهان تالاب گاوخونی,1,36743,0
پان ایران اصفهان فارس,1,36743,0
دردشت اصفهان برخوار,1,36743,0
باور اصفهان,1,36743,0
کردستان کردستان,1,36743,0
اصفهان ایران ارتباطی شمال جنوب شرق غرب ایران ایران,1,36743,0
یزد کرمان اصفهان اصفهان,1,36743,0
اصفهان خانه یشان,1,36743,0
زاگرس دریاچه ارومیه هورالعظیم اصفهان اصفهان,1,36743,0
روستای خورینج شهرستان پیرانشهر فرو چاله,1,36743,0
منطقه تهران تهران,1,36743,0
دریاچه ارومیه تالاب انزلی اصفهان,1,36743,0
شهر زاینده اصفهان اصفهان,1,36743,0
شهر زاینده دریا شهر اصفهان اصفهان,1,36743,0
منطقه اشترینان,1,36743,0
دریاچه فارس ایران,1,36743,0
خیابان ولیعصر تجریش,1,36743,0
جاده بستان,1,36743,0
زاینده رود خون,1,36743,0
شهر باستان تخت جمشید,1,36743,0
اصفهان زاینده یزد چهارمحال وبختیاری,1,36743,0
منطقه تهران جنوب غرب تهران شهر تهران شهریار,1,36743,0
ایران دردشت شیراز شهرستان مرودشت استان فارس,1,36743,0
بیمارستان خاتم الانبیا بندرعباس,1,36743,0
دشتهای جنوبی کرمان,1,36743,0
کرمان فرونشست عنبراباد,1,36743,0
کرمان عنبراباد,1,36743,0
کرمان عنبراباد پل توکل کرمان ایرانشهر,1,36743,0
اصفهان سد انتقال اب یزد اصفهان اصفهان,1,36743,0
ایران استانها همدان اصفهان,1,36743,0
شهرک کاوه,1,36743,0
خیابان دانشگاه خیابان دانشگاه شهرداری منطقه خیابان کارکنان شهرداری,1,36743,0
زاینده یزد اصفهان اصفهان زاینده زنده اصفهان اصفهان,1,36743,0
جاده نی ریز اباده طشک استان فارس,1,36743,0
اصفهان گیلان مازندران,1,36743,0
خانه فرو بلعید برخوار شهر دستگرد,1,36743,0
سالن فردوسی,1,36743,0
استانهای اصفهان تهران همدان کرمان یزد,1,36743,0
دانی ایران,1,36743,0
مدرسه استان اصفهان,1,36743,0
میدان نقش جهان مسجد سید اصفهان,1,36743,0
اصفهان تهران تبریز,1,36743,0
کشور استان فارس جنوب تهران,1,36743,0
ایران پلاسکو پاسارگاد,1,36743,0
تهران شهرستانها تهران,1,36743,0
استانهای قزوین البرز تهران و سمنان,1,36743,0
قلعه فلک الافلاک استان لرستان,1,36743,0
محله نسیم شهر نسیم شهر استان تهران,1,36743,0
اره اصفهان تهران,1,36743,0
کرمان شهر کرمان,1,36743,0
گلستان گلستان مرزی سیستان,1,36743,0
اصفهان صف,1,36743,0
ورامین شهریار شهر تهران,1,36743,0
شهریار جنوب پایتخت,1,36743,0
اصفهان اذربایجان خراسان رضوی جنوب و جنوب غرب تهران,1,36743,0
جاده بهبهان رامهرمز شهروند بهبهان رامهرمز دی,1,36743,0
میدان ره اصفهان,1,36743,0
منطقه شهرداری تهران غرب جنوب جنوب شاداباد چهاردانگه شهر بهارستان نسیم شهر جنوب غرب تهران,1,36743,0
زاینده رود زاینده اصفهان اصفهان اصفهان اصفهان,1,36743,0
استان عنبراباد کرمان ایرانشهر,1,36743,0
تهران شهرک اکباتان مترو منطقه شهر تهران,1,36743,0
بم رودبار ایران,1,36743,0
تهران زمین جهان,1,36743,0
ایران اصفهان یزد اصفهان یزد,1,36743,0
قلعه فلک الافلاک لرستان,1,36743,0
کوهستان بهنام امامزاده داود,1,36743,0
کاشان ز فره,1,36743,0
دردشت فارس,1,36743,0
فارس کشور تهران خراسان اصفهان تهران جهان,1,36743,0
بودین,1,36743,0
کهنوج,1,36743,0
زمین قلعه فلک الافلاک,1,36743,0
کادیکوی استانبول,1,36743,0
زاینده تاریخی اصفهان فلات مرکزی تالاب المللی گاوخونی اصفهان دبی,1,36743,0
خلیج گر شمال ایران مرکز جنوب ایران,1,36743,0
منطقه خرم پل,1,36743,0
اصفهان تبریز اصفهان,1,36743,0
ابادان اصفهان,1,36743,0
متروپل اهواز تهران دریاچه چیتگر,1,36743,0
مشهد ایران,1,36743,0
قدیمی ساز پل اذر,1,36743,0
اصفهان خوزستان زاینده تامین کارون اصفهان,1,36743,0
دشت اصفهان ایران ایرانه,1,36743,0
اصفهان ابادان اصفهان,1,36743,0
اصفهان خانه پسرعمه ساختمان اباد,1,36743,0
زمین پاکدشت,1,36743,0
زمین مرکزی ایرانه اصفهان,1,36743,0
پیشوا,1,36743,0
شرق و غرب و و جنوب شهر,1,36743,0
شهر اصفهان مسجد سید مسجد قطبیه مسجد قلی کاروانسرای ساروتقی اصفهان,1,36743,0
مسجد سید اصفهان میدان نقش جهان مسجد سید اصفهان,1,36743,0
میدان نقش جهان زمین مسجد سید اصفهان,1,36743,0
مجموعه میدان نقش جهان تاریخی مسجد سید اصفهان اصفهان,1,36743,0
مسجد سید اصفهان اصفهان,1,36743,0
مسجد سید اصفهان مجموعه میدان نقش جهان مسجد سید اصفهان,1,36743,0
اصفهان کارون شهر اصفهان,1,36743,0
مبارکه مبارکه چم اسمان,1,36743,0
کشور زمین,1,36743,0
ساختمان متروپل,1,36743,0
اصفهان اصفهان اصفهان دشت اصفهان,1,36743,0
اصفهان اصفهان دشت اصفهان,1,36743,0
ایران تهران تهران شهر تهران,1,36743,0
جنوب غرب تهران تهران قم,1,36743,0
کره زمین زمین زمین کره زمین,1,36743,0
پل اصل پایتخت,1,36743,0
تهران جنوب و جنوب غرب پیشرفت تهران,1,36743,0
زمین تهران زمین تهران تهران,1,36743,0
شهر استان اصفهان خوزستان,1,36743,0
خوزستان فارس اصفهان,1,36743,0
اصفهان فارس فارس خوزستان اصفهان,1,36743,0
دشت اصفهان برخوار زاینده زاینده,1,36743,0
خلیج گر گلستان خلیج,1,36743,0
اصفهان خیابانهای حافظ و نشاط میدان نقش جهان,1,36743,0
میبد اردکان زاینده خاک اصفهان اصفهان,1,36743,0
حریم غرب تهران,1,36743,0
اصفهان خیابان ال احمد شهر اصفهان استان اصفهان,1,36743,0
رشت کرج اصفهان ایران,1,36743,0
زمین اصفهان ایران ایران,1,36743,0
تالاب انزلی زاینده تالاب هورالعظیم جهان شهر اصفهان,1,36743,0
زمین کرج,1,36743,0
اصفهان ایران ایران,1,36743,0
اصفهان ایران اصفهان زاینده روان اصفهان,1,36743,0
ساختمان کرج ساختمان میدان کرج,1,36743,0
ساختمان میدان کرج,1,36743,0
اصفهان جهان جهان شهر اصفهان اصفهان,1,36743,0
خیابان اذین رنگ,1,36743,0
فروردین غرب زدیاک شرق زدیاک,1,36743,0
دریاچه بروم الوان شهر لیک دریاچه زیبا بهنام بروم الوان,1,36743,0
شهرستان قوچان,1,36743,0
منطقه همدان دشت کوریجان همدان خالق وردی و اق حصار دشت کوریجان,1,36743,0
استان همدان استان همدان,1,36743,0
خانه تهران ایران,1,36743,0
دشت اصفهان شهر اصفهان شهرتان قیمت,1,36743,0
جنوب و جنوب غرب تهران,1,36743,0
تخت جمشید فارس تخت جمشید,1,36743,0
پایگاه اصفهان,1,36743,0
رشت دشت چار,1,36743,0
برج پیزا,1,36743,0
رشت اصفهان اصفهان,1,36743,0
اصفهان شرق اصفهان زاینده,1,36743,0
شرکت,1,36743,0
جهان جهان چشمه کوهرنگ استان چهارمحال وبختیاری ایران,1,36743,0
دشت برخوار اصفهان دشت تهران کرج,1,36743,0
جاده چالوس استان مازندران سد بیشه رودخانه چالوس,1,36743,0
دشت خوی,1,36743,0
کوه رانش,1,36743,0
ایران ورامین کرج همدان,1,36743,0
منوجان,1,36743,0
کلبه تهران تهران,1,36743,0
استان فارس قم تهران اراک,1,36743,0
ایران رفسنجان,1,36743,0
بروجن کارون زاینده شهر اصفهان بروجن سد کارون,1,36743,0
دشت اشتهارد ورامین اصفهان,1,36743,0
ابرقو یزد دردشت مهیار اصفهان طاهراباد کاشان,1,36743,0
زاینده بست چهارباغ پارک هشت بهشت,1,36743,0
برج مونو نزارین,1,36743,0
باغ سرسبزه,1,36743,0
تویسرکان ایران ملایر,1,36743,0
جهان جلیلی,1,36743,0
قزل تهران,1,36743,0
سیستان خوزستان,1,36743,0
ورزشگاه خیبر,1,36743,0
ایران کویر لوت,1,36743,0
هرمزگان شرق هرمزگان,1,36743,0
ایران استانهای مرکزی جنوب غرب جنوب و جنوب شرق بینی,1,36743,0
ایران ه دیره,1,36743,0
هیر هیر,1,36743,0
خراسان کیف,1,36743,0
یزد استان یزد,1,36743,0
اسیا شرق اسیا خاورمیانه,1,36743,0
هورالعظیم کارون کارون خوزستان خوزستان خوزستان خوزستان,1,36743,0
گیلان خوزستان استان گیلان استان خوزستان گیلان خوزستان,1,36743,0
جلگه کویر,1,36743,0
دماوند ابسرد گیلا وند,1,36743,0
ایران ناسا رشت,1,36743,0
سال,1,36743,0
جنوب غرب تهران شهریار ملارد,1,36743,0
لرستان رودخانه کشکان,1,36743,0
تخت جمشید جهان,1,36743,0
زاینده اصفهان تخت جمشید,1,36743,0
دانشگاه شیراز تخت جمشید,1,36743,0
اب رودخانه برنج کاری,1,36743,0
تهران اصفهان تهران کرمان خراسان رضوی البرز فارس یزد همدان مرکزی چهارمحال,1,36743,0
ازربای جان جنوبی دریاچه ارومیه,1,36743,0
شهرستان ورامین پاکدشت,1,36743,0
تهران زمین ایران ایران,1,36743,0
جهان اصفهان,1,36743,0
دردشت مهران,1,36743,0
روستای امامزاده ارومیه,1,36743,0
دردشت مهران سد ایلام دشت مهران,1,36743,0
نطنز دشت بادرود,1,36743,0
تهران زمین شریعتی تهران,1,36743,0
خیابان شریعتی تهران,1,36743,0
کرمان بم استان کرمان,1,36743,0
مشهد اصفهان اصفهان,1,36743,0
اصفهان یزد اصفهان اصفهان اصفهان,1,36743,0
شهر بندرعباس,1,36743,0
سعادت مربع تهران,1,36743,0
شهرضا,1,36743,0
ادینبرو ادینبرو,1,36743,0
رشت جهان میدان ره,1,36743,0
سد ایلام دشت مهران,1,36743,0
خیابان اهواز خیابان کوی ملت اهواز,1,36743,0
فرودگاه و اهن کرمان,1,36743,0
دشتهای کرمان,1,36743,0
زمین مرغ,1,36743,0
زمین شهریار,1,36743,0
تهران دشتهای جنوب و جنوب غرب تهران,1,36743,0
کرمان کوچه خیابان سرباز,1,36743,0
ایران مهراباد جنوب تهران تهران شهریار چیتگر,1,36743,0
مازندران خزر,1,36743,0
اصفهان ورزشگاه نقش جهان دشت اصفهان,1,36743,0
ایران میانکاله هورالعظیم ایران,1,36743,0
حکیمی ان یزد,1,36743,0
دنیا خزر خلیج فارس,1,36743,0
میرفندرسکی,1,36743,0
ایران شمال جنوب شرق غرب استان,1,36743,0
ایران اقیانوس ایران,1,36743,0
اصفهان ایران ارتباطی شرق غرب شمال جنوب ایران تالاب گاوخونی,1,36743,0
منطقه قلب اصفهان,1,36743,0
شهر اصفهان جهان,1,36743,0
مجموعه جهان تخت جمشید و نقش رستم,1,36743,0
ایران هورالعظیم ایران,1,36743,0
زاینده کوهرنگه استان اصفهان,1,36743,0
تحقیقات,1,36743,0
ایران دردشت ورامین,1,36743,0
فرونشست زمین,1,36743,0
اصفهان ایران پل ارتباطی شمال جنوب غرب شرق اصفهان,1,36743,0
ناحیه مسجد گازرگاه,1,36743,0
غار طالب,1,36743,0
منطقه شهریار تبریز,1,36743,0
مشکین دشت کرج,1,36743,0
ایران کرج,1,36743,0
شهرک بعثت کرج,1,36743,0
پارس فارس,1,36743,0
تبریز طوس,1,36743,0
حیاط ویلا,1,36743,0
پنجاب,1,36743,0
ابادان ایران ایران,1,36743,0
غور غور جهان,1,36743,0
منطقه چز,1,36743,0
هاول,1,36743,0
پارم جاذبه نید,1,36743,0
بادگیر,1,36743,0
توکیو جهان,1,36743,0
سوسنگرد,1,36743,0
شاهین شهر اصفهان,1,36743,0
دریای مازندران طبریه مازندران خزری ماز رون دریوی,1,36743,0
ولایی,1,36743,0
ایران موزه تنوع زیست پارک پردیسان,1,36743,0
هاشمی طارم,1,36743,0
بشار,1,36743,0
گلستان ایران,1,36743,0
ساها را,1,36743,0
تهران منطقه حفاظتی جاجرود پارک ملی خجیر و سرخه حصار شرق و جنوب شرق تهران منطقه حفاظت ورجین و البرز مرکزی شهرستان شمیرانات,1,36743,0
شهرستان تربت حیدریه,1,36743,0
عشایر بختیاری,1,36743,0
شهر بیرجند,1,36743,0
رستوران اکبر جوجه,1,36743,0
اروپا اروپای غرب ایران,1,36743,0
روستای هشتگرد,1,36743,0
جاده تهران,1,36743,0
المان ایران المان ایران,1,36743,0
بهشهر اهواز,1,36743,0
شهرستان,1,36743,0
ناحیه پانزدهم بلاکهای قصبه,1,36743,0
تهران ارومیه,1,36743,0
لایک,1,36743,0
ایران اربیل,1,36743,0
کرج شهرستان فردیس خیابان فریبا فردیس فردیس,1,36743,0
قزوین کرج,1,36743,0
کابل ستان,1,36743,0
تهران بهشهر,1,36743,0
میدان معلوم شغالزاده جویبار,1,36743,0
تپه عنی مستراح,1,36743,0
سربلندی خانروا,1,36743,0
کرج کردان هشتگرد شرق تهران تل,1,36743,0
بیمارستان درد خوزستان,1,36743,0
کافه نیاوران,1,36743,0
شاهین شهر,1,36743,0
دنیا تورنتو,1,36743,0
تانر ا,1,36743,0
خانه غو غو,1,36743,0
کشور دموکرات کاری,1,36743,0
خانه کمال الملک نیشابور,1,36743,0
تبعیدگاه کوت عبدالله,1,36743,0
سراوان بلوچ,1,36743,0
خیابان کمک خدام,1,36743,0
اورشلیم,1,36743,0
مجموعه کوهسار غرب تهران,1,36743,0
پارک جنگلیهای تهران,1,36743,0
جهان تالاب هورالعظیم,1,36743,0
انتاریو,1,36743,0
اروپای,1,36743,0
نیایش ایران,1,36743,0
ملل فارس,1,36743,0
نیویورک ایران,1,36743,0
کردکوی محله ولاغوز کردکوی,1,36743,0
کابل پنجشیر,1,36743,0
شهر فوستر کالیفرنیا,1,36743,0
سوییس نیویورک,1,36743,0
شهر کرمانشاه خاور میانه,1,36743,0
استان گاندوی,1,36743,0
کشور شهروند,1,36743,0
توکیو هاول,1,36743,0
روستای چلاو شهرستان امل چلاو,1,36743,0
زمین مریخ سیاره زمین زمین,1,36743,0
موزه بیان,1,36743,0
باغ وحش زابل دانشگاه زابل,1,36743,0
هورالعظیم جهان جهان,1,36743,0
ایران عربستان ایران اروپا,1,36743,0
روستای ابش چشمه,1,36743,0
ایران کشور تهران جهان,1,36743,0
گیلان وضعش,1,36743,0
قاره سبز,1,36743,0
اب درپارک ایالتی دره تگزاس,1,36743,0
سراب اوا,1,36743,0
خیابان,1,36743,0
جنوب نیشابور,1,36743,0
سرخه حصار,1,36743,0
شهرک ایران,1,36743,0
قصبه عذاب,1,36743,0
مدرسه ابتدایی امین زاده,1,36743,0
حومه شهر,1,36743,0
شهر صفی,1,36743,0
سگ خانه باغ عمرشون,1,36743,0
پاریس لندن,1,36743,0
نایروبی,1,36743,0
منطقه حفاظت موت اصفهان,1,36743,0
شهرری,1,36743,0
پارک قیطریه,1,36743,0
حلب ایران زمین,1,36743,0
باها س,1,36743,0
زنجان قزوین,1,36743,0
خانه ماکارانی,1,36743,0
اروپا اروپا اکراین اروپا,1,36743,0
کره کره جهان,1,36743,0
خو لی,1,36743,0
کول اوس لوره,1,36743,0
حنیفه,1,36743,0
شانگهای,1,36743,0
جزایر قناری المان,1,36743,0
دهلی,1,36743,0
شهر شانگهای,1,36743,0
شیراز اهواز,1,36743,0
شهر تهران ایران,1,36743,0
مونیخ,1,36743,0
تهران تبریز فارس,1,36743,0
بهشت,1,36743,0
فریمان,1,36743,0
گردنه اسداباد,1,36743,0
برتان,1,36743,0
زمین اروپا المان,1,36743,0
کشورمان المان,1,36743,0
ماه رمضان,1,36743,0
خانه یمان قحطی,1,36743,0
اروپا ایران اولش,1,36743,0
امستردام امستردام,1,36743,0
کره قحطی,1,36743,0
اروپا اروپا ایران,1,36743,0
اچ,1,36743,0
ایران اروپا ایران اروپا,1,36743,0
گیرمو ن,1,36743,0
فروشگاه کوروش,1,36743,0
خوابگاه تون,1,36743,0
کمپ اشرف,1,36743,0
اکراین اروپا,1,36743,0
کره مریخ ایران,1,36743,0
اروپا ایران کرمانشاه,1,36743,0
کشور المان اروپا,1,36743,0
موجوده,1,36743,0
ایستگاه brt,1,36743,0
ایران المان المان ایران,1,36743,0
المان المان ایران,1,36743,0
اروپای ازاده ایران,1,36743,0
ایران غرب ایران,1,36743,0
فروشگاه جانبازان,1,36743,0
ایران ویکی,1,36743,0
اروپا محله کرمانشاه ایران,1,36743,0
عربستان بیت بان عربستان,1,36743,0
هرات مشهد,1,36743,0
شهر المان ایران,1,36743,0
کاب و کول,1,36743,0
استانهای ازربایجان غرب و سنندج کرمانشاه ازربای جان غرب جنایات جیلولوق و اسماعیل سیمیتکو قیشلاق کنه اوتراق,1,36743,0
دارین جهان,1,36743,0
شانگهای شانگهای,1,36743,0
اروپا تفرش,1,36743,0
شمال جهان,1,36743,0
دریای مازندران میانکاله مازندران ایران,1,36743,0
یزد کرمان سمنان لرستان خوزستان اصفهان ایران جهان,1,36743,0
کرمانشاه طاق بستان بیستون,1,36743,0
توکیو متحرک هاول,1,36743,0
اشبح قلعه ی متحرک هاول,1,36743,0
شهر اشبح قلعه متحرک هاول,1,36743,0
جهان کشور ایران ایران,1,36743,0
اره,1,36743,0
حجاز خای ه خوران خای ه مالان گا,1,36743,0
شهر گا شیربن,1,36743,0
جنوب شرق تفرش,1,36743,0
صنعا,1,36743,0
جانبازان بعثت,1,36743,0
تاجکان کابل شار والی کابل,1,36743,0
منچستر,1,36743,0
جنوب شرق جنوب شمال شرق غرب,1,36743,0
بیابان ادم دریاچه چیتگر,1,36743,0
ایران کوهمره سرخی استان فارس,1,36743,0
ولسوالی ولسوال,1,36743,0
چخ پدر,1,36743,0
جزایر قناری المان لندن اروپا,1,36743,0
بند کمال خان بند کمال خان ایران,1,36743,0
جهان جهان زمین جهان,1,36743,0
کوهه کوهه,1,36743,0
کیش وندا کیش,1,36743,0
اروپا عربستان,1,36743,0
ماریو,1,36743,0
یوی وژونک,1,36743,0
قدس لندن,1,36743,0
ایران ایران استان سیستان و بلوچستان,1,36743,0
رایس تبریز,1,36743,0
خوزستان اصفهان مشهد مشهد,1,36743,0
بذ,1,36743,0
خانه عم,1,36743,0
مملکت پله,1,36743,0
کاپیتالیسم,1,36743,0
المان اکراین,1,36743,0
سرزمین غرب دهه میلادی,1,36743,0
اسکو,1,36743,0
المان جهان جهان,1,36743,0
عاد,1,36743,0
هزارهها,1,36743,0
منطقه ی اذربایجان امپراطوری مراغه,1,36743,0
چان جین,1,36743,0
ولید,1,36743,0
استالین اوکر ايین,1,36743,0
روستا لرستان ایلام سیمره سد سیمره رودبار,1,36743,0
هیرمند سیستان هیرمند,1,36743,0
روستای پدرمینا,1,36743,0
دشت شنزار هلمند,1,36743,0
زمین غزنی زمین,1,36743,0
کویر ایران البرز البرز کویر گیلان و مازندران البرز,1,36743,0
خو,1,36743,0
تربت خوزستان,1,36743,0
رودخانه دز ایران خاورمیانه,1,36743,0
دریاچه روتون,1,36743,0
شهرهای رفسنجان و یزد جهان,1,36743,0
دماوند ایران,1,36743,0
قطب شمال جنوب,1,36743,0
شمال کشور بیابانی ایران,1,36743,0
داوود,1,36743,0
شهرستانهای فارس,1,36743,0
شهرش ون شکر,1,36743,0
ی کر استان فارس کر,1,36743,0
خلیج گر گلستان خلیج گر گلستان,1,36743,0
استان گیلان سیستان و بلوچستان,1,36743,0
استان اصفاهان سیل,1,36743,0
زاینده کارون زاینده دهه لنجان تالاب گاوخونی,1,36743,0
اروپا اروپا زمین,1,36743,0
تونل دشت عباس سد کرخه,1,36743,0
استان شمالش سیستان و بلوچستان,1,36743,0
پلدختر حیات کشکان رودخانه کشکان,1,36743,0
رودخانه کشکان,1,36743,0
کالیفرنیا اصفهان,1,36743,0
زمین زمین دریاچه ارومیه,1,36743,0
درود شرف,1,36743,0
ایران کوهپایه,1,36743,0
جابجا,1,36743,0
روستاهای تیزاب براب جمسی روستاهای رودبال,1,36743,0
نیمه غرب کشور نیمه شرق کشور,1,36743,0
اهواز اهوازی کرخه و کارون استانهای مرکزی ایران,1,36743,0
اهواز کرخه و کارون استانهای مرکزی ایران,1,36743,0
سراب رودخانه کرمانشاه سراب نیلوفر,1,36743,0
نکا,1,36743,0
ابش ون,1,36743,0
گاوخونی شیراز گاوخونی حوضه گاوخونی استان,1,36743,0
منطقه ایزدخواست,1,36743,0
نهاوند,1,36743,0
استهبان استان فارس,1,36743,0
منطقه نطنز,1,36743,0
بیجار,1,36743,0
شمال و جنوب ایران,1,36743,0
حجاز کعبه,1,36743,0
جنوب استان فارس غرب هرمزگان,1,36743,0
نهر شادگان,1,36743,0
پل کالج,1,36743,0
جنوب غرب کشور هلمند فراه نیمروز ارزگان قندهار,1,36743,0
روستای زیبا و کهن بندامیر بندمیر,1,36743,0
رودخانه قزل اوزن,1,36743,0
دریاچه زدو,1,36743,0
سی پل اب کازرون دریاچه ارومیه,1,36743,0
دریاچه ارومیه زاینده ورود کارون,1,36743,0
چهارراه ولیعصر پارک جمعیت مزخرف هرکی,1,36743,0
پل پونته دل دیاول,1,36743,0
سیمره غرب کشور استان لرستان کرمانشاه ایلام رودخانه قزل اوزن ایران کوههای چهل چشمه استان کردستان,1,36743,0
اصفهان ابادان اذربایجان,1,36743,0
ایران ایران باستان,1,36743,0
زاینده ارومیه گاوخونی بختگان حورالعظیم هامون ایران,1,36743,0
جهان ایران اروپا ایران ایران,1,36743,0
رودخانه فرات منطقه کربلا,1,36743,0
جهان دنیا ایران کویر مازندران,1,36743,0
خانه توشی,1,36743,0
خرم دریاچه ارومیه دریاچه ارومیه,1,36743,0
کارون کرخه کرخه سد کارون,1,36743,0
اصفهان خاورمیانه,1,36743,0
ارومیه اصفهان هیرمند فارس سیستان بلوچستان,1,36743,0
ارومیه ایران ایران,1,36743,0
شمال تهران تهران,1,36743,0
مازندران گیلان البرز کویر البرز گیلان مازندران مازندران گیلان,1,36743,0
جلگه خوزستان گیلان مازندران مازندران گیلان,1,36743,0
ولایتهای هلمند دایکندی زابل و قندهار,1,36743,0
غرب گله پاتایا,1,36743,0
زیست چهارمحال حوضه گاوخونی کارون چهارمحال کارون زاینده,1,36743,0
عربستان خاورمیانه,1,36743,0
خوزستان خوزستان اصفهان خوزستان اصفهان,1,36743,0
اصفهان یزد کاشان,1,36743,0
خزر فلات مرکزی,1,36743,0
زندگی,1,36743,0
اخوند,1,36743,0
رودخانه کارون رودخانه سیروان,1,36743,0
اصفهان مشهد اذربایجان اذربایجان,1,36743,0
زاینده کرار,1,36743,0
تبریز ارومیه زاب کردستان ارومیه,1,36743,0
زمین دریای مازندران,1,36743,0
غدیر,1,36743,0
معبد دارا,1,36743,0
مین حه تل شل کاله مونر,1,36743,0
کنعان طبس,1,36743,0
ارس و مغان,1,36743,0
دریاچه ارال,1,36743,0
زمین هلمند ننگرهار بلخ قندوز بدخشان,1,36743,0
اتشفشان دماوند,1,36743,0
زرینه,1,36743,0
ایران ایران فلات ایرانه,1,36743,0
جاده چالوس کرج,1,36743,0
شرق غرب اصفهان چهارمحال باغات اصفهان,1,36743,0
رودخانه کشکان لرستان رودخانه کشکان لرستان رودخانه کشکان استان لرستان,1,36743,0
دایکندی دایکندی,1,36743,0
استان فارس اهواز اصفهان شیراز,1,36743,0
سیستان سرپل ذهاب,1,36743,0
تهران اروپا,1,36743,0
منطقه امیراباد بیرجند,1,36743,0
مسجد برويه,1,36743,0
تهران کوهپایههای البرز,1,36743,0
غرب اروپا اروپا شرق اسیا,1,36743,0
المان نازی,1,36743,0
فرماندهی,1,36743,0
ی مهربان اتاق مستر,1,36743,0
معین الدین سعیدی,1,36743,0
اذربایجان غرب سردشت,1,36743,0
تهران سیستان و بلوچستان ایران,1,36743,0
گنجه,1,36743,0
بوسنی,1,36743,0
فارو,1,36743,0
هوبی هوبی,1,36743,0
خانه یمان رد ساری خیابان شفا,1,36743,0
ابشار تهران,1,36743,0
قم شهر,1,36743,0
شهرستان قم شهرک دامشهر قم,1,36743,0
استان تهران قاره اسیا,1,36743,0
شرق تهران,1,36743,0
یا,1,36743,0
خیابان تکه,1,36743,0
شهر فال,1,36743,0
محله رید,1,36743,0
شهریار احمداباد مستوفی,1,36743,0
محلتون چخبر,1,36743,0
کهریزک تجریش,1,36743,0
محله تخم کوچهها,1,36743,0
جاده تل رها,1,36743,0
باغ وحش صفادشت,1,36743,0
تالار قتل سگ سلاح گرم نقاهتگاه دماوند,1,36743,0
منطقه صنعت چهاردانگه,1,36743,0
گلبهار مشهد,1,36743,0
دماوند جزیره سیوری استانبول,1,36743,0
روستای گندک,1,36743,0
گلخانه,1,36743,0
خیابان ملک الموت,1,36743,0
قم دامشهر,1,36743,0
لار لو,1,36743,0
گرینلند,1,36743,0
ایران حومه اصفهان,1,36743,0
منطقه مشهد,1,36743,0
ایران زاگرس البرز,1,36743,0
قشم قشم,1,36743,0
منطقه ی ظفر تهران,1,36743,0
دودانگه ساری,1,36743,0
ترمز,1,36743,0
حمایت حیوانات مشهد,1,36743,0
ایالت تگزاس ایران,1,36743,0
فارس یزد اصفهان فارس,1,36743,0
پونه,1,36743,0
بانگ توکیو,1,36743,0
شیرکوه یزد ایران,1,36743,0
شهر قم جنوب تهران شهر تهران,1,36743,0
خوابگاه عدالت,1,36743,0
پارک باسیدون بوشهر,1,36743,0
شنب ول,1,36743,0
گوهردشت,1,36743,0
تهران تهران پارک جنگی سرخه,1,36743,0
پل گرد,1,36743,0
اروپا هتل کوبرگ وین,1,36743,0
هاول توکیو,1,36743,0
شهر قم مشهد ایران,1,36743,0
جاده قم,1,36743,0
دام شهر قم قم منطقه دامشهر قم,1,36743,0
پارک شیراز,1,36743,0
شهر نیاوران,1,36743,0
متحرک هاول شهر اشبح توکیو,1,36743,0
دریاچه ارومیه ایران دریای خزر خلیج فارس دریای کویر لوت نمک,1,36743,0
سیستان سیستان زابل,1,36743,0
خیابان ولیعصر خیابان شهیدی,1,36743,0
کویر سمنان دریاچه ارومیه,1,36743,0
خوزستان کرخه دز کرخه هور جنوب کشور,1,36743,0
رودخانه کشکان لرستان,1,36743,0
ایران لیبی تهران,1,36743,0
ساختمان کفایتی,1,36743,0
روستای ویر استان زنجان,1,36743,0
قم منطقه ی دامشهر,1,36743,0
شرق غرب غرب شرق,1,36743,0
منا هل,1,36743,0
شهرک دامشهر,1,36743,0
کهریزک,1,36743,0
دامشهر قم,1,36743,0
منطقه دامشهر,1,36743,0
پارس,1,36743,0
مشهد نیشابور,1,36743,0
بیمارستان شهدای قم,1,36743,0
شهرستان گلپایگان,1,36743,0
پنجشیر اندرا ب ورسج تخار,1,36743,0
ارزگان پنجشیر دره مرگ,1,36743,0
راوا لپ,1,36743,0
شهر کابل غون کابل کابل عربستان,1,36743,0
غرب نیویورک ایران,1,36743,0
صحرای کربلا دریاچه ارومیه,1,36743,0
خانه اقاجان,1,36743,0
خزر ایران,1,36743,0
مرز شلمچه,1,36743,0
ایران بهنام,1,36743,0
سوییس نیویورک ایران,1,36743,0
شرق اسیا,1,36743,0
محله حصار طرقبه,1,36743,0
تایتانیک,1,36743,0
دارین,1,36743,0
مازندران تهران,1,36743,0
رشت ایران ایران,1,36743,0
باکو تهران,1,36743,0
پارک معتادایی,1,36743,0
رامسر حومه,1,36743,0
گوس ال بلوچستان کورد ستان جهان,1,36743,0
یخچال کره مره,1,36743,0
گلشهر,1,36743,0
ایران استان هرمزگان,1,36743,0
کشور بلجی,1,36743,0
جهان المان جهان,1,36743,0
اذربایجان تبریز اردبیل غرب ایران,1,36743,0
ناحیه ی منطقه تهران,1,36743,0
ماله ایران جهان,1,36743,0
سرتون,1,36743,0
خ زمین,1,36743,0
ساندی س,1,36743,0
گلپایگان گلپایگان پارک شهر,1,36743,0
ایران کره زمین زمین کره زمین,1,36743,0
جزیره خارک ایران,1,36743,0
ایران نیمه غرب,1,36743,0
دنیا اکراین,1,36743,0
فروشگاه رفیقم,1,36743,0
جهان ایران المان مشهد مشهد,1,36743,0
اسراییل جهان جهان جهان,1,36743,0
جهان جنوب جهان,1,36743,0
جهان شرق,1,36743,0
فروشگاه هار,1,36743,0
جهان ایران پاریس,1,36743,0
شوروی ایران ایران,1,36743,0
کویرها ایران ایران,1,36743,0
عثمانی تبریز ایران تبریز,1,36743,0
چوسیه ماژور ارومیه,1,36743,0
ابسکون,1,36743,0
مخ نیسی,1,36743,0
اکراین جهان,1,36743,0
درە گم,1,36743,0
شرق غرب ایران جهان,1,36743,0
المان المان المان,1,36743,0
دزفول ایران,1,36743,0
بیهقی,1,36743,0
مملکت ایران دنیا,1,36743,0
شهر حج,1,36743,0
دنیا خوزستان عربستان,1,36743,0
لندن نیویورک ایران ایران,1,36743,0
ایران ماها,1,36743,0
همدان هگمتانه طبقه هگمتانه,1,36743,0
خیابان حقمون,1,36743,0
جهان کشورما,1,36743,0
سرب نیتسا پوت وچاری روستایی سربنیتسا,1,36743,0
سرب نیتسا شرق بوسنی,1,36743,0
دریاچه ارومیه اکراین,1,36743,0
خوزستان شمال شمالغرب,1,36743,0
غرب خاور میانه,1,36743,0
دشت واگذار سرچشمه هیرمند ایران سیستان دریاچه هامون,1,36743,0
شرق و جنوب اسیا,1,36743,0
گاری قايم تبریز تبریز,1,36743,0
رم بلوچستان مملکت بلوچستان رم شک بهشهر,1,36743,0
جهان بهداد اسکو,1,36743,0
عثمانی اذربایجان و باختری اذربایجان جهان,1,36743,0
ارومیه سلماس,1,36743,0
سوک سوک بشار اسد,1,36743,0
غرب پنجاه ایران,1,36743,0
جهان برلین,1,36743,0
ایالت متحده,1,36743,0
خونه هامون,1,36743,0
پاریس جهان,1,36743,0
خلیج فارس لالی,1,36743,0
خانه سالمندان,1,36743,0
کس شر,1,36743,0
موکا پات,1,36743,0
شمال تهران ایران,1,36743,0
کنتاکی,1,36743,0
ایران ایران شرق,1,36743,0
جهان خرابه قاجار,1,36743,0
شوروی استالین,1,36743,0
خل کو جوار کول کره دبیی لوروالی له کبله داسی انکیرنه کیری لس دی یوی پراخی لوری,1,36743,0
یهودا,1,36743,0
ماسال خاورمیانه ایران خاورمیانه,1,36743,0
بنی اسراییل,1,36743,0
کشور نروی,1,36743,0
دبی دنیا,1,36743,0
ایران جهان دنیا ایران,1,36743,0
جهان دبی برج خلیف,1,36743,0
خانه محله محله دختر قحطی میش,1,36743,0
دبی ایران,1,36743,0
جهان اروپا جهان اروپا,1,36743,0
بلاد بورن,1,36743,0
تهران تهران تهران تهران تهران,1,36743,0
شهر لواش ایران کنعان,1,36743,0
فروشگاه سپاه,1,36743,0
یچی,1,36743,0
کشتی تایتانیک,1,36743,0
عربستان ایران ایدانیها جهان جهان جهان,1,36743,0
اکراین اکراین شوروی شوروی,1,36743,0
البرتا,1,36743,0
گلوبال یستا,1,36743,0
هرم مازل,1,36743,0
گوهرشاد,1,36743,0
اتاق فرمان,1,36743,0
ایران دیدین,1,36743,0
مرکز پسماند چالوس پارک جنگلی ورگاویج سراوان,1,36743,0
استان گیلان شهرستان رودسر,1,36743,0
تهران گردنه تنباکوی مشیریه شهرک رضویه تنباکوی,1,36743,0
سراب قنبر کرمانشاه,1,36743,0
رودخانه سرباز پل فیروزاباد,1,36743,0
سینک کسشر,1,36743,0
مملکت جهان,1,36743,0
گیلان مازندران البرز البرز,1,36743,0
سوسنگرد سوسنگرد,1,36743,0
مریوان شهرستان شهروند منطقه قلعه مریوان,1,36743,0
متروپل پلاسکو مرکز پسماند سراوان متروپل ایران,1,36743,0
کربلا نجف,1,36743,0
توت کاب,1,36743,0
ایران منطقه شوش تهران,1,36743,0
خروج,1,36743,0
پناهگاه گند,1,36743,0
رشت زاهدان زوریخ,1,36743,0
پناهگاه سگ گندک دماوند,1,36743,0
گیلان استان گیلان لال,1,36743,0
نیوجرسی,1,36743,0
شهرک صنعت مامونیه,1,36743,0
شهرستان کهک,1,36743,0
منطقه کوهک,1,36743,0
جزیره خارگ جزیره خارگ ره,1,36743,0
شهرم دریا,1,36743,0
لنینگراد,1,36743,0
دیزی سرای روستا,1,36743,0
خوزستان تهران اصفهان,1,36743,0
اره قحطی اتشفشان بروم,1,36743,0
اروپا قم,1,36743,0
گاندو ایران,1,36743,0
پطر ولیم,1,36743,0
فروشگاه تهران مرکز استان شعبه لامصب,1,36743,0
خراسان هرات,1,36743,0
بامیان دایکندی,1,36743,0
شبه کوه,1,36743,0
شیرگاه,1,36743,0
قم قم حرم مطهر,1,36743,0
سرور سازمان پسماند شهرداری,1,36743,0
برج دادگستری,1,36743,0
رودخانه کرج کرج,1,36743,0
سرزمین عرب عربستان,1,36743,0
گیلان سراوان رشت رشت,1,36743,0
محله نازی تهران,1,36743,0
صو بی لوی یو چورلکه قلعه عبدالله ولسوالی خخه لیدنه کره ولسوالی له کوتی خخه,1,36743,0
مرکز مدیریت,1,36743,0
شهر استان مازندران مرکز رودخانه تلار,1,36743,0
منطقه غرب خانه بو,1,36743,0
خوزستان خوزستان دنیا خوزستان,1,36743,0
پزشکی رشت,1,36743,0
استادیوم گله ی چوپان,1,36743,0
گفتگو,1,36743,0
فروشگاه رفاه,1,36743,0
غرب لندن منو,1,36743,0
داووس,1,36743,0
هات ووه ایشا لا,1,36743,0
مراغه,1,36743,0
جهان لندن,1,36743,0
جهان جهان ایران خوی سلماس اذربایجان,1,36743,0
کوه یخ,1,36743,0
شول,1,36743,0
ایران دنیا جهان,1,36743,0
پیکاسکو ایران,1,36743,0
سرزمین کاسپین ایران شوروی,1,36743,0
پراگ اروپا,1,36743,0
هیر ا,1,36743,0
اذر تهران,1,36743,0
بیل یزد جهان,1,36743,0
سویا,1,36743,0
جهان کره,1,36743,0
ریاض واشنگتن,1,36743,0
کوه اورست,1,36743,0
ایران اباده,1,36743,0
میانه جهان,1,36743,0
خاور خپل,1,36743,0
اسراییل اسراییل ایران,1,36743,0
تبریز خراسان,1,36743,0
سراوان سراوان سراوان,1,36743,0
ابرکوه,1,36743,0
شهر تهران استان تهران,1,36743,0
روانسر,1,36743,0
فردی,1,36743,0
ایران م پتروشیمی گلپایگان,1,36743,0
ایران ایران زمین ایران,1,36743,0
سعیداباد,1,36743,0
منطقه سعیداباد گلپایگان,1,36743,0
شمال گلپایگان منطقه سعیداباد,1,36743,0
دریاچه جنوب تهران دریاچه,1,36743,0
منطقه خیابان دماوند متر اشراقی خاتم سرای محله اشراقی منطقه خیابان کمیل خ جیحون باشگاه حیدریان,1,36743,0
تهران حومه شهرستان اس,1,36743,0
شهر شادگان تالاب شادگان شادگان و ابادان تالاب شادگان,1,36743,0
امارات جهان,1,36743,0
فریدن,1,36743,0
شرق اذربایجان گیلان جهان خلخال گیلان گیلان تالش,1,36743,0
گلستان ایران ایران,1,36743,0
لاس لس قحطی سره مخ دی الله دی,1,36743,0
کاروانسرای اصفهان,1,36743,0
ایران کشور اکراین کشور المان,1,36743,0
جهان اروپا ایران عثمانی,1,36743,0
اونور م ایران,1,36743,0
بنگال اروپای,1,36743,0
ایران کشور اکراین,1,36743,0
ایران شوروی ایران شوروی,1,36743,0
اکراین اکراین,1,36743,0
یوز,1,36743,0
بانه,1,36743,0
لندن غرب وما هیت,1,36743,0
نا گون چار وک,1,36743,0
مدیترانه,1,36743,0
کرمانشاه قزوین,1,36743,0
کالو دن گریک هایلند ا چرنوبیل,1,36743,0
جهان اروپا ایران,1,36743,0
تهران ایران کربلا,1,36743,0
لنین,1,36743,0
کلانشهر زاهدان شهر زاهدان,1,36743,0
پیمان شانگهای,1,36743,0
جنوب اروپا فلات اناتولی اروپا,1,36743,0
جنوب غرب ایران ماله کشانی,1,36743,0
منطقه اذربایجان اذربایجان اذربایجان اذربایجان تبریز,1,36743,0
ایران اکراین,1,36743,0
ایران حله,1,36743,0
ایران طهران حومه طهران,1,36743,0
کنارم,1,36743,0
لانگ دیستنس,1,36743,0
اذربایجان سیستان و بلوچستان ایران,1,36743,0
ایران زمین لر فارس ایران,1,36743,0
بویو,1,36743,0
دلتا,1,36743,0
ایران المللی شهر بن المان,1,36743,0
کافه لوکا,1,36743,0
کول,1,36743,0
عجم ستان,1,36743,0
ایران شامات,1,36743,0
اذربایجان خوزستان,1,36743,0
باغ معدن دانه بیان خوزستان,1,36743,0
اذربایجان تفرش,1,36743,0
بندر الحدید حوثیها,1,36743,0
ایران سیر,1,36743,0
منطقه کله پاچه,1,36743,0
شمال کشور مشهد مشهد,1,36743,0
غرب اروپا,1,36743,0
اتن کرم کرونده,1,36743,0
امارات عربستان,1,36743,0
هاسورا,1,36743,0
مشهدم پارتیا,1,36743,0
ایران مازندران گیلان گلستان,1,36743,0
ارژانتین,1,36743,0
شیراز حافظیه,1,36743,0
غرب مسلموناس,1,36743,0
البرز کاسپین,1,36743,0
عثمانی قندیل,1,36743,0
شمال کشور گیلان مازندران جهان گیلان,1,36743,0
کشور مرده,1,36743,0
جهان اکراین اروپا,1,36743,0
شوروی اکراین چرنوبیل شوروی,1,36743,0
شرق اروپا,1,36743,0
مايو,1,36743,0
شمال جوج,1,36743,0
یدی اویلی بیر,1,36743,0
اروپا دنیا ایران,1,36743,0
چوار روژتر تیو شگه,1,36743,0
جهان تهران تهران,1,36743,0
دانشگاه مریلند,1,36743,0
اروپا ایران ایران,1,36743,0
کره خر اروپا دونی ت چرت,1,36743,0
نشابور,1,36743,0
فرنگ,1,36743,0
اسیا فسا,1,36743,0
افق کوروش,1,36743,0
جهان بودا جهان,1,36743,0
خانه مام قحطی,1,36743,0
روب,1,36743,0
نیو نیوی نیو نیو,1,36743,0
خوزستان خوزستان خوزستان جهان,1,36743,0
اروپای شرق,1,36743,0
ایران جهان اروپا جهان,1,36743,0
امستردام,1,36743,0
کوه,1,36743,0
کوروش,1,36743,0
کورش,1,36743,0
شرق غرب ایران,1,36743,0
تپه قسم,1,36743,0
جهان شوروی,1,36743,0
کیان اباد,1,36743,0
کاخ گلستان تهران ایران,1,36743,0
شرق غرب شهر اروپا ایران کره زمین,1,36743,0
دیار باقی,1,36743,0
ای ایران,1,36743,0
اناتولی,1,36743,0
منظورش ون ونک ایران,1,36743,0
تسو رید,1,36743,0
چابهار مشهد,1,36743,0
اروپای شرق بدبخت شرق المان,1,36743,0
شرق غرب زمین,1,36743,0
عزیز امون,1,36743,0
کوت کسشر,1,36743,0
شرق هیلی,1,36743,0
اوکر ايین المان,1,36743,0
غرب اشغالی خاورمیانه,1,36743,0
شرق غرب غرب,1,36743,0
کیف,1,36743,0
تایوان,1,36743,0
اکراین تایوان,1,36743,0
دنیا ایران جهان ایران خزر,1,36743,0
اورمیانه جهان,1,36743,0
سیستان ایران فارس اکراین,1,36743,0
المان المان المان جهان,1,36743,0
شهر قحطی تردیلا تردیلا,1,36743,0
مشهد مشهد قم,1,36743,0
خانه شانس کیری,1,36743,0
تورنتو دیت,1,36743,0
نازینسکی,1,36743,0
ایران قاجار,1,36743,0
غرب نایس,1,36743,0
کشور ایران جهان ایران ایران,1,36743,0
خیابان ا,1,36743,0
مدینه رامنحت ه سوله هغه کال یی عام الرماد دورو کال یی ورته ویل,1,36743,0
نیشاپور,1,36743,0
ترکمنچای گلستان,1,36743,0
شهر کفتارها,1,36743,0
چایخانه رضا,1,36743,0
قطب شمال قطب جنوب,1,36743,0
کره زمین زمین کره زمین,1,36743,0
ارض کربلا,1,36743,0
ن حیفا تل اویو,1,36743,0
توخ یا,1,36743,0
ونک,1,36743,0
سیرجان استان کرمان,1,36743,0
تیل و,1,36743,0
سوید,1,36743,0
کال سند,1,36743,0
کلانشهر زاهدان,1,36743,0
ایران غرب ایران جهان,1,36743,0
توکیو کابل ناورین سره,1,36743,0
زمین اروپای غرب,1,36743,0
شیرکاکايو,1,36743,0
ایران عثمانی,1,36743,0
المان کره زمین,1,36743,0
ایران نیوشا,1,36743,0
علاء الدوله,1,36743,0
کشور مولاها,1,36743,0
کانال سويز,1,36743,0
جهان ایران شمال غرب,1,36743,0
حمیدیه,1,36743,0
گوگوریو,1,36743,0
ایران لندن لندن لندن,1,36743,0
شرق و جنوبی کشور ایران,1,36743,0
کنعان,1,36743,0
عثمانی اذربایجان,1,36743,0
کره خاکی,1,36743,0
هنگ کنگ,1,36743,0
خانه پله هال,1,36743,0
خیابان دمشق تهران دمشق,1,36743,0
قلعه فتح,1,36743,0
دنیا شرق,1,36743,0
جهان اکراین جهان جهان ایران ایران,1,36743,0
مشرق زمین,1,36743,0
رید وم دره,1,36743,0
ایران زمین اروپا,1,36743,0
جهان ایران ایران تهران اصفهان شیراز,1,36743,0
جهان خاورمیانه خاورمیانه,1,36743,0
کشور اونور,1,36743,0
غرب شرق کشورمان شرق غرب اروپا خاورمیانه,1,36743,0
جنوا,1,36743,0
جهان جهان زمین جهان جهان,1,36743,0
جهان ایران جهان ایران,1,36743,0
اردبیل گیلان گیلان گیلان گیلان,1,36743,0
اروپای قرون وسطی,1,36743,0
بندر لاذقیه,1,36743,0
خوی,1,36743,0
قم شهر قم,1,36743,0
اروپا شرق غرب جهان ایران ایران,1,36743,0
المان جهان المان,1,36743,0
سرزمین ثروتمند,1,36743,0
اکراین لهستان,1,36743,0
هیش,1,36743,0
فروشگاه پل صدر,1,36743,0
شهر کورا,1,36743,0
اروپا جهان ایران ایران,1,36743,0
پرتقال,1,36743,0
غار دماوند,1,36743,0
جهان ایران تهران ایران تهران جهان,1,36743,0
تهران تهران ایران,1,36743,0
صحرای کربلای داداش ایران ایران,1,36743,0
ایستگاه توپخانه,1,36743,0
زرتشتیان,1,36743,0
بلخاب بلخ بلخ ولسوالی یکاولنگ,1,36743,0
کافه رامتین لنین,1,36743,0
کره زمین ایران جهان ایران ایرانیها,1,36743,0
اصفهان خوزستان لرستان,1,36743,0
احسان تهتری خادر جوروی سوون,1,36743,0
رواندا,1,36743,0
صحرای,1,36743,0
اشویتس داخايو ایران,1,36743,0
یزد ایران ایران,1,36743,0
خط مقدم خارک,1,36743,0
لومباردی,1,36743,0
بدخشان هرات پکتیا,1,36743,0
هیروشیما ناگازاکی بم بويین زهرا جهان میدان تیان,1,36743,0
شمال جنوب,1,36743,0
معبد امون,1,36743,0
شهر روستای قحطی,1,36743,0
خرمشهر اصفهان شیراز بهبهان,1,36743,0
مولداوی,1,36743,0
ریپل,1,36743,0
بودین جهان,1,36743,0
دنیام,1,36743,0
فارسان چهارمحال وبختیاری جهان ایران اهواز ایذه اهواز,1,36743,0
کره زمین جهان جهان زمین,1,36743,0
